16:15:34,Timestamp,Index,DataRate,PowerLevel
16:15:48,Timestamp,Index,DataRate,PowerLevel
16:16:06,Timestamp,Index,DataRate,PowerLevel
16:16:16,4814,2433,1,3
16:16:16,4823,2439,1,3
16:16:16,4835,2447,1,3
16:16:16,4838,2449,1,3
16:16:16,4840,2450,1,3
16:16:16,4844,2453,1,3
16:16:16,4846,2454,1,3
16:16:16,4847,2455,1,3
16:16:16,4855,2460,1,3
16:16:16,4863,2465,1,3
16:16:16,4864,2466,1,3
16:16:16,4866,2467,1,3
16:16:16,4869,2469,1,3
16:16:16,4872,2471,1,3
16:16:16,4875,2473,1,3
16:16:16,4877,2474,1,3
16:16:16,4878,2475,1,3
16:16:16,4881,2477,1,3
16:16:16,4883,2478,1,3
16:16:16,4884,2479,1,3
16:16:16,4894,2485,1,3
16:16:16,4903,2491,1,3
16:16:16,4905,2492,1,3
16:16:16,4908,2494,1,3
16:16:16,4909,2495,1,3
16:16:16,4911,2496,1,3
16:16:16,4915,2499,1,3
16:16:16,4922,2503,1,3
16:16:16,4923,2504,1,3
16:16:16,4928,2507,1,3
16:16:16,4931,2509,1,3
16:16:16,4935,2512,1,3
16:16:16,4943,2517,1,3
16:16:16,4948,2520,1,3
16:16:16,4954,2524,1,3
16:16:16,4957,2526,1,3
16:16:16,4960,2528,1,3
16:16:16,4963,2530,1,3
16:16:16,4965,2531,1,3
16:16:16,4974,2537,1,3
16:16:16,4983,2543,1,3
16:16:16,5008,2559,1,3
16:16:16,5031,2574,1,3
16:16:16,5045,2583,1,3
16:16:16,5056,2590,1,3
16:16:16,5079,2605,1,3
16:16:16,5093,2614,1,3
16:16:16,5102,2620,1,3
16:16:16,5138,2643,1,3
16:16:16,5153,2653,1,3
16:16:16,5161,2658,1,3
16:16:16,5167,2662,1,3
16:16:16,5190,2677,1,3
16:16:16,5205,2687,1,3
16:16:16,5209,2689,1,3
16:16:16,5212,2691,1,3
16:16:16,5219,2696,1,3
16:16:16,5221,2697,1,3
16:16:16,5224,2699,1,3
16:16:16,5233,2705,1,3
16:16:16,5241,2710,1,3
16:16:16,5247,2714,1,3
16:16:16,5258,2721,1,3
16:16:16,5269,2728,1,3
16:16:17,5275,2732,1,3
16:16:17,5276,2733,1,3
16:16:17,5278,2734,1,3
16:16:17,5283,2737,1,3
16:16:17,5286,2739,1,3
16:16:17,5293,2744,1,3
16:16:17,5295,2745,1,3
16:16:17,5298,2747,1,3
16:16:17,5300,2748,1,3
16:16:17,5306,2752,1,3
16:16:17,5310,2755,1,3
16:16:17,5327,2766,1,3
16:16:17,5329,2767,1,3
16:16:17,5341,2775,1,3
16:16:17,5344,2777,1,3
16:16:17,5346,2778,1,3
16:16:17,5355,2784,1,3
16:16:17,5357,2785,1,3
16:16:17,5363,2789,1,3
16:16:17,5364,2790,1,3
16:16:17,5366,2791,1,3
16:16:17,5369,2793,1,3
16:16:17,5380,2800,1,3
16:16:17,5383,2802,1,3
16:16:17,5392,2808,1,3
16:16:17,5395,2810,1,3
16:16:17,5397,2811,1,3
16:16:17,5408,2818,1,3
16:16:17,5414,2822,1,3
16:16:17,5420,2826,1,3
16:16:17,5426,2830,1,3
16:16:17,5435,2836,1,3
16:16:17,5474,2861,1,3
16:16:17,5486,2869,1,3
16:16:17,5909,3143,1,3
16:16:17,5934,3159,1,3
16:16:17,5943,3165,1,3
16:16:17,5952,3171,1,3
16:16:17,5957,3174,1,3
16:16:17,5958,3175,1,3
16:16:17,5971,3183,1,3
16:16:17,5972,3184,1,3
16:16:17,5974,3185,1,3
16:16:17,5982,3190,1,3
16:16:17,5983,3191,1,3
16:16:17,5988,3194,1,3
16:16:17,5991,3196,1,3
16:16:17,5997,3200,1,3
16:16:17,6000,3202,1,3
16:16:17,6002,3203,1,3
16:16:17,6005,3205,1,3
16:16:17,6006,3206,1,3
16:16:17,6008,3207,1,3
16:16:17,6009,3208,1,3
16:16:17,6012,3210,1,3
16:16:17,6017,3213,1,3
16:16:17,6023,3217,1,3
16:16:17,6025,3218,1,3
16:16:17,6032,3223,1,3
16:16:17,6034,3224,1,3
16:16:17,6037,3226,1,3
16:16:17,6039,3227,1,3
16:16:17,6040,3228,1,3
16:16:17,6042,3229,1,3
16:16:17,6051,3235,1,3
16:16:17,6053,3236,1,3
16:16:17,6054,3237,1,3
16:16:17,6059,3240,1,3
16:16:17,6065,3244,1,3
16:16:17,6068,3246,1,3
16:16:17,6071,3248,1,3
16:16:17,6073,3249,1,3
16:16:17,6091,3261,1,3
16:16:17,6099,3266,1,3
16:16:17,6174,3315,1,3
16:16:17,6190,3325,1,3
16:16:18,7131,3935,1,3
16:16:18,7142,3942,1,3
16:16:18,7148,3946,1,3
16:16:18,7165,3957,1,3
16:16:18,7171,3961,1,3
16:16:18,7174,3963,1,3
16:16:18,7177,3965,1,3
16:16:18,7180,3967,1,3
16:16:18,7191,3974,1,3
16:16:18,7197,3978,1,3
16:16:18,7239,4005,1,3
16:16:18,7241,4006,1,3
16:16:18,7251,4013,1,3
16:16:18,7259,4018,1,3
16:16:18,7261,4019,1,3
16:16:18,7264,4021,1,3
16:16:19,7270,4025,1,3
16:16:19,7281,4032,1,3
16:16:19,7288,4037,1,3
16:16:19,7296,4042,1,3
16:16:19,7313,4053,1,3
16:16:20,8544,4851,1,3
16:16:20,8548,4853,1,3
16:16:20,8555,4858,1,3
16:16:20,8565,4864,1,3
16:16:20,8575,4871,1,3
16:16:20,8577,4872,1,3
16:16:20,8585,4877,1,3
16:16:20,8594,4883,1,3
16:16:20,8595,4884,1,3
16:16:20,8597,4885,1,3
16:16:20,8600,4887,1,3
16:16:20,8622,4901,1,3
16:16:20,8623,4902,1,3
16:16:20,8632,4908,1,3
16:16:20,8634,4909,1,3
16:16:20,8636,4910,1,3
16:16:20,8637,4911,1,3
16:16:20,8645,4916,1,3
16:16:20,8652,4921,1,3
16:16:20,8660,4926,1,3
16:16:20,8682,4940,1,3
16:16:20,8683,4941,1,3
16:16:20,8688,4944,1,3
16:16:20,8719,4964,1,3
16:16:20,8725,4968,1,3
16:16:20,8734,4974,1,3
16:16:20,8742,4979,1,3
16:16:20,8798,5015,1,3
16:16:20,8810,5023,1,3
16:16:20,8819,5029,1,3
16:16:20,8839,5042,1,3
16:16:20,8872,5063,1,3
16:16:20,8901,5082,1,3
16:16:20,8933,5103,1,3
16:16:20,8936,5105,1,3
16:16:20,8941,5108,1,3
16:16:20,8944,5110,1,3
16:16:20,8956,5118,1,3
16:16:20,8989,5139,1,3
16:16:20,8990,5140,1,3
16:16:20,8998,5145,1,3
16:16:20,9000,5146,1,3
16:16:20,9001,5147,1,3
16:16:20,9003,5148,1,3
16:16:20,9004,5149,1,3
16:16:20,9007,5151,1,3
16:16:20,9012,5154,1,3
16:16:20,9014,5155,1,3
16:16:20,9020,5159,1,3
16:16:20,9021,5160,1,3
16:16:20,9023,5161,1,3
16:16:20,9029,5165,1,3
16:16:20,9035,5169,1,3
16:16:20,9043,5174,1,3
16:16:20,9046,5176,1,3
16:16:20,9058,5184,1,3
16:16:20,9060,5185,1,3
16:16:20,9063,5187,1,3
16:16:20,9071,5192,1,3
16:16:20,9072,5193,1,3
16:16:20,9078,5197,1,3
16:16:20,9083,5200,1,3
16:16:20,9086,5202,1,3
16:16:20,9089,5204,1,3
16:16:20,9091,5205,1,3
16:16:20,9094,5207,1,3
16:16:20,9100,5211,1,3
16:16:20,9106,5215,1,3
16:16:20,9108,5216,1,3
16:16:20,9114,5220,1,3
16:16:20,9115,5221,1,3
16:16:20,9120,5224,1,3
16:16:20,9125,5227,1,3
16:16:20,9132,5232,1,3
16:16:20,9137,5235,1,3
16:16:20,9146,5241,1,3
16:16:20,9168,5255,1,3
16:16:20,9176,5260,1,3
16:16:20,9183,5265,1,3
16:16:20,9199,5275,1,3
16:16:20,9211,5283,1,3
16:16:20,9217,5287,1,3
16:16:20,9225,5292,1,3
16:16:20,9239,5301,1,3
16:16:20,9240,5302,1,3
16:16:20,9242,5303,1,3
16:16:20,9243,5304,1,3
16:16:20,9256,5312,1,3
16:16:21,9271,5322,1,3
16:16:21,9285,5331,1,3
16:16:21,9293,5336,1,3
16:16:21,9302,5342,1,3
16:16:21,9314,5350,1,3
16:16:21,9319,5353,1,3
16:16:21,9331,5361,1,3
16:16:21,9333,5362,1,3
16:16:21,9338,5365,1,3
16:16:21,9350,5373,1,3
16:16:21,9351,5374,1,3
16:16:21,9359,5379,1,3
16:16:21,9367,5384,1,3
16:16:21,9372,5387,1,3
16:16:21,9378,5391,1,3
16:16:21,9379,5392,1,3
16:16:21,9387,5397,1,3
16:16:21,9393,5401,1,3
16:16:21,9402,5407,1,3
16:16:21,9415,5415,1,3
16:16:21,9416,5416,1,3
16:16:21,9419,5418,1,3
16:16:21,9427,5423,1,3
16:16:21,9433,5427,1,3
16:16:21,9438,5430,1,3
16:16:21,9458,5443,1,3
16:16:21,9463,5446,1,3
16:16:21,9469,5450,1,3
16:16:21,9475,5454,1,3
16:16:21,9489,5463,1,3
16:16:21,9501,5471,1,3
16:16:21,9504,5473,1,3
16:16:21,9507,5475,1,3
16:16:21,9509,5476,1,3
16:16:21,9518,5482,1,3
16:16:21,9526,5487,1,3
16:16:21,9544,5499,1,3
16:16:21,9561,5510,1,3
16:16:21,9567,5514,1,3
16:16:21,9572,5517,1,3
16:16:21,9575,5519,1,3
16:16:21,9592,5530,1,3
16:16:21,9614,5544,1,3
16:16:21,9625,5551,1,3
16:16:21,9660,5574,1,3
16:16:21,9663,5576,1,3
16:16:21,9674,5583,1,3
16:16:21,9691,5594,1,3
16:16:21,9748,5631,1,3
16:16:21,9754,5635,1,3
16:16:21,9763,5641,1,3
16:16:21,9773,5647,1,3
16:16:21,9784,5654,1,3
16:16:21,9804,5667,1,3
16:16:21,9817,5676,1,3
16:16:21,9819,5677,1,3
16:16:21,9824,5680,1,3
16:16:21,9827,5682,1,3
16:16:21,9830,5684,1,3
16:16:21,9831,5685,1,3
16:16:21,9853,5699,1,3
16:16:21,9865,5707,1,3
16:16:21,9875,5713,1,3
16:16:21,9876,5714,1,3
16:16:21,9888,5722,1,3
16:16:21,9904,5732,1,3
16:16:21,9915,5739,1,3
16:16:21,9918,5741,1,3
16:16:21,9919,5742,1,3
16:16:21,9922,5744,1,3
16:16:21,9932,5750,1,3
16:16:21,9933,5751,1,3
16:16:21,9936,5753,1,3
16:16:21,9946,5759,1,3
16:16:21,9950,5762,1,3
16:16:21,9967,5773,1,3
16:16:21,9972,5776,1,3
16:16:21,9981,5782,1,3
16:16:21,9993,5790,1,3
16:16:21,10004,5797,1,3
16:16:21,10033,5816,1,3
16:16:22,10459,6092,1,3
16:16:22,10464,6095,1,3
16:16:22,10467,6097,1,3
16:16:22,10478,6104,1,3
16:16:22,10479,6105,1,3
16:16:22,10486,6109,1,3
16:16:22,10487,6110,1,3
16:16:22,10501,6119,1,3
16:16:22,10503,6120,1,3
16:16:22,10535,6141,1,3
16:16:22,10538,6143,1,3
16:16:22,10543,6146,1,3
16:16:22,10546,6148,1,3
16:16:22,10564,6160,1,3
16:16:22,10567,6162,1,3
16:16:22,10570,6164,1,3
16:16:22,10580,6170,1,3
16:16:22,10594,6179,1,3
16:16:22,10612,6191,1,3
16:16:22,10618,6195,1,3
16:16:22,10726,6265,1,3
16:16:22,10753,6282,1,3
16:16:22,10754,6283,1,3
16:16:22,10859,6351,1,3
16:16:22,10915,6387,1,3
16:16:22,10925,6394,1,3
16:16:22,10928,6396,1,3
16:16:22,10936,6401,1,3
16:16:22,10941,6404,1,3
16:16:22,11001,6443,1,3
16:16:22,11092,6502,1,3
16:16:22,11171,6553,1,3
16:16:23,11323,6652,1,3
16:16:23,11456,6738,1,3
16:16:23,11529,6785,1,3
16:16:23,11581,6819,1,3
16:16:23,11592,6826,1,3
16:16:23,11629,6850,1,3
16:16:23,11738,6921,1,3
16:16:24,12461,7389,1,3
16:16:24,12508,7420,1,3
16:16:24,12513,7423,1,3
16:16:24,12518,7426,1,3
16:16:24,12529,7433,1,3
16:16:24,12530,7434,1,3
16:16:24,12538,7439,1,3
16:16:24,12539,7440,1,3
16:16:24,12545,7444,1,3
16:16:24,12558,7452,1,3
16:16:24,12562,7455,1,3
16:16:24,12569,7459,1,3
16:16:24,12570,7460,1,3
16:16:24,12575,7463,1,3
16:16:24,12583,7468,1,3
16:16:24,12586,7470,1,3
16:16:24,12589,7472,1,3
16:16:24,12590,7473,1,3
16:16:24,12593,7475,1,3
16:16:24,12599,7479,1,3
16:16:24,12603,7481,1,3
16:16:24,12606,7483,1,3
16:16:24,12615,7489,1,3
16:16:24,12626,7496,1,3
16:16:24,12641,7506,1,3
16:16:24,12649,7511,1,3
16:16:24,12652,7513,1,3
16:16:24,12664,7521,1,3
16:16:24,12686,7535,1,3
16:16:24,12691,7538,1,3
16:16:24,12708,7549,1,3
16:16:24,12723,7559,1,3
16:16:24,12728,7562,1,3
16:16:24,12729,7563,1,3
16:16:24,12734,7566,1,3
16:16:24,12737,7568,1,3
16:16:24,12748,7575,1,3
16:16:24,12749,7576,1,3
16:16:24,12769,7589,1,3
16:16:24,12795,7606,1,3
16:16:24,12800,7609,1,3
16:16:24,12817,7620,1,3
16:16:24,12820,7622,1,3
16:16:24,12822,7623,1,3
16:16:24,12825,7625,1,3
16:16:24,12828,7627,1,3
16:16:24,12834,7631,1,3
16:16:24,12837,7633,1,3
16:16:24,12840,7635,1,3
16:16:24,12842,7636,1,3
16:16:24,12849,7641,1,3
16:16:24,12853,7643,1,3
16:16:24,12856,7645,1,3
16:16:24,12866,7652,1,3
16:16:24,12871,7655,1,3
16:16:24,12880,7661,1,3
16:16:24,12882,7662,1,3
16:16:24,12896,7671,1,3
16:16:24,12897,7672,1,3
16:16:24,12916,7684,1,3
16:16:24,12917,7685,1,3
16:16:24,12924,7689,1,3
16:16:24,12940,7700,1,3
16:16:24,12945,7703,1,3
16:16:24,12961,7713,1,3
16:16:24,12962,7714,1,3
16:16:24,13008,7744,1,3
16:16:24,13010,7745,1,3
16:16:24,13042,7766,1,3
16:16:24,13053,7773,1,3
16:16:24,13056,7775,1,3
16:16:24,13075,7787,1,3
16:16:24,13113,7812,1,3
16:16:24,13118,7815,1,3
16:16:24,13127,7821,1,3
16:16:24,13130,7823,1,3
16:16:24,13141,7830,1,3
16:16:24,13155,7839,1,3
16:16:24,13166,7846,1,3
16:16:24,13173,7851,1,3
16:16:24,13175,7852,1,3
16:16:24,13200,7868,1,3
16:16:24,13201,7869,1,3
16:16:24,13204,7871,1,3
16:16:24,13206,7872,1,3
16:16:24,13215,7878,1,3
16:16:24,13218,7880,1,3
16:16:24,13223,7883,1,3
16:16:24,13238,7893,1,3
16:16:24,13243,7896,1,3
16:16:24,13252,7902,1,3
16:16:24,13257,7905,1,3
16:16:24,13260,7907,1,3
16:16:25,13278,7919,1,3
16:16:25,13311,7940,1,3
16:16:25,13320,7946,1,3
16:16:25,13328,7951,1,3
16:16:25,13334,7955,1,3
16:16:25,13336,7956,1,3
16:16:25,13337,7957,1,3
16:16:25,13342,7960,1,3
16:16:25,13351,7966,1,3
16:16:25,13360,7972,1,3
16:16:25,13366,7976,1,3
16:16:25,13399,7997,1,3
16:16:25,13402,7999,1,3
16:16:25,13403,8000,1,3
16:16:25,13405,8001,1,3
16:16:25,13417,8009,1,3
16:16:25,13425,8014,1,3
16:16:25,13427,8015,1,3
16:16:25,13436,8021,1,3
16:16:25,13444,8026,1,3
16:16:25,13454,8033,1,3
16:16:25,13456,8034,1,3
16:16:25,13470,8043,1,3
16:16:25,13484,8052,1,3
16:16:25,13490,8056,1,3
16:16:25,13491,8057,1,3
16:16:25,13498,8061,1,3
16:16:25,13501,8063,1,3
16:16:25,13507,8067,1,3
16:16:25,13518,8074,1,3
16:16:25,13525,8079,1,3
16:16:25,13545,8092,1,3
16:16:25,13547,8093,1,3
16:16:25,13568,8107,1,3
16:16:25,13572,8109,1,3
16:16:25,13590,8121,1,3
16:16:25,13599,8127,1,3
16:16:25,13612,8135,1,3
16:16:25,13615,8137,1,3
16:16:25,13626,8144,1,3
16:16:25,13632,8148,1,3
16:16:25,13638,8152,1,3
16:16:25,13641,8154,1,3
16:16:25,13643,8155,1,3
16:16:25,13647,8158,1,3
16:16:25,13664,8169,1,3
16:16:25,13669,8172,1,3
16:16:25,13673,8175,1,3
16:16:25,13675,8176,1,3
16:16:25,13677,8177,1,3
16:16:25,13678,8178,1,3
16:16:25,13680,8179,1,3
16:16:25,13698,8191,1,3
16:16:25,13703,8194,1,3
16:16:25,13710,8199,1,3
16:16:25,13712,8200,1,3
16:16:25,13718,8204,1,3
16:16:25,13721,8206,1,3
16:16:25,13724,8208,1,3
16:16:25,13727,8210,1,3
16:16:25,13731,8212,1,3
16:16:25,13732,8213,1,3
16:16:25,13734,8214,1,3
16:16:25,13735,8215,1,3
16:16:25,13737,8216,1,3
16:16:25,13752,8226,1,3
16:16:25,13760,8231,1,3
16:16:25,13764,8234,1,3
16:16:25,13766,8235,1,3
16:16:25,13768,8236,1,3
16:16:25,13771,8238,1,3
16:16:25,13772,8239,1,3
16:16:25,13794,8253,1,3
16:16:25,13808,8262,1,3
16:16:25,13814,8266,1,3
16:16:25,13817,8268,1,3
16:16:25,13822,8271,1,3
16:16:25,13826,8274,1,3
16:16:25,13829,8276,1,3
16:16:25,13834,8279,1,3
16:16:25,13835,8280,1,3
16:16:25,13845,8286,1,3
16:16:25,13848,8288,1,3
16:16:25,13852,8291,1,3
16:16:25,13854,8292,1,3
16:16:25,13862,8297,1,3
16:16:25,13866,8300,1,3
16:16:25,13872,8304,1,3
16:16:25,13879,8308,1,3
16:16:25,13885,8312,1,3
16:16:25,13886,8313,1,3
16:16:25,13909,8328,1,3
16:16:25,13914,8331,1,3
16:16:25,13920,8335,1,3
16:16:25,13928,8340,1,3
16:16:25,13933,8343,1,3
16:16:25,13934,8344,1,3
16:16:25,13936,8345,1,3
16:16:25,13939,8347,1,3
16:16:25,13940,8348,1,3
16:16:25,13945,8351,1,3
16:16:25,13950,8354,1,3
16:16:25,13951,8355,1,3
16:16:25,13957,8359,1,3
16:16:25,13965,8364,1,3
16:16:25,13967,8365,1,3
16:16:25,13968,8366,1,3
16:16:25,13973,8369,1,3
16:16:25,13979,8373,1,3
16:16:25,13987,8378,1,3
16:16:25,13988,8379,1,3
16:16:25,14005,8390,1,3
16:16:25,14013,8395,1,3
16:16:25,14016,8397,1,3
16:16:25,14019,8399,1,3
16:16:25,14033,8408,1,3
16:16:25,14041,8413,1,3
16:16:25,14042,8414,1,3
16:16:25,14050,8419,1,3
16:16:25,14056,8423,1,3
16:16:25,14062,8427,1,3
16:16:25,14067,8430,1,3
16:16:25,14072,8433,1,3
16:16:25,14073,8434,1,3
16:16:25,14076,8436,1,3
16:16:25,14078,8437,1,3
16:16:25,14079,8438,1,3
16:16:25,14081,8439,1,3
16:16:25,14084,8441,1,3
16:16:25,14088,8444,1,3
16:16:25,14093,8447,1,3
16:16:25,14098,8450,1,3
16:16:25,14116,8462,1,3
16:16:25,14126,8468,1,3
16:16:25,14132,8472,1,3
16:16:25,14142,8479,1,3
16:16:25,14161,8491,1,3
16:16:25,14164,8493,1,3
16:16:25,14167,8495,1,3
16:16:25,14169,8496,1,3
16:16:25,14176,8501,1,3
16:16:25,14180,8503,1,3
16:16:25,14184,8506,1,3
16:16:25,14195,8513,1,3
16:16:25,14204,8519,1,3
16:16:25,14207,8521,1,3
16:16:25,14210,8523,1,3
16:16:25,14220,8529,1,3
16:16:25,14223,8531,1,3
16:16:25,14227,8534,1,3
16:16:25,14230,8536,1,3
16:16:25,14243,8544,1,3
16:16:25,14255,8552,1,3
16:16:25,14258,8554,1,3
16:16:25,14263,8557,1,3
16:16:26,14281,8569,1,3
16:16:26,14284,8571,1,3
16:16:26,14288,8573,1,3
16:16:26,14289,8574,1,3
16:16:26,14300,8581,1,3
16:16:26,14315,8591,1,3
16:16:26,14320,8594,1,3
16:16:26,14326,8598,1,3
16:16:26,14331,8601,1,3
16:16:26,14338,8606,1,3
16:16:26,14340,8607,1,3
16:16:26,14352,8615,1,3
16:16:26,14360,8620,1,3
16:16:26,14368,8625,1,3
16:16:26,14372,8628,1,3
16:16:26,14383,8635,1,3
16:16:26,14391,8640,1,3
16:16:26,14392,8641,1,3
16:16:26,14402,8647,1,3
16:16:26,14403,8648,1,3
16:16:26,14408,8651,1,3
16:16:26,14409,8652,1,3
16:16:26,14423,8661,1,3
16:16:26,14431,8666,1,3
16:16:26,14433,8667,1,3
16:16:26,14439,8671,1,3
16:16:26,14456,8682,1,3
16:16:26,14459,8684,1,3
16:16:26,14460,8685,1,3
16:16:26,14462,8686,1,3
16:16:26,14470,8691,1,3
16:16:26,14471,8692,1,3
16:16:26,14473,8693,1,3
16:16:26,14485,8701,1,3
16:16:26,14487,8702,1,3
16:16:26,14490,8704,1,3
16:16:26,14491,8705,1,3
16:16:26,14493,8706,1,3
16:16:26,14496,8708,1,3
16:16:26,14499,8710,1,3
16:16:26,14500,8711,1,3
16:16:26,14502,8712,1,3
16:16:26,14504,8713,1,3
16:16:26,14505,8714,1,3
16:16:26,14507,8715,1,3
16:16:26,14511,8718,1,3
16:16:26,14514,8720,1,3
16:16:26,14517,8722,1,3
16:16:26,14519,8723,1,3
16:16:26,14528,8729,1,3
16:16:26,14530,8730,1,3
16:16:26,14541,8737,1,3
16:16:26,14545,8740,1,3
16:16:26,14547,8741,1,3
16:16:26,14550,8743,1,3
16:16:26,14553,8745,1,3
16:16:26,14554,8746,1,3
16:16:26,14564,8752,1,3
16:16:26,14567,8754,1,3
16:16:26,14570,8756,1,3
16:16:26,14575,8759,1,3
16:16:26,14579,8762,1,3
16:16:26,14581,8763,1,3
16:16:26,14582,8764,1,3
16:16:26,14587,8767,1,3
16:16:26,14588,8768,1,3
16:16:26,14590,8769,1,3
16:16:26,14596,8773,1,3
16:16:26,14599,8775,1,3
16:16:26,14601,8776,1,3
16:16:26,14604,8778,1,3
16:16:26,14605,8779,1,3
16:16:26,14607,8780,1,3
16:16:26,14610,8782,1,3
16:16:26,14615,8785,1,3
16:16:26,14616,8786,1,3
16:16:26,14618,8787,1,3
16:16:26,14621,8789,1,3
16:16:26,14624,8791,1,3
16:16:26,14627,8793,1,3
16:16:26,14629,8794,1,3
16:16:26,14632,8796,1,3
16:16:26,14633,8797,1,3
16:16:26,14641,8802,1,3
16:16:26,14644,8804,1,3
16:16:26,14646,8805,1,3
16:16:26,14647,8806,1,3
16:16:26,14653,8810,1,3
16:16:26,14658,8813,1,3
16:16:26,14661,8815,1,3
16:16:26,14662,8816,1,3
16:16:26,14664,8817,1,3
16:16:26,14666,8818,1,3
16:16:26,14673,8823,1,3
16:16:26,14675,8824,1,3
16:16:26,14678,8826,1,3
16:16:26,14679,8827,1,3
16:16:26,14681,8828,1,3
16:16:26,14684,8830,1,3
16:16:26,14686,8831,1,3
16:16:26,14687,8832,1,3
16:16:26,14690,8834,1,3
16:16:26,14692,8835,1,3
16:16:26,14693,8836,1,3
16:16:26,14698,8839,1,3
16:16:26,14700,8840,1,3
16:16:26,14701,8841,1,3
16:16:26,14706,8844,1,3
16:16:26,14707,8845,1,3
16:16:26,14712,8848,1,3
16:16:26,14713,8849,1,3
16:16:26,14720,8853,1,3
16:16:26,14727,8858,1,3
16:16:26,14735,8863,1,3
16:16:26,14741,8867,1,3
16:16:26,14750,8873,1,3
16:16:26,14752,8874,1,3
16:16:26,14755,8876,1,3
16:16:26,14761,8880,1,3
16:16:26,14766,8883,1,3
16:16:26,14767,8884,1,3
16:16:26,14772,8887,1,3
16:16:26,14774,8888,1,3
16:16:26,14775,8889,1,3
16:16:26,14777,8890,1,3
16:16:26,14778,8891,1,3
16:16:26,14783,8894,1,3
16:16:26,14784,8895,1,3
16:16:26,14787,8897,1,3
16:16:26,14795,8902,1,3
16:16:26,14797,8903,1,3
16:16:26,14798,8904,1,3
16:16:26,14803,8907,1,3
16:16:26,14806,8909,1,3
16:16:26,14811,8912,1,3
16:16:26,14814,8914,1,3
16:16:26,14815,8915,1,3
16:16:26,14821,8919,1,3
16:16:26,14823,8920,1,3
16:16:26,14825,8921,1,3
16:16:26,14826,8922,1,3
16:16:26,14828,8923,1,3
16:16:26,14829,8924,1,3
16:16:26,14835,8928,1,3
16:16:26,14838,8930,1,3
16:16:26,14845,8934,1,3
16:16:26,14846,8935,1,3
16:16:26,14855,8941,1,3
16:16:26,14857,8942,1,3
16:16:26,14858,8943,1,3
16:16:26,14860,8944,1,3
16:16:26,14863,8946,1,3
16:16:26,14865,8947,1,3
16:16:26,14866,8948,1,3
16:16:26,14868,8949,1,3
16:16:26,14869,8950,1,3
16:16:26,14871,8951,1,3
16:16:26,14874,8953,1,3
16:16:26,14877,8955,1,3
16:16:26,14880,8957,1,3
16:16:26,14882,8958,1,3
16:16:26,14883,8959,1,3
16:16:26,14885,8960,1,3
16:16:26,14886,8961,1,3
16:16:26,14888,8962,1,3
16:16:26,14889,8963,1,3
16:16:26,14892,8965,1,3
16:16:26,14895,8967,1,3
16:16:26,14899,8969,1,3
16:16:26,14900,8970,1,3
16:16:26,14902,8971,1,3
16:16:26,14914,8979,1,3
16:16:26,14916,8980,1,3
16:16:26,14919,8982,1,3
16:16:26,14922,8984,1,3
16:16:26,14923,8985,1,3
16:16:26,14926,8987,1,3
16:16:26,14928,8988,1,3
16:16:26,14929,8989,1,3
16:16:26,14931,8990,1,3
16:16:26,14933,8991,1,3
16:16:26,14936,8993,1,3
16:16:26,14937,8994,1,3
16:16:26,14939,8995,1,3
16:16:26,14940,8996,1,3
16:16:26,14942,8997,1,3
16:16:26,14943,8998,1,3
16:16:26,14945,8999,1,3
16:16:26,14948,9001,1,3
16:16:26,14949,9002,1,3
16:16:26,14953,9004,1,3
16:16:26,14957,9007,1,3
16:16:26,14960,9009,1,3
16:16:26,14963,9011,1,3
16:16:26,14965,9012,1,3
16:16:26,14970,9015,1,3
16:16:26,14971,9016,1,3
16:16:26,14973,9017,1,3
16:16:26,14979,9021,1,3
16:16:26,14980,9022,1,3
16:16:26,14985,9025,1,3
16:16:26,14987,9026,1,3
16:16:26,14991,9029,1,3
16:16:26,14997,9033,1,3
16:16:26,14999,9034,1,3
16:16:26,15000,9035,1,3
16:16:26,15002,9036,1,3
16:16:26,15007,9039,1,3
16:16:26,15010,9041,1,3
16:16:26,15014,9044,1,3
16:16:26,15016,9045,1,3
16:16:26,15019,9047,1,3
16:16:26,15022,9049,1,3
16:16:26,15024,9050,1,3
16:16:26,15025,9051,1,3
16:16:26,15030,9054,1,3
16:16:26,15031,9055,1,3
16:16:26,15033,9056,1,3
16:16:26,15036,9058,1,3
16:16:26,15039,9060,1,3
16:16:26,15041,9061,1,3
16:16:26,15042,9062,1,3
16:16:26,15045,9064,1,3
16:16:26,15051,9068,1,3
16:16:26,15056,9071,1,3
16:16:26,15059,9073,1,3
16:16:26,15067,9078,1,3
16:16:26,15068,9079,1,3
16:16:26,15076,9084,1,3
16:16:26,15079,9086,1,3
16:16:26,15081,9087,1,3
16:16:26,15082,9088,1,3
16:16:26,15084,9089,1,3
16:16:26,15085,9090,1,3
16:16:26,15090,9093,1,3
16:16:26,15093,9095,1,3
16:16:26,15095,9096,1,3
16:16:26,15096,9097,1,3
16:16:26,15098,9098,1,3
16:16:26,15099,9099,1,3
16:16:26,15101,9100,1,3
16:16:26,15102,9101,1,3
16:16:26,15104,9102,1,3
16:16:26,15105,9103,1,3
16:16:26,15108,9105,1,3
16:16:26,15110,9106,1,3
16:16:26,15116,9110,1,3
16:16:26,15119,9112,1,3
16:16:26,15122,9114,1,3
16:16:26,15124,9115,1,3
16:16:26,15136,9123,1,3
16:16:26,15138,9124,1,3
16:16:26,15145,9129,1,3
16:16:26,15149,9131,1,3
16:16:26,15150,9132,1,3
16:16:26,15155,9135,1,3
16:16:26,15156,9136,1,3
16:16:26,15158,9137,1,3
16:16:26,15159,9138,1,3
16:16:26,15161,9139,1,3
16:16:26,15162,9140,1,3
16:16:26,15164,9141,1,3
16:16:26,15166,9142,1,3
16:16:26,15167,9143,1,3
16:16:26,15172,9146,1,3
16:16:26,15173,9147,1,3
16:16:26,15175,9148,1,3
16:16:26,15176,9149,1,3
16:16:26,15179,9151,1,3
16:16:26,15181,9152,1,3
16:16:26,15187,9156,1,3
16:16:26,15189,9157,1,3
16:16:26,15190,9158,1,3
16:16:26,15193,9160,1,3
16:16:26,15196,9162,1,3
16:16:26,15199,9164,1,3
16:16:26,15204,9167,1,3
16:16:26,15206,9168,1,3
16:16:26,15207,9169,1,3
16:16:26,15209,9170,1,3
16:16:26,15212,9172,1,3
16:16:26,15216,9175,1,3
16:16:26,15220,9177,1,3
16:16:26,15223,9179,1,3
16:16:26,15224,9180,1,3
16:16:26,15230,9184,1,3
16:16:26,15232,9185,1,3
16:16:26,15236,9188,1,3
16:16:26,15240,9190,1,3
16:16:26,15241,9191,1,3
16:16:26,15246,9194,1,3
16:16:26,15249,9196,1,3
16:16:26,15250,9197,1,3
16:16:26,15252,9198,1,3
16:16:26,15253,9199,1,3
16:16:26,15255,9200,1,3
16:16:26,15263,9205,1,3
16:16:26,15266,9207,1,3
16:16:26,15269,9209,1,3
16:16:26,15270,9210,1,3
16:16:27,15272,9211,1,3
16:16:27,15275,9213,1,3
16:16:27,15277,9214,1,3
16:16:27,15278,9215,1,3
16:16:27,15280,9216,1,3
16:16:27,15281,9217,1,3
16:16:27,15283,9218,1,3
16:16:27,15284,9219,1,3
16:16:27,15286,9220,1,3
16:16:27,15289,9222,1,3
16:16:27,15290,9223,1,3
16:16:27,15292,9224,1,3
16:16:27,15294,9225,1,3
16:16:27,15295,9226,1,3
16:16:27,15297,9227,1,3
16:16:27,15300,9229,1,3
16:16:27,15301,9230,1,3
16:16:27,15303,9231,1,3
16:16:27,15306,9233,1,3
16:16:27,15309,9235,1,3
16:16:27,15311,9236,1,3
16:16:27,15314,9238,1,3
16:16:27,15315,9239,1,3
16:16:27,15318,9241,1,3
16:16:27,15320,9242,1,3
16:16:27,15321,9243,1,3
16:16:27,15324,9245,1,3
16:16:27,15326,9246,1,3
16:16:27,15329,9248,1,3
16:16:27,15331,9249,1,3
16:16:27,15332,9250,1,3
16:16:27,15334,9251,1,3
16:16:27,15337,9253,1,3
16:16:27,15338,9254,1,3
16:16:27,15340,9255,1,3
16:16:27,15341,9256,1,3
16:16:27,15346,9259,1,3
16:16:27,15348,9260,1,3
16:16:27,15351,9262,1,3
16:16:27,15352,9263,1,3
16:16:27,15354,9264,1,3
16:16:27,15355,9265,1,3
16:16:27,15360,9268,1,3
16:16:27,15363,9270,1,3
16:16:27,15366,9272,1,3
16:16:27,15368,9273,1,3
16:16:27,15369,9274,1,3
16:16:27,15371,9275,1,3
16:16:27,15372,9276,1,3
16:16:27,15374,9277,1,3
16:16:27,15375,9278,1,3
16:16:27,15386,9285,1,3
16:16:27,15395,9291,1,3
16:16:27,15399,9293,1,3
16:16:27,15402,9295,1,3
16:16:27,15405,9297,1,3
16:16:27,15408,9299,1,3
16:16:27,15415,9304,1,3
16:16:27,15419,9306,1,3
16:16:27,15423,9309,1,3
16:16:27,15425,9310,1,3
16:16:27,15426,9311,1,3
16:16:27,15434,9316,1,3
16:16:27,15437,9318,1,3
16:16:27,15445,9323,1,3
16:16:27,15446,9324,1,3
16:16:27,15448,9325,1,3
16:16:27,15449,9326,1,3
16:16:27,15453,9328,1,3
16:16:27,15460,9333,1,3
16:16:27,15462,9334,1,3
16:16:27,15473,9341,1,3
16:16:27,15479,9345,1,3
16:16:27,15483,9348,1,3
16:16:27,15494,9355,1,3
16:16:27,15497,9357,1,3
16:16:27,15505,9362,1,3
16:16:27,15513,9367,1,3
16:16:27,15528,9377,1,3
16:16:27,15534,9381,1,3
16:16:27,15540,9385,1,3
16:16:27,15545,9388,1,3
16:16:27,15559,9397,1,3
16:16:27,15565,9401,1,3
16:16:27,15570,9404,1,3
16:16:27,15571,9405,1,3
16:16:27,15579,9410,1,3
16:16:27,15585,9414,1,3
16:16:27,15599,9423,1,3
16:16:27,15613,9432,1,3
16:16:27,15630,9443,1,3
16:16:27,15631,9444,1,3
16:16:27,15662,9464,1,3
16:16:27,15665,9466,1,3
16:16:27,15667,9467,1,3
16:16:27,15685,9479,1,3
16:16:27,15699,9488,1,3
16:16:27,15713,9497,1,3
16:16:27,15732,9509,1,3
16:16:27,15752,9522,1,3
16:16:27,15753,9523,1,3
16:16:27,15760,9527,1,3
16:16:27,15764,9530,1,3
16:16:27,15783,9542,1,3
16:16:27,15807,9558,1,3
16:16:27,15820,9566,1,3
16:16:27,15831,9573,1,3
16:16:27,15869,9598,1,3
16:16:27,15877,9603,1,3
16:16:27,15881,9606,1,3
16:16:27,15918,9630,1,3
16:16:27,15922,9632,1,3
16:16:27,15929,9637,1,3
16:16:27,15934,9640,1,3
16:16:27,15940,9644,1,3
16:16:27,15946,9648,1,3
16:16:27,15954,9653,1,3
16:16:27,15956,9654,1,3
16:16:27,15960,9657,1,3
16:16:27,15962,9658,1,3
16:16:27,15969,9663,1,3
16:16:27,15972,9665,1,3
16:16:27,15976,9667,1,3
16:16:27,15979,9669,1,3
16:16:27,15983,9672,1,3
16:16:27,15985,9673,1,3
16:16:27,15989,9676,1,3
16:16:27,15996,9680,1,3
16:16:27,16000,9683,1,3
16:16:27,16005,9686,1,3
16:16:27,16006,9687,1,3
16:16:27,16013,9691,1,3
16:16:27,16017,9694,1,3
16:16:27,16019,9695,1,3
16:16:27,16020,9696,1,3
16:16:27,16027,9700,1,3
16:16:27,16034,9705,1,3
16:16:27,16037,9707,1,3
16:16:27,16040,9709,1,3
16:16:27,16042,9710,1,3
16:16:27,16043,9711,1,3
16:16:27,16068,9727,1,3
16:16:27,16085,9738,1,3
16:16:27,16088,9740,1,3
16:16:27,16093,9743,1,3
16:16:27,16094,9744,1,3
16:16:27,16110,9754,1,3
16:16:27,16135,9770,1,3
16:16:27,16139,9773,1,3
16:16:27,16142,9775,1,3
16:16:27,16144,9776,1,3
16:16:27,16147,9778,1,3
16:16:27,16148,9779,1,3
16:16:27,16153,9782,1,3
16:16:27,16158,9785,1,3
16:16:27,16167,9791,1,3
16:16:27,16168,9792,1,3
16:16:27,16178,9798,1,3
16:16:27,16181,9800,1,3
16:16:27,16184,9802,1,3
16:16:27,16192,9807,1,3
16:16:27,16210,9819,1,3
16:16:27,16213,9821,1,3
16:16:27,16222,9827,1,3
16:16:27,16229,9831,1,3
16:16:27,16236,9836,1,3
16:16:27,16249,9844,1,3
16:16:27,16253,9847,1,3
16:16:27,16256,9849,1,3
16:16:27,16261,9852,1,3
16:16:27,16263,9853,1,3
16:16:27,16267,9856,1,3
16:16:28,16281,9865,1,3
16:16:28,16284,9867,1,3
16:16:28,16290,9871,1,3
16:16:28,16297,9875,1,3
16:16:28,16301,9878,1,3
16:16:28,16309,9883,1,3
16:16:28,16320,9890,1,3
16:16:28,16329,9896,1,3
16:16:28,16332,9898,1,3
16:16:28,16335,9900,1,3
16:16:28,16337,9901,1,3
16:16:28,16340,9903,1,3
16:16:28,16355,9913,1,3
16:16:28,16357,9914,1,3
16:16:28,16363,9918,1,3
16:16:28,16366,9920,1,3
16:16:28,16368,9921,1,3
16:16:28,16378,9928,1,3
16:16:28,16384,9932,1,3
16:16:28,16394,9938,1,3
16:16:28,16398,9941,1,3
16:16:28,16400,9942,1,3
16:16:28,16401,9943,1,3
16:16:28,16403,9944,1,3
16:16:28,16418,9954,1,3
16:16:28,16423,9957,1,3
16:16:28,16431,9962,1,3
16:16:28,16437,9966,1,3
16:16:28,16442,9969,1,3
16:16:28,16443,9970,1,3
16:16:28,16455,9978,1,3
16:16:28,16468,9986,1,3
16:16:28,16491,10001,1,3
16:16:28,16492,10002,1,3
16:16:28,16503,10009,1,3
16:16:28,16514,10016,1,3
16:16:28,16516,10017,1,3
16:16:28,16523,10022,1,3
16:16:28,16525,10023,1,3
16:16:28,16526,10024,1,3
16:16:28,16528,10025,1,3
16:16:28,16534,10029,1,3
16:16:28,16546,10037,1,3
16:16:28,16556,10043,1,3
16:16:28,16565,10049,1,3
16:16:28,16568,10051,1,3
16:16:28,16570,10052,1,3
16:16:28,16574,10055,1,3
16:16:28,16579,10058,1,3
16:16:28,16584,10061,1,3
16:16:28,16599,10071,1,3
16:16:28,16602,10073,1,3
16:16:28,16611,10079,1,3
16:16:28,16613,10080,1,3
16:16:28,16617,10083,1,3
16:16:28,16638,10096,1,3
16:16:28,16642,10099,1,3
16:16:28,16645,10101,1,3
16:16:28,16658,10109,1,3
16:16:28,16661,10111,1,3
16:16:28,16665,10114,1,3
16:16:28,16671,10118,1,3
16:16:28,16676,10121,1,3
16:16:28,16681,10124,1,3
16:16:28,16682,10125,1,3
16:16:28,16701,10137,1,3
16:16:28,16709,10142,1,3
16:16:28,16712,10144,1,3
16:16:28,16716,10147,1,3
16:16:28,16718,10148,1,3
16:16:28,16721,10150,1,3
16:16:28,16742,10164,1,3
16:16:28,16759,10175,1,3
16:16:28,16763,10177,1,3
16:16:28,16769,10181,1,3
16:16:28,16770,10182,1,3
16:16:28,16773,10184,1,3
16:16:28,16776,10186,1,3
16:16:28,16786,10192,1,3
16:16:28,16790,10195,1,3
16:16:28,16800,10201,1,3
16:16:28,16813,10210,1,3
16:16:28,16815,10211,1,3
16:16:28,16818,10213,1,3
16:16:28,16829,10220,1,3
16:16:28,16832,10222,1,3
16:16:28,16833,10223,1,3
16:16:28,16835,10224,1,3
16:16:28,16840,10227,1,3
16:16:28,16846,10231,1,3
16:16:28,16850,10234,1,3
16:16:28,16852,10235,1,3
16:16:28,16867,10245,1,3
16:16:28,16871,10247,1,3
16:16:28,16877,10251,1,3
16:16:28,16889,10259,1,3
16:16:28,16892,10261,1,3
16:16:28,16894,10262,1,3
16:16:28,16901,10267,1,3
16:16:28,16904,10269,1,3
16:16:28,16912,10274,1,3
16:16:28,16915,10276,1,3
16:16:28,16932,10287,1,3
16:16:28,16934,10288,1,3
16:16:28,16937,10290,1,3
16:16:28,16943,10294,1,3
16:16:28,16957,10303,1,3
16:16:28,16960,10305,1,3
16:16:28,16962,10306,1,3
16:16:28,16963,10307,1,3
16:16:28,16971,10312,1,3
16:16:28,16972,10313,1,3
16:16:28,16989,10324,1,3
16:16:28,16992,10326,1,3
16:16:28,17005,10334,1,3
16:16:28,17009,10337,1,3
16:16:28,17033,10352,1,3
16:16:28,17068,10375,1,3
16:16:28,17070,10376,1,3
16:16:28,17080,10383,1,3
16:16:28,17082,10384,1,3
16:16:28,17094,10392,1,3
16:16:28,17102,10397,1,3
16:16:28,17110,10402,1,3
16:16:28,17114,10405,1,3
16:16:28,17122,10410,1,3
16:16:28,17141,10422,1,3
16:16:28,17144,10424,1,3
16:16:28,17153,10430,1,3
16:16:28,17162,10436,1,3
16:16:28,17173,10443,1,3
16:16:28,17205,10464,1,3
16:16:28,17221,10474,1,3
16:16:28,17222,10475,1,3
16:16:28,17224,10476,1,3
16:16:28,17235,10483,1,3
16:16:28,17264,10502,1,3
16:16:29,17276,10510,1,3
16:16:29,17330,10545,1,3
16:16:29,17367,10569,1,3
16:16:29,17377,10575,1,3
16:16:29,17387,10582,1,3
16:16:29,17421,10604,1,3
16:16:29,17445,10619,1,3
16:16:29,17457,10627,1,3
16:16:29,17460,10629,1,3
16:16:29,17469,10635,1,3
16:16:29,17514,10664,1,3
16:16:29,17543,10683,1,3
16:16:29,17548,10686,1,3
16:16:29,17549,10687,1,3
16:16:29,17559,10693,1,3
16:16:29,17562,10695,1,3
16:16:29,17570,10700,1,3
16:16:29,17571,10701,1,3
16:16:29,17574,10703,1,3
16:16:29,17576,10704,1,3
16:16:29,17577,10705,1,3
16:16:29,17579,10706,1,3
16:16:29,17583,10709,1,3
16:16:29,17590,10713,1,3
16:16:29,17597,10718,1,3
16:16:29,17600,10720,1,3
16:16:29,17608,10725,1,3
16:16:29,17614,10729,1,3
16:16:29,17619,10732,1,3
16:16:29,17620,10733,1,3
16:16:29,17624,10735,1,3
16:16:29,17628,10738,1,3
16:16:29,17630,10739,1,3
16:16:29,17639,10745,1,3
16:16:29,17650,10752,1,3
16:16:29,17653,10754,1,3
16:16:29,17656,10756,1,3
16:16:29,17659,10758,1,3
16:16:29,17661,10759,1,3
16:16:29,17664,10761,1,3
16:16:29,17667,10763,1,3
16:16:29,17668,10764,1,3
16:16:29,17671,10766,1,3
16:16:29,17673,10767,1,3
16:16:29,17674,10768,1,3
16:16:29,17678,10770,1,3
16:16:29,17687,10776,1,3
16:16:29,17690,10778,1,3
16:16:29,17693,10780,1,3
16:16:29,17699,10784,1,3
16:16:29,17701,10785,1,3
16:16:29,17704,10787,1,3
16:16:29,17715,10794,1,3
16:16:29,17721,10798,1,3
16:16:29,17722,10799,1,3
16:16:29,17724,10800,1,3
16:16:29,17727,10802,1,3
16:16:29,17733,10806,1,3
16:16:29,17735,10807,1,3
16:16:29,17736,10808,1,3
16:16:29,17738,10809,1,3
16:16:29,17742,10812,1,3
16:16:29,17744,10813,1,3
16:16:29,17745,10814,1,3
16:16:29,17750,10817,1,3
16:16:29,17752,10818,1,3
16:16:29,17755,10820,1,3
16:16:29,17758,10822,1,3
16:16:29,17759,10823,1,3
16:16:29,17762,10825,1,3
16:16:29,17772,10831,1,3
16:16:29,17775,10833,1,3
16:16:29,17776,10834,1,3
16:16:29,17778,10835,1,3
16:16:29,17784,10839,1,3
16:16:29,17787,10841,1,3
16:16:29,17792,10844,1,3
16:16:29,17793,10845,1,3
16:16:29,17795,10846,1,3
16:16:29,17796,10847,1,3
16:16:29,17803,10851,1,3
16:16:29,17809,10855,1,3
16:16:29,17813,10858,1,3
16:16:29,17824,10865,1,3
16:16:29,17826,10866,1,3
16:16:29,17830,10869,1,3
16:16:29,17835,10872,1,3
16:16:29,17838,10874,1,3
16:16:29,17840,10875,1,3
16:16:29,17841,10876,1,3
16:16:29,17846,10879,1,3
16:16:29,17847,10880,1,3
16:16:29,17875,10898,1,3
16:16:29,17877,10899,1,3
16:16:29,17883,10903,1,3
16:16:29,17887,10906,1,3
16:16:29,17906,10918,1,3
16:16:29,17912,10922,1,3
16:16:29,17915,10924,1,3
16:16:29,17917,10925,1,3
16:16:29,17926,10931,1,3
16:16:29,17929,10933,1,3
16:16:29,17932,10935,1,3
16:16:29,17938,10939,1,3
16:16:29,17941,10941,1,3
16:16:29,17951,10947,1,3
16:16:29,17966,10957,1,3
16:16:29,17968,10958,1,3
16:16:29,17972,10961,1,3
16:16:29,17975,10963,1,3
16:16:29,17986,10970,1,3
16:16:29,17988,10971,1,3
16:16:29,17989,10972,1,3
16:16:29,17995,10976,1,3
16:16:29,17998,10978,1,3
16:16:29,18000,10979,1,3
16:16:29,18002,10980,1,3
16:16:29,18003,10981,1,3
16:16:29,18005,10982,1,3
16:16:29,18006,10983,1,3
16:16:29,18009,10985,1,3
16:16:29,18011,10986,1,3
16:16:29,18017,10990,1,3
16:16:29,18020,10992,1,3
16:16:29,18022,10993,1,3
16:16:29,18023,10994,1,3
16:16:29,18026,10996,1,3
16:16:29,18029,10998,1,3
16:16:29,18031,10999,1,3
16:16:29,18037,11003,1,3
16:16:29,18039,11004,1,3
16:16:29,18040,11005,1,3
16:16:29,18042,11006,1,3
16:16:29,18043,11007,1,3
16:16:29,18045,11008,1,3
16:16:29,18046,11009,1,3
16:16:29,18049,11011,1,3
16:16:29,18051,11012,1,3
16:16:29,18054,11014,1,3
16:16:29,18056,11015,1,3
16:16:29,18059,11017,1,3
16:16:29,18062,11019,1,3
16:16:29,18063,11020,1,3
16:16:29,18066,11022,1,3
16:16:29,18073,11026,1,3
16:16:29,18074,11027,1,3
16:16:29,18076,11028,1,3
16:16:29,18080,11031,1,3
16:16:29,18082,11032,1,3
16:16:29,18083,11033,1,3
16:16:29,18085,11034,1,3
16:16:29,18086,11035,1,3
16:16:29,18094,11040,1,3
16:16:29,18097,11042,1,3
16:16:29,18100,11044,1,3
16:16:29,18102,11045,1,3
16:16:29,18105,11047,1,3
16:16:29,18106,11048,1,3
16:16:29,18108,11049,1,3
16:16:29,18123,11059,1,3
16:16:29,18130,11063,1,3
16:16:29,18133,11065,1,3
16:16:29,18147,11074,1,3
16:16:29,18153,11078,1,3
16:16:29,18156,11080,1,3
16:16:29,18159,11082,1,3
16:16:29,18165,11086,1,3
16:16:29,18171,11090,1,3
16:16:29,18177,11094,1,3
16:16:29,18179,11095,1,3
16:16:29,18187,11100,1,3
16:16:29,18190,11102,1,3
16:16:29,18193,11104,1,3
16:16:29,18198,11107,1,3
16:16:29,18201,11109,1,3
16:16:29,18202,11110,1,3
16:16:29,18208,11114,1,3
16:16:29,18215,11118,1,3
16:16:29,18216,11119,1,3
16:16:29,18218,11120,1,3
16:16:29,18219,11121,1,3
16:16:29,18225,11125,1,3
16:16:29,18227,11126,1,3
16:16:29,18231,11129,1,3
16:16:29,18233,11130,1,3
16:16:29,18236,11132,1,3
16:16:29,18245,11138,1,3
16:16:29,18250,11141,1,3
16:16:29,18252,11142,1,3
16:16:29,18261,11148,1,3
16:16:29,18262,11149,1,3
16:16:29,18264,11150,1,3
16:16:29,18265,11151,1,3
16:16:30,18272,11155,1,3
16:16:30,18273,11156,1,3
16:16:30,18276,11158,1,3
16:16:30,18279,11160,1,3
16:16:30,18282,11162,1,3
16:16:30,18284,11163,1,3
16:16:30,18285,11164,1,3
16:16:30,18289,11166,1,3
16:16:30,18290,11167,1,3
16:16:30,18293,11169,1,3
16:16:30,18295,11170,1,3
16:16:30,18298,11172,1,3
16:16:30,18299,11173,1,3
16:16:30,18307,11178,1,3
16:16:30,18309,11179,1,3
16:16:30,18310,11180,1,3
16:16:30,18313,11182,1,3
16:16:30,18315,11183,1,3
16:16:30,18319,11186,1,3
16:16:30,18321,11187,1,3
16:16:30,18323,11188,1,3
16:16:30,18329,11192,1,3
16:16:30,18330,11193,1,3
16:16:30,18332,11194,1,3
16:16:30,18336,11197,1,3
16:16:30,18338,11198,1,3
16:16:30,18339,11199,1,3
16:16:30,18341,11200,1,3
16:16:30,18346,11203,1,3
16:16:30,18349,11205,1,3
16:16:30,18350,11206,1,3
16:16:30,18353,11208,1,3
16:16:30,18356,11210,1,3
16:16:30,18361,11213,1,3
16:16:30,18375,11222,1,3
16:16:30,18381,11226,1,3
16:16:30,18383,11227,1,3
16:16:30,18384,11228,1,3
16:16:30,18387,11230,1,3
16:16:30,18392,11233,1,3
16:16:30,18394,11234,1,3
16:16:30,18395,11235,1,3
16:16:30,18397,11236,1,3
16:16:30,18401,11239,1,3
16:16:30,18403,11240,1,3
16:16:30,18404,11241,1,3
16:16:30,18414,11247,1,3
16:16:30,18420,11251,1,3
16:16:30,18421,11252,1,3
16:16:30,18426,11255,1,3
16:16:30,18429,11257,1,3
16:16:30,18434,11260,1,3
16:16:30,18437,11262,1,3
16:16:30,18438,11263,1,3
16:16:30,18440,11264,1,3
16:16:30,18444,11267,1,3
16:16:30,18446,11268,1,3
16:16:30,18452,11272,1,3
16:16:30,18457,11275,1,3
16:16:30,18458,11276,1,3
16:16:30,18460,11277,1,3
16:16:30,18472,11285,1,3
16:16:30,18478,11289,1,3
16:16:30,18486,11294,1,3
16:16:30,18489,11296,1,3
16:16:30,18491,11297,1,3
16:16:30,18492,11298,1,3
16:16:30,18500,11303,1,3
16:16:30,18508,11308,1,3
16:16:30,18509,11309,1,3
16:16:30,18511,11310,1,3
16:16:30,18517,11314,1,3
16:16:30,18518,11315,1,3
16:16:30,18525,11319,1,3
16:16:30,18526,11320,1,3
16:16:30,18531,11323,1,3
16:16:30,18535,11326,1,3
16:16:30,18540,11329,1,3
16:16:30,18545,11332,1,3
16:16:30,18554,11338,1,3
16:16:30,18565,11345,1,3
16:16:30,18569,11348,1,3
16:16:30,18571,11349,1,3
16:16:30,18576,11352,1,3
16:16:30,18583,11357,1,3
16:16:30,18593,11363,1,3
16:16:30,18597,11366,1,3
16:16:30,18606,11372,1,3
16:16:30,18610,11374,1,3
16:16:30,18613,11376,1,3
16:16:30,18614,11377,1,3
16:16:30,18620,11381,1,3
16:16:30,18626,11385,1,3
16:16:30,18642,11395,1,3
16:16:30,18647,11398,1,3
16:16:30,18648,11399,1,3
16:16:30,18668,11412,1,3
16:16:30,18677,11418,1,3
16:16:30,18687,11424,1,3
16:16:30,18696,11430,1,3
16:16:30,18697,11431,1,3
16:16:30,18701,11433,1,3
16:16:30,18704,11435,1,3
16:16:30,18722,11447,1,3
16:16:30,18724,11448,1,3
16:16:30,18727,11450,1,3
16:16:30,18730,11452,1,3
16:16:30,18731,11453,1,3
16:16:30,18741,11459,1,3
16:16:30,18747,11463,1,3
16:16:30,18750,11465,1,3
16:16:30,18751,11466,1,3
16:16:30,18764,11474,1,3
16:16:30,18775,11481,1,3
16:16:30,18787,11489,1,3
16:16:30,18792,11492,1,3
16:16:30,18796,11495,1,3
16:16:30,18798,11496,1,3
16:16:30,18799,11497,1,3
16:16:30,18801,11498,1,3
16:16:30,18809,11503,1,3
16:16:30,18819,11510,1,3
16:16:30,18830,11517,1,3
16:16:30,18836,11521,1,3
16:16:30,18841,11524,1,3
16:16:30,18843,11525,1,3
16:16:30,18846,11527,1,3
16:16:30,18847,11528,1,3
16:16:30,18852,11531,1,3
16:16:30,18856,11534,1,3
16:16:30,18859,11536,1,3
16:16:30,18863,11538,1,3
16:16:30,18869,11542,1,3
16:16:30,18870,11543,1,3
16:16:30,18872,11544,1,3
16:16:30,18881,11550,1,3
16:16:30,18883,11551,1,3
16:16:30,18895,11559,1,3
16:16:30,18898,11561,1,3
16:16:30,18903,11564,1,3
16:16:30,18920,11575,1,3
16:16:30,18941,11589,1,3
16:16:30,18946,11592,1,3
16:16:30,18957,11599,1,3
16:16:30,18960,11601,1,3
16:16:30,18972,11609,1,3
16:16:30,18980,11614,1,3
16:16:30,18981,11615,1,3
16:16:30,18983,11616,1,3
16:16:30,18984,11617,1,3
16:16:30,18988,11619,1,3
16:16:30,18994,11623,1,3
16:16:30,18997,11625,1,3
16:16:30,19005,11630,1,3
16:16:30,19006,11631,1,3
16:16:30,19008,11632,1,3
16:16:30,19011,11634,1,3
16:16:30,19023,11642,1,3
16:16:30,19034,11649,1,3
16:16:30,19037,11651,1,3
16:16:30,19040,11653,1,3
16:16:30,19043,11655,1,3
16:16:30,19049,11659,1,3
16:16:30,19057,11664,1,3
16:16:30,19059,11665,1,3
16:16:30,19071,11673,1,3
16:16:30,19072,11674,1,3
16:16:30,19076,11676,1,3
16:16:30,19080,11679,1,3
16:16:30,19082,11680,1,3
16:16:30,19086,11683,1,3
16:16:30,19096,11689,1,3
16:16:30,19100,11692,1,3
16:16:30,19116,11702,1,3
16:16:30,19119,11704,1,3
16:16:30,19120,11705,1,3
16:16:30,19126,11709,1,3
16:16:30,19133,11713,1,3
16:16:30,19134,11714,1,3
16:16:30,19136,11715,1,3
16:16:30,19142,11719,1,3
16:16:30,19143,11720,1,3
16:16:30,19146,11722,1,3
16:16:30,19153,11726,1,3
16:16:30,19157,11729,1,3
16:16:30,19162,11732,1,3
16:16:30,19176,11741,1,3
16:16:30,19193,11752,1,3
16:16:30,19196,11754,1,3
16:16:30,19197,11755,1,3
16:16:30,19208,11762,1,3
16:16:30,19213,11765,1,3
16:16:31,19214,11766,1,3
16:16:31,19216,11767,1,3
16:16:31,19217,11768,1,3
16:16:31,19222,11771,1,3
16:16:31,19224,11772,1,3
16:16:31,19228,11775,1,3
16:16:31,19230,11776,1,3
16:16:31,19231,11777,1,3
16:16:31,19234,11779,1,3
16:16:31,19236,11780,1,3
16:16:31,19239,11782,1,3
16:16:31,19245,11786,1,3
16:16:31,19247,11787,1,3
16:16:31,19256,11793,1,3
16:16:31,19259,11795,1,3
16:16:31,19261,11796,1,3
16:16:31,19264,11798,1,3
16:16:31,19265,11799,1,3
16:16:31,19267,11800,1,3
16:16:31,19273,11804,1,3
16:16:31,19276,11806,1,3
16:16:31,19278,11807,1,3
16:16:31,19281,11809,1,3
16:16:31,19298,11820,1,3
16:16:31,19302,11823,1,3
16:16:31,19304,11824,1,3
16:16:31,19305,11825,1,3
16:16:31,19312,11829,1,3
16:16:31,19322,11836,1,3
16:16:31,19327,11839,1,3
16:16:31,19329,11840,1,3
16:16:31,19336,11845,1,3
16:16:31,19347,11852,1,3
16:16:31,19364,11863,1,3
16:16:31,19366,11864,1,3
16:16:31,19367,11865,1,3
16:16:31,19369,11866,1,3
16:16:31,19370,11867,1,3
16:16:31,19373,11869,1,3
16:16:31,19375,11870,1,3
16:16:31,19378,11872,1,3
16:16:31,19379,11873,1,3
16:16:31,19386,11877,1,3
16:16:31,19387,11878,1,3
16:16:31,19390,11880,1,3
16:16:31,19410,11893,1,3
16:16:31,19415,11896,1,3
16:16:31,19420,11899,1,3
16:16:31,19426,11903,1,3
16:16:31,19449,11918,1,3
16:16:31,19460,11925,1,3
16:16:31,19467,11930,1,3
16:16:31,19478,11937,1,3
16:16:31,19501,11952,1,3
16:16:31,19514,11960,1,3
16:16:31,19523,11966,1,3
16:16:31,19537,11975,1,3
16:16:31,19542,11978,1,3
16:16:31,19543,11979,1,3
16:16:31,19549,11983,1,3
16:16:31,19551,11984,1,3
16:16:31,19552,11985,1,3
16:16:31,19558,11989,1,3
16:16:31,19568,11995,1,3
16:16:31,19577,12001,1,3
16:16:31,19579,12002,1,3
16:16:31,19582,12004,1,3
16:16:31,19588,12008,1,3
16:16:31,19600,12016,1,3
16:16:31,19602,12017,1,3
16:16:31,19609,12022,1,3
16:16:31,19614,12025,1,3
16:16:31,19620,12029,1,3
16:16:31,19628,12034,1,3
16:16:31,19634,12038,1,3
16:16:31,19643,12044,1,3
16:16:31,19653,12050,1,3
16:16:31,19682,12069,1,3
16:16:31,19683,12070,1,3
16:16:31,19687,12072,1,3
16:16:31,19694,12077,1,3
16:16:31,19700,12081,1,3
16:16:31,19724,12096,1,3
16:16:31,19730,12100,1,3
16:16:31,19737,12105,1,3
16:16:31,19742,12108,1,3
16:16:31,19750,12113,1,3
16:16:31,19753,12115,1,3
16:16:31,19758,12118,1,3
16:16:31,19761,12120,1,3
16:16:31,19762,12121,1,3
16:16:31,19764,12122,1,3
16:16:31,19765,12123,1,3
16:16:31,19770,12126,1,3
16:16:31,19781,12133,1,3
16:16:31,19788,12138,1,3
16:16:31,19793,12141,1,3
16:16:31,19795,12142,1,3
16:16:31,19798,12144,1,3
16:16:31,19808,12151,1,3
16:16:31,19813,12154,1,3
16:16:31,19818,12157,1,3
16:16:31,19819,12158,1,3
16:16:31,19821,12159,1,3
16:16:31,19824,12161,1,3
16:16:31,19832,12166,1,3
16:16:31,19833,12167,1,3
16:16:31,19836,12169,1,3
16:16:31,19844,12174,1,3
16:16:31,19845,12175,1,3
16:16:31,19850,12178,1,3
16:16:31,19852,12179,1,3
16:16:31,19858,12183,1,3
16:16:31,19861,12185,1,3
16:16:31,19862,12186,1,3
16:16:31,19867,12189,1,3
16:16:31,19870,12191,1,3
16:16:31,19878,12196,1,3
16:16:31,19881,12198,1,3
16:16:31,19883,12199,1,3
16:16:31,19893,12206,1,3
16:16:31,19896,12208,1,3
16:16:31,19899,12210,1,3
16:16:31,19907,12215,1,3
16:16:31,19913,12219,1,3
16:16:31,19916,12221,1,3
16:16:31,19923,12225,1,3
16:16:31,19929,12229,1,3
16:16:31,19932,12231,1,3
16:16:31,19935,12233,1,3
16:16:31,19940,12236,1,3
16:16:31,19943,12238,1,3
16:16:31,19947,12241,1,3
16:16:31,19955,12246,1,3
16:16:31,19957,12247,1,3
16:16:31,19961,12250,1,3
16:16:31,19966,12253,1,3
16:16:31,19969,12255,1,3
16:16:31,19989,12268,1,3
16:16:31,19991,12269,1,3
16:16:31,20000,12275,1,3
16:16:31,20015,12285,1,3
16:16:31,20032,12296,1,3
16:16:31,20043,12303,1,3
16:16:31,20049,12307,1,3
16:16:31,20057,12312,1,3
16:16:31,20058,12313,1,3
16:16:31,20062,12315,1,3
16:16:31,20068,12319,1,3
16:16:31,20077,12325,1,3
16:16:31,20082,12328,1,3
16:16:31,20083,12329,1,3
16:16:31,20085,12330,1,3
16:16:31,20100,12340,1,3
16:16:31,20102,12341,1,3
16:16:31,20111,12347,1,3
16:16:31,20116,12350,1,3
16:16:31,20117,12351,1,3
16:16:31,20119,12352,1,3
16:16:31,20123,12355,1,3
16:16:31,20142,12367,1,3
16:16:31,20151,12373,1,3
16:16:31,20154,12375,1,3
16:16:31,20159,12378,1,3
16:16:31,20171,12386,1,3
16:16:31,20179,12391,1,3
16:16:31,20193,12400,1,3
16:16:31,20213,12413,1,3
16:16:31,20231,12425,1,3
16:16:31,20247,12435,1,3
16:16:31,20251,12438,1,3
16:16:31,20253,12439,1,3
16:16:31,20261,12444,1,3
16:16:32,20281,12457,1,3
16:16:32,20298,12468,1,3
16:16:32,20319,12482,1,3
16:16:32,20339,12495,1,3
16:16:32,20347,12500,1,3
16:16:32,20358,12507,1,3
16:16:32,20362,12510,1,3
16:16:32,20365,12512,1,3
16:16:32,20373,12517,1,3
16:16:32,20378,12520,1,3
16:16:32,20381,12522,1,3
16:16:32,20395,12531,1,3
16:16:32,20410,12541,1,3
16:16:32,20412,12542,1,3
16:16:32,20430,12554,1,3
16:16:32,20432,12555,1,3
16:16:32,20475,12583,1,3
16:16:32,20478,12585,1,3
16:16:32,20484,12589,1,3
16:16:32,20486,12590,1,3
16:16:32,20489,12592,1,3
16:16:32,20498,12598,1,3
16:16:32,20504,12602,1,3
16:16:32,20535,12622,1,3
16:16:32,20537,12623,1,3
16:16:32,20538,12624,1,3
16:16:32,20540,12625,1,3
16:16:32,20551,12632,1,3
16:16:32,20565,12641,1,3
16:16:32,20571,12645,1,3
16:16:32,20585,12654,1,3
16:16:32,20588,12656,1,3
16:16:32,20591,12658,1,3
16:16:32,20612,12672,1,3
16:16:32,20614,12673,1,3
16:16:32,20634,12686,1,3
16:16:32,20637,12688,1,3
16:16:32,20639,12689,1,3
16:16:32,20648,12695,1,3
16:16:32,20652,12698,1,3
16:16:32,20656,12700,1,3
16:16:32,20666,12707,1,3
16:16:32,20669,12709,1,3
16:16:32,20676,12713,1,3
16:16:32,20677,12714,1,3
16:16:32,20680,12716,1,3
16:16:32,20683,12718,1,3
16:16:32,20686,12720,1,3
16:16:32,20716,12739,1,3
16:16:32,20719,12741,1,3
16:16:32,20740,12755,1,3
16:16:32,20750,12761,1,3
16:16:32,20770,12774,1,3
16:16:32,20774,12777,1,3
16:16:32,20781,12781,1,3
16:16:32,20787,12785,1,3
16:16:32,20794,12790,1,3
16:16:32,20796,12791,1,3
16:16:32,20805,12797,1,3
16:16:32,20810,12800,1,3
16:16:32,20813,12802,1,3
16:16:32,20816,12804,1,3
16:16:32,20822,12808,1,3
16:16:32,20830,12813,1,3
16:16:32,20836,12817,1,3
16:16:32,20841,12820,1,3
16:16:32,20844,12822,1,3
16:16:32,20848,12825,1,3
16:16:32,20855,12829,1,3
16:16:32,20884,12848,1,3
16:16:32,20885,12849,1,3
16:16:32,20893,12854,1,3
16:16:32,20902,12860,1,3
16:16:32,20930,12878,1,3
16:16:32,20932,12879,1,3
16:16:32,20933,12880,1,3
16:16:32,20941,12885,1,3
16:16:32,20943,12886,1,3
16:16:32,20944,12887,1,3
16:16:32,20956,12895,1,3
16:16:32,20973,12906,1,3
16:16:32,20975,12907,1,3
16:16:32,20980,12910,1,3
16:16:32,20987,12915,1,3
16:16:32,20997,12921,1,3
16:16:32,20998,12922,1,3
16:16:32,21004,12926,1,3
16:16:32,21009,12929,1,3
16:16:32,21021,12937,1,3
16:16:32,21037,12947,1,3
16:16:32,21049,12955,1,3
16:16:32,21063,12964,1,3
16:16:32,21066,12966,1,3
16:16:32,21071,12969,1,3
16:16:32,21080,12975,1,3
16:16:32,21081,12976,1,3
16:16:32,21086,12979,1,3
16:16:32,21095,12985,1,3
16:16:32,21098,12987,1,3
16:16:32,21102,12989,1,3
16:16:32,21112,12996,1,3
16:16:32,21152,13022,1,3
16:16:32,21156,13024,1,3
16:16:32,21160,13027,1,3
16:16:32,21162,13028,1,3
16:16:32,21180,13040,1,3
16:16:32,21189,13046,1,3
16:16:32,21203,13055,1,3
16:16:32,21220,13066,1,3
16:16:32,21226,13070,1,3
16:16:32,21240,13079,1,3
16:16:32,21242,13080,1,3
16:16:32,21254,13088,1,3
16:16:32,21265,13095,1,3
16:16:32,21267,13096,1,3
16:16:32,21270,13098,1,3
16:16:33,21277,13103,1,3
16:16:33,21279,13104,1,3
16:16:33,21284,13107,1,3
16:16:33,21287,13109,1,3
16:16:33,21296,13115,1,3
16:16:33,21311,13125,1,3
16:16:33,21313,13126,1,3
16:16:33,21328,13136,1,3
16:16:33,21348,13149,1,3
16:16:33,21355,13153,1,3
16:16:33,21356,13154,1,3
16:16:33,21364,13159,1,3
16:16:33,21405,13186,1,3
16:16:33,21419,13195,1,3
16:16:33,21441,13209,1,3
16:16:33,21444,13211,1,3
16:16:33,21456,13219,1,3
16:16:33,21480,13234,1,3
16:16:33,21509,13253,1,3
16:16:33,21510,13254,1,3
16:16:33,21543,13275,1,3
16:16:33,21547,13278,1,3
16:16:33,21554,13282,1,3
16:16:33,21615,13322,1,3
16:16:33,21618,13324,1,3
16:16:33,21629,13331,1,3
16:16:33,21631,13332,1,3
16:16:33,21649,13344,1,3
16:16:33,21669,13357,1,3
16:16:33,21691,13371,1,3
16:16:33,21696,13374,1,3
16:16:33,21742,13404,1,3
16:16:33,21773,13424,1,3
16:16:33,21776,13426,1,3
16:16:33,21804,13444,1,3
16:16:33,21811,13449,1,3
16:16:33,21847,13472,1,3
16:16:33,21864,13483,1,3
16:16:33,21870,13487,1,3
16:16:33,21907,13511,1,3
16:16:33,21925,13523,1,3
16:16:33,21953,13541,1,3
16:16:33,21984,13561,1,3
16:16:33,21992,13566,1,3
16:16:33,22009,13577,1,3
16:16:33,22024,13587,1,3
16:16:33,22098,13635,1,3
16:16:33,22103,13638,1,3
16:16:33,22137,13660,1,3
16:16:33,22195,13698,1,3
16:16:33,22208,13706,1,3
16:16:33,22225,13717,1,3
16:16:33,22237,13725,1,3
16:16:33,22259,13739,1,3
16:16:33,22263,13742,1,3
16:16:34,22277,13751,1,3
16:16:34,22283,13755,1,3
16:16:34,22299,13765,1,3
16:16:34,22305,13769,1,3
16:16:34,22307,13770,1,3
16:16:34,22308,13771,1,3
16:16:34,22331,13786,1,3
16:16:34,22333,13787,1,3
16:16:34,22336,13789,1,3
16:16:34,22354,13801,1,3
16:16:34,22356,13802,1,3
16:16:34,22359,13804,1,3
16:16:34,22361,13805,1,3
16:16:34,22362,13806,1,3
16:16:34,22418,13842,1,3
16:16:34,22439,13856,1,3
16:16:34,22442,13858,1,3
16:16:34,22444,13859,1,3
16:16:34,22445,13860,1,3
16:16:34,22483,13884,1,3
16:16:34,22484,13885,1,3
16:16:34,22498,13894,1,3
16:16:34,22501,13896,1,3
16:16:34,22543,13923,1,3
16:16:34,22558,13933,1,3
16:16:34,22561,13935,1,3
16:16:34,22563,13936,1,3
16:16:34,22564,13937,1,3
16:16:34,22567,13939,1,3
16:16:34,22584,13950,1,3
16:16:34,22603,13962,1,3
16:16:34,22609,13966,1,3
16:16:34,22614,13969,1,3
16:16:34,22615,13970,1,3
16:16:34,22618,13972,1,3
16:16:34,22620,13973,1,3
16:16:34,22629,13979,1,3
16:16:34,22637,13984,1,3
16:16:34,22663,14001,1,3
16:16:34,22672,14007,1,3
16:16:34,22682,14013,1,3
16:16:34,22685,14015,1,3
16:16:34,22686,14016,1,3
16:16:34,22688,14017,1,3
16:16:34,22689,14018,1,3
16:16:34,22691,14019,1,3
16:16:34,22692,14020,1,3
16:16:34,22705,14028,1,3
16:16:34,22717,14036,1,3
16:16:34,22723,14040,1,3
16:16:34,22731,14045,1,3
16:16:34,22734,14047,1,3
16:16:34,22736,14048,1,3
16:16:34,22746,14055,1,3
16:16:34,22756,14061,1,3
16:16:34,22768,14069,1,3
16:16:34,22769,14070,1,3
16:16:34,22791,14084,1,3
16:16:34,22796,14087,1,3
16:16:34,22807,14094,1,3
16:16:34,22824,14105,1,3
16:16:34,22825,14106,1,3
16:16:34,22828,14108,1,3
16:16:34,22844,14118,1,3
16:16:34,22847,14120,1,3
16:16:34,22870,14135,1,3
16:16:34,22871,14136,1,3
16:16:34,22874,14138,1,3
16:16:34,22879,14141,1,3
16:16:34,22899,14154,1,3
16:16:34,22904,14157,1,3
16:16:34,22916,14165,1,3
16:16:34,22927,14172,1,3
16:16:34,22948,14186,1,3
16:16:34,22952,14188,1,3
16:16:34,23012,14227,1,3
16:16:34,23024,14235,1,3
16:16:34,23026,14236,1,3
16:16:34,23040,14245,1,3
16:16:34,23041,14246,1,3
16:16:34,23050,14252,1,3
16:16:34,23056,14256,1,3
16:16:34,23058,14257,1,3
16:16:34,23066,14262,1,3
16:16:34,23089,14277,1,3
16:16:34,23097,14282,1,3
16:16:34,23104,14287,1,3
16:16:34,23126,14301,1,3
16:16:34,23129,14303,1,3
16:16:34,23168,14328,1,3
16:16:34,23175,14333,1,3
16:16:34,23200,14349,1,3
16:16:34,23212,14357,1,3
16:16:34,23215,14359,1,3
16:16:34,23220,14362,1,3
16:16:34,23226,14366,1,3
16:16:34,23235,14372,1,3
16:16:34,23237,14373,1,3
16:16:34,23252,14383,1,3
16:16:35,23297,14412,1,3
16:16:35,23308,14419,1,3
16:16:35,23322,14428,1,3
16:16:35,23328,14432,1,3
16:16:35,23337,14438,1,3
16:16:35,23340,14440,1,3
16:16:35,23342,14441,1,3
16:16:35,23360,14453,1,3
16:16:35,23408,14484,1,3
16:16:35,23411,14486,1,3
16:16:35,23422,14493,1,3
16:16:35,23467,14522,1,3
16:16:35,23493,14539,1,3
16:16:35,23507,14548,1,3
16:16:35,23512,14551,1,3
16:16:35,23515,14553,1,3
16:16:35,23538,14568,1,3
16:16:35,23558,14581,1,3
16:16:35,23563,14584,1,3
16:16:35,23595,14605,1,3
16:16:35,23641,14635,1,3
16:16:35,23663,14649,1,3
16:16:35,23678,14659,1,3
16:16:35,23714,14682,1,3
16:16:35,23746,14703,1,3
16:16:35,23752,14707,1,3
16:16:35,23757,14710,1,3
16:16:35,23797,14736,1,3
16:16:35,23808,14743,1,3
16:16:35,23819,14750,1,3
16:16:35,23856,14774,1,3
16:16:35,23904,14805,1,3
16:16:35,23917,14814,1,3
16:16:35,23962,14843,1,3
16:16:35,23984,14857,1,3
16:16:35,23992,14862,1,3
16:16:35,23998,14866,1,3
16:16:35,23999,14867,1,3
16:16:35,24009,14873,1,3
16:16:35,24021,14881,1,3
16:16:35,24032,14888,1,3
16:16:35,24050,14900,1,3
16:16:35,24056,14904,1,3
16:16:35,24058,14905,1,3
16:16:35,24067,14911,1,3
16:16:35,24076,14917,1,3
16:16:35,24092,14927,1,3
16:16:35,24093,14928,1,3
16:16:35,24120,14945,1,3
16:16:35,24132,14953,1,3
16:16:35,24135,14955,1,3
16:16:35,24154,14967,1,3
16:16:35,24158,14970,1,3
16:16:35,24160,14971,1,3
16:16:35,24163,14973,1,3
16:16:35,24166,14975,1,3
16:16:35,24174,14980,1,3
16:16:35,24192,14992,1,3
16:16:35,24208,15002,1,3
16:16:35,24209,15003,1,3
16:16:35,24214,15006,1,3
16:16:35,24229,15016,1,3
16:16:35,24232,15018,1,3
16:16:35,24251,15030,1,3
16:16:35,24268,15041,1,3
16:16:35,24269,15042,1,3
16:16:36,24283,15051,1,3
16:16:36,24296,15059,1,3
16:16:36,24316,15072,1,3
16:16:36,24317,15073,1,3
16:16:36,24322,15076,1,3
16:16:36,24326,15079,1,3
16:16:36,24337,15086,1,3
16:16:36,24360,15101,1,3
16:16:36,24368,15106,1,3
16:16:36,24410,15133,1,3
16:16:36,24416,15137,1,3
16:16:36,24427,15144,1,3
16:16:36,24458,15164,1,3
16:16:36,24481,15179,1,3
16:16:36,24487,15183,1,3
16:16:36,24519,15204,1,3
16:16:36,24524,15207,1,3
16:16:36,24529,15210,1,3
16:16:36,24553,15226,1,3
16:16:36,24556,15228,1,3
16:16:36,24566,15234,1,3
16:16:36,24576,15241,1,3
16:16:36,24621,15270,1,3
16:16:36,24632,15277,1,3
16:16:36,24644,15285,1,3
16:16:36,24669,15301,1,3
16:16:36,24674,15304,1,3
16:16:36,24680,15308,1,3
16:16:36,24683,15310,1,3
16:16:36,24684,15311,1,3
16:16:36,24703,15323,1,3
16:16:36,24711,15328,1,3
16:16:36,24740,15347,1,3
16:16:36,24743,15349,1,3
16:16:36,24745,15350,1,3
16:16:36,24746,15351,1,3
16:16:36,24748,15352,1,3
16:16:36,24749,15353,1,3
16:16:36,24762,15361,1,3
16:16:36,24766,15364,1,3
16:16:36,24775,15370,1,3
16:16:36,24778,15372,1,3
16:16:36,24791,15380,1,3
16:16:36,24794,15382,1,3
16:16:36,24816,15396,1,3
16:16:36,24823,15401,1,3
16:16:36,24825,15402,1,3
16:16:36,24829,15405,1,3
16:16:36,24831,15406,1,3
16:16:36,24837,15410,1,3
16:16:36,24849,15418,1,3
16:16:36,24853,15420,1,3
16:16:36,24862,15426,1,3
16:16:36,24868,15430,1,3
16:16:36,24883,15440,1,3
16:16:36,24887,15442,1,3
16:16:36,24903,15453,1,3
16:16:36,24911,15458,1,3
16:16:36,24913,15459,1,3
16:16:36,24914,15460,1,3
16:16:36,24917,15462,1,3
16:16:36,24919,15463,1,3
16:16:36,24924,15466,1,3
16:16:36,24934,15473,1,3
16:16:36,24936,15474,1,3
16:16:36,24947,15481,1,3
16:16:36,24951,15484,1,3
16:16:36,24953,15485,1,3
16:16:36,24954,15486,1,3
16:16:36,24959,15489,1,3
16:16:36,24968,15495,1,3
16:16:36,24970,15496,1,3
16:16:36,24971,15497,1,3
16:16:36,24973,15498,1,3
16:16:36,24985,15506,1,3
16:16:36,24998,15514,1,3
16:16:36,24999,15515,1,3
16:16:36,25001,15516,1,3
16:16:36,25002,15517,1,3
16:16:36,25019,15528,1,3
16:16:36,25021,15529,1,3
16:16:36,25024,15531,1,3
16:16:36,25049,15547,1,3
16:16:36,25053,15550,1,3
16:16:36,25067,15559,1,3
16:16:36,25069,15560,1,3
16:16:36,25075,15564,1,3
16:16:36,25078,15566,1,3
16:16:36,25093,15576,1,3
16:16:36,25098,15579,1,3
16:16:36,25099,15580,1,3
16:16:36,25101,15581,1,3
16:16:36,25110,15587,1,3
16:16:36,25120,15593,1,3
16:16:36,25123,15595,1,3
16:16:36,25141,15607,1,3
16:16:36,25144,15609,1,3
16:16:36,25146,15610,1,3
16:16:36,25160,15619,1,3
16:16:36,25170,15626,1,3
16:16:36,25184,15635,1,3
16:16:36,25190,15639,1,3
16:16:36,25198,15644,1,3
16:16:36,25212,15653,1,3
16:16:36,25220,15658,1,3
16:16:36,25228,15663,1,3
16:16:36,25243,15673,1,3
16:16:36,25252,15679,1,3
16:16:36,25254,15680,1,3
16:16:36,25255,15681,1,3
16:16:37,25280,15697,1,3
16:16:37,25285,15700,1,3
16:16:37,25292,15705,1,3
16:16:37,25295,15707,1,3
16:16:37,25297,15708,1,3
16:16:37,25302,15711,1,3
16:16:37,25319,15722,1,3
16:16:37,25320,15723,1,3
16:16:37,25323,15725,1,3
16:16:37,25373,15757,1,3
16:16:37,25400,15775,1,3
16:16:37,25407,15779,1,3
16:16:37,25431,15795,1,3
16:16:37,25445,15804,1,3
16:16:37,25450,15807,1,3
16:16:37,25451,15808,1,3
16:16:37,25461,15814,1,3
16:16:37,25470,15820,1,3
16:16:37,25476,15824,1,3
16:16:37,25488,15832,1,3
16:16:37,25491,15834,1,3
16:16:37,25499,15839,1,3
16:16:37,25501,15840,1,3
16:16:37,25510,15846,1,3
16:16:37,25511,15847,1,3
16:16:37,25527,15857,1,3
16:16:37,25531,15860,1,3
16:16:37,25541,15866,1,3
16:16:37,25545,15869,1,3
16:16:37,25547,15870,1,3
16:16:37,25548,15871,1,3
16:16:37,25552,15873,1,3
16:16:37,25564,15881,1,3
16:16:37,25565,15882,1,3
16:16:37,25567,15883,1,3
16:16:37,25581,15892,1,3
16:16:37,25584,15894,1,3
16:16:37,25598,15903,1,3
16:16:37,25602,15906,1,3
16:16:37,25607,15909,1,3
16:16:37,25610,15911,1,3
16:16:37,25621,15918,1,3
16:16:37,25627,15922,1,3
16:16:37,25636,15928,1,3
16:16:37,25646,15934,1,3
16:16:37,25647,15935,1,3
16:16:37,25656,15941,1,3
16:16:37,25664,15946,1,3
16:16:37,25666,15947,1,3
16:16:37,25675,15953,1,3
16:16:37,25678,15955,1,3
16:16:37,25690,15963,1,3
16:16:37,25695,15966,1,3
16:16:37,25701,15970,1,3
16:16:37,25703,15971,1,3
16:16:37,25710,15976,1,3
16:16:37,25727,15987,1,3
16:16:37,25748,16000,1,3
16:16:37,25755,16005,1,3
16:16:37,25758,16007,1,3
16:16:37,25760,16008,1,3
16:16:37,25774,16017,1,3
16:16:37,25777,16019,1,3
16:16:37,25778,16020,1,3
16:16:37,25785,16024,1,3
16:16:37,25789,16027,1,3
16:16:37,25794,16030,1,3
16:16:37,25800,16034,1,3
16:16:37,25802,16035,1,3
16:16:37,25808,16039,1,3
16:16:37,25812,16042,1,3
16:16:37,25822,16048,1,3
16:16:37,25825,16050,1,3
16:16:37,25839,16059,1,3
16:16:37,25848,16065,1,3
16:16:37,25857,16071,1,3
16:16:37,25862,16074,1,3
16:16:37,25883,16088,1,3
16:16:37,25888,16091,1,3
16:16:37,25922,16113,1,3
16:16:37,25940,16125,1,3
16:16:37,25951,16132,1,3
16:16:37,25964,16140,1,3
16:16:37,25973,16146,1,3
16:16:37,25977,16149,1,3
16:16:37,25984,16153,1,3
16:16:37,25993,16159,1,3
16:16:37,26010,16170,1,3
16:16:37,26024,16179,1,3
16:16:37,26039,16189,1,3
16:16:37,26050,16196,1,3
16:16:37,26055,16199,1,3
16:16:37,26059,16202,1,3
16:16:37,26072,16210,1,3
16:16:37,26098,16227,1,3
16:16:37,26146,16258,1,3
16:16:37,26150,16261,1,3
16:16:37,26161,16268,1,3
16:16:37,26178,16279,1,3
16:16:37,26192,16288,1,3
16:16:37,26218,16305,1,3
16:16:37,26238,16318,1,3
16:16:37,26243,16321,1,3
16:16:37,26244,16322,1,3
16:16:37,26251,16326,1,3
16:16:37,26254,16328,1,3
16:16:37,26263,16334,1,3
16:16:38,26280,16345,1,3
16:16:38,26281,16346,1,3
16:16:38,26309,16364,1,3
16:16:38,26317,16369,1,3
16:16:38,26318,16370,1,3
16:16:38,26325,16374,1,3
16:16:38,26343,16386,1,3
16:16:38,26345,16387,1,3
16:16:38,26346,16388,1,3
16:16:38,26349,16390,1,3
16:16:38,26354,16393,1,3
16:16:38,26369,16403,1,3
16:16:38,26371,16404,1,3
16:16:38,26374,16406,1,3
16:16:38,26379,16409,1,3
16:16:38,26380,16410,1,3
16:16:38,26388,16415,1,3
16:16:38,26389,16416,1,3
16:16:38,26392,16418,1,3
16:16:38,26406,16427,1,3
16:16:38,26408,16428,1,3
16:16:38,26417,16434,1,3
16:16:38,26433,16444,1,3
16:16:38,26434,16445,1,3
16:16:38,26450,16455,1,3
16:16:38,26470,16468,1,3
16:16:38,26471,16469,1,3
16:16:38,26474,16471,1,3
16:16:38,26477,16473,1,3
16:16:38,26493,16483,1,3
16:16:38,26501,16488,1,3
16:16:38,26502,16489,1,3
16:16:38,26505,16491,1,3
16:16:38,26516,16498,1,3
16:16:38,26522,16502,1,3
16:16:38,26533,16509,1,3
16:16:38,26544,16516,1,3
16:16:38,26547,16518,1,3
16:16:38,26561,16527,1,3
16:16:38,26564,16529,1,3
16:16:38,26565,16530,1,3
16:16:38,26592,16547,1,3
16:16:38,26599,16552,1,3
16:16:38,26601,16553,1,3
16:16:38,26605,16556,1,3
16:16:38,26607,16557,1,3
16:16:38,26615,16562,1,3
16:16:38,26624,16568,1,3
16:16:38,26629,16571,1,3
16:16:38,26630,16572,1,3
16:16:38,26642,16580,1,3
16:16:38,26644,16581,1,3
16:16:38,26646,16582,1,3
16:16:38,26655,16588,1,3
16:16:38,26663,16593,1,3
16:16:38,26673,16600,1,3
16:16:38,26675,16601,1,3
16:16:38,26676,16602,1,3
16:16:38,26678,16603,1,3
16:16:38,26681,16605,1,3
16:16:38,26684,16607,1,3
16:16:38,26687,16609,1,3
16:16:38,26695,16614,1,3
16:16:38,26696,16615,1,3
16:16:38,26698,16616,1,3
16:16:38,26701,16618,1,3
16:16:38,26703,16619,1,3
16:16:38,26704,16620,1,3
16:16:38,26710,16624,1,3
16:16:38,26715,16627,1,3
16:16:38,26721,16631,1,3
16:16:38,26723,16632,1,3
16:16:38,26724,16633,1,3
16:16:38,26727,16635,1,3
16:16:38,26733,16639,1,3
16:16:38,26738,16642,1,3
16:16:38,26741,16644,1,3
16:16:38,26744,16646,1,3
16:16:38,26746,16647,1,3
16:16:38,26750,16650,1,3
16:16:38,26754,16652,1,3
16:16:38,26760,16656,1,3
16:16:38,26761,16657,1,3
16:16:38,26767,16661,1,3
16:16:38,26769,16662,1,3
16:16:38,26775,16666,1,3
16:16:38,26791,16676,1,3
16:16:38,26794,16678,1,3
16:16:38,26806,16686,1,3
16:16:38,26814,16691,1,3
16:16:38,26821,16696,1,3
16:16:38,26823,16697,1,3
16:16:38,26825,16698,1,3
16:16:38,26829,16701,1,3
16:16:38,26835,16705,1,3
16:16:38,26848,16713,1,3
16:16:38,26849,16714,1,3
16:16:38,26855,16718,1,3
16:16:38,26871,16728,1,3
16:16:38,26874,16730,1,3
16:16:38,26882,16735,1,3
16:16:38,26883,16736,1,3
16:16:38,26885,16737,1,3
16:16:38,26889,16740,1,3
16:16:38,26894,16743,1,3
16:16:38,26905,16750,1,3
16:16:38,26912,16755,1,3
16:16:38,26920,16760,1,3
16:16:38,26922,16761,1,3
16:16:38,26928,16765,1,3
16:16:38,26931,16767,1,3
16:16:38,26942,16774,1,3
16:16:38,26953,16781,1,3
16:16:38,26954,16782,1,3
16:16:38,26957,16784,1,3
16:16:38,26960,16786,1,3
16:16:38,26970,16792,1,3
16:16:38,26973,16794,1,3
16:16:38,26974,16795,1,3
16:16:38,26980,16799,1,3
16:16:38,26982,16800,1,3
16:16:38,26987,16803,1,3
16:16:38,26993,16807,1,3
16:16:38,26996,16809,1,3
16:16:38,26997,16810,1,3
16:16:38,27002,16813,1,3
16:16:38,27004,16814,1,3
16:16:38,27005,16815,1,3
16:16:38,27008,16817,1,3
16:16:38,27013,16820,1,3
16:16:38,27031,16832,1,3
16:16:38,27033,16833,1,3
16:16:38,27034,16834,1,3
16:16:38,27037,16836,1,3
16:16:38,27047,16842,1,3
16:16:38,27048,16843,1,3
16:16:38,27051,16845,1,3
16:16:38,27053,16846,1,3
16:16:38,27056,16848,1,3
16:16:38,27061,16851,1,3
16:16:38,27062,16852,1,3
16:16:38,27064,16853,1,3
16:16:38,27071,16858,1,3
16:16:38,27076,16861,1,3
16:16:38,27099,16876,1,3
16:16:38,27105,16880,1,3
16:16:38,27108,16882,1,3
16:16:38,27112,16884,1,3
16:16:38,27113,16885,1,3
16:16:38,27115,16886,1,3
16:16:38,27118,16888,1,3
16:16:38,27121,16890,1,3
16:16:38,27124,16892,1,3
16:16:38,27125,16893,1,3
16:16:38,27130,16896,1,3
16:16:38,27138,16901,1,3
16:16:38,27139,16902,1,3
16:16:38,27141,16903,1,3
16:16:38,27144,16905,1,3
16:16:38,27145,16906,1,3
16:16:38,27147,16907,1,3
16:16:38,27156,16913,1,3
16:16:38,27158,16914,1,3
16:16:38,27161,16916,1,3
16:16:38,27162,16917,1,3
16:16:38,27164,16918,1,3
16:16:38,27169,16921,1,3
16:16:38,27170,16922,1,3
16:16:38,27173,16924,1,3
16:16:38,27175,16925,1,3
16:16:38,27176,16926,1,3
16:16:38,27179,16928,1,3
16:16:38,27183,16930,1,3
16:16:38,27184,16931,1,3
16:16:38,27186,16932,1,3
16:16:38,27187,16933,1,3
16:16:38,27196,16939,1,3
16:16:38,27198,16940,1,3
16:16:38,27199,16941,1,3
16:16:38,27206,16945,1,3
16:16:38,27207,16946,1,3
16:16:38,27212,16949,1,3
16:16:38,27213,16950,1,3
16:16:38,27215,16951,1,3
16:16:38,27216,16952,1,3
16:16:38,27223,16956,1,3
16:16:38,27226,16958,1,3
16:16:38,27229,16960,1,3
16:16:38,27232,16962,1,3
16:16:38,27238,16966,1,3
16:16:38,27240,16967,1,3
16:16:38,27243,16969,1,3
16:16:38,27247,16972,1,3
16:16:38,27249,16973,1,3
16:16:38,27255,16977,1,3
16:16:38,27257,16978,1,3
16:16:38,27258,16979,1,3
16:16:38,27260,16980,1,3
16:16:38,27261,16981,1,3
16:16:38,27266,16984,1,3
16:16:38,27269,16986,1,3
16:16:39,27274,16989,1,3
16:16:39,27280,16993,1,3
16:16:39,27283,16995,1,3
16:16:39,27284,16996,1,3
16:16:39,27287,16998,1,3
16:16:39,27289,16999,1,3
16:16:39,27292,17001,1,3
16:16:39,27294,17002,1,3
16:16:39,27295,17003,1,3
16:16:39,27297,17004,1,3
16:16:39,27298,17005,1,3
16:16:39,27307,17011,1,3
16:16:39,27309,17012,1,3
16:16:39,27312,17014,1,3
16:16:39,27314,17015,1,3
16:16:39,27320,17019,1,3
16:16:39,27323,17021,1,3
16:16:39,27337,17030,1,3
16:16:39,27340,17032,1,3
16:16:39,27348,17037,1,3
16:16:39,27349,17038,1,3
16:16:39,27351,17039,1,3
16:16:39,27355,17042,1,3
16:16:39,27358,17044,1,3
16:16:39,27361,17046,1,3
16:16:39,27363,17047,1,3
16:16:39,27369,17051,1,3
16:16:39,27378,17057,1,3
16:16:39,27388,17063,1,3
16:16:39,27394,17067,1,3
16:16:39,27395,17068,1,3
16:16:39,27397,17069,1,3
16:16:39,27406,17075,1,3
16:16:39,27412,17079,1,3
16:16:39,27422,17085,1,3
16:16:39,27428,17089,1,3
16:16:39,27429,17090,1,3
16:16:39,27431,17091,1,3
16:16:39,27437,17095,1,3
16:16:39,27442,17098,1,3
16:16:39,27448,17102,1,3
16:16:39,27449,17103,1,3
16:16:39,27460,17110,1,3
16:16:39,27468,17115,1,3
16:16:39,27470,17116,1,3
16:16:39,27471,17117,1,3
16:16:39,27480,17123,1,3
16:16:39,27482,17124,1,3
16:16:39,27486,17127,1,3
16:16:39,27491,17130,1,3
16:16:39,27494,17132,1,3
16:16:39,27510,17142,1,3
16:16:39,27513,17144,1,3
16:16:39,27516,17146,1,3
16:16:39,27520,17149,1,3
16:16:39,27528,17154,1,3
16:16:39,27530,17155,1,3
16:16:39,27533,17157,1,3
16:16:39,27540,17162,1,3
16:16:39,27551,17169,1,3
16:16:39,27557,17173,1,3
16:16:39,27561,17175,1,3
16:16:39,27565,17178,1,3
16:16:39,27567,17179,1,3
16:16:39,27568,17180,1,3
16:16:39,27574,17184,1,3
16:16:39,27576,17185,1,3
16:16:39,27582,17189,1,3
16:16:39,27584,17190,1,3
16:16:39,27585,17191,1,3
16:16:39,27590,17194,1,3
16:16:39,27598,17199,1,3
16:16:39,27604,17203,1,3
16:16:39,27608,17206,1,3
16:16:39,27610,17207,1,3
16:16:39,27611,17208,1,3
16:16:39,27618,17212,1,3
16:16:39,27619,17213,1,3
16:16:39,27624,17216,1,3
16:16:39,27625,17217,1,3
16:16:39,27628,17219,1,3
16:16:39,27632,17221,1,3
16:16:39,27633,17222,1,3
16:16:39,27635,17223,1,3
16:16:39,27636,17224,1,3
16:16:39,27649,17232,1,3
16:16:39,27650,17233,1,3
16:16:39,27652,17234,1,3
16:16:39,27656,17237,1,3
16:16:39,27664,17242,1,3
16:16:39,27667,17244,1,3
16:16:39,27669,17245,1,3
16:16:39,27672,17247,1,3
16:16:39,27675,17249,1,3
16:16:39,27684,17255,1,3
16:16:39,27686,17256,1,3
16:16:39,27690,17259,1,3
16:16:39,27701,17266,1,3
16:16:39,27710,17272,1,3
16:16:39,27713,17274,1,3
16:16:39,27718,17277,1,3
16:16:39,27724,17281,1,3
16:16:39,27726,17282,1,3
16:16:39,27729,17284,1,3
16:16:39,27733,17287,1,3
16:16:39,27735,17288,1,3
16:16:39,27744,17294,1,3
16:16:39,27755,17301,1,3
16:16:39,27758,17303,1,3
16:16:39,27761,17305,1,3
16:16:39,27766,17308,1,3
16:16:39,27773,17313,1,3
16:16:39,27778,17316,1,3
16:16:39,27783,17319,1,3
16:16:39,27784,17320,1,3
16:16:39,27792,17325,1,3
16:16:39,27797,17328,1,3
16:16:39,27798,17329,1,3
16:16:39,27806,17334,1,3
16:16:39,27812,17338,1,3
16:16:39,27818,17342,1,3
16:16:39,27823,17345,1,3
16:16:39,27829,17349,1,3
16:16:39,27831,17350,1,3
16:16:39,27840,17356,1,3
16:16:39,27846,17360,1,3
16:16:39,27849,17362,1,3
16:16:39,27851,17363,1,3
16:16:39,27855,17366,1,3
16:16:39,27866,17373,1,3
16:16:39,27875,17379,1,3
16:16:39,27877,17380,1,3
16:16:39,27895,17392,1,3
16:16:39,27900,17395,1,3
16:16:39,27902,17396,1,3
16:16:39,27912,17403,1,3
16:16:39,27920,17408,1,3
16:16:39,27923,17410,1,3
16:16:39,27929,17414,1,3
16:16:39,27931,17415,1,3
16:16:39,27945,17424,1,3
16:16:39,27952,17429,1,3
16:16:39,27973,17442,1,3
16:16:39,27979,17446,1,3
16:16:39,27985,17450,1,3
16:16:39,27994,17456,1,3
16:16:39,28000,17460,1,3
16:16:39,28010,17466,1,3
16:16:39,28014,17469,1,3
16:16:39,28016,17470,1,3
16:16:39,28020,17473,1,3
16:16:39,28022,17474,1,3
16:16:39,28028,17478,1,3
16:16:39,28057,17497,1,3
16:16:39,28065,17502,1,3
16:16:39,28076,17509,1,3
16:16:39,28085,17515,1,3
16:16:39,28090,17518,1,3
16:16:39,28093,17520,1,3
16:16:39,28099,17524,1,3
16:16:39,28102,17526,1,3
16:16:39,28107,17529,1,3
16:16:39,28110,17531,1,3
16:16:39,28124,17540,1,3
16:16:39,28131,17545,1,3
16:16:39,28135,17547,1,3
16:16:39,28142,17552,1,3
16:16:39,28150,17557,1,3
16:16:39,28155,17560,1,3
16:16:39,28159,17563,1,3
16:16:39,28170,17570,1,3
16:16:39,28182,17578,1,3
16:16:39,28192,17584,1,3
16:16:39,28202,17591,1,3
16:16:39,28206,17593,1,3
16:16:39,28213,17598,1,3
16:16:39,28229,17608,1,3
16:16:39,28241,17616,1,3
16:16:39,28250,17622,1,3
16:16:39,28267,17633,1,3
16:16:40,28273,17637,1,3
16:16:40,28275,17638,1,3
16:16:40,28283,17643,1,3
16:16:40,28287,17646,1,3
16:16:40,28297,17652,1,3
16:16:40,28304,17657,1,3
16:16:40,28306,17658,1,3
16:16:40,28357,17691,1,3
16:16:40,28383,17708,1,3
16:16:40,28389,17712,1,3
16:16:40,28417,17730,1,3
16:16:40,28452,17753,1,3
16:16:40,28457,17756,1,3
16:16:40,28489,17777,1,3
16:16:40,28574,17832,1,3
16:16:40,28644,17877,1,3
16:16:40,28681,17901,1,3
16:16:40,28732,17934,1,3
16:16:40,28763,17954,1,3
16:16:40,28766,17956,1,3
16:16:40,28792,17973,1,3
16:16:40,28886,18034,1,3
16:16:40,28889,18036,1,3
16:16:40,28901,18044,1,3
16:16:40,28905,18046,1,3
16:16:40,28923,18058,1,3
16:16:40,28926,18060,1,3
16:16:40,28937,18067,1,3
16:16:40,28938,18068,1,3
16:16:40,28954,18078,1,3
16:16:40,28980,18095,1,3
16:16:40,28989,18101,1,3
16:16:40,28999,18107,1,3
16:16:40,29005,18111,1,3
16:16:40,29006,18112,1,3
16:16:40,29008,18113,1,3
16:16:40,29011,18115,1,3
16:16:40,29022,18122,1,3
16:16:40,29026,18125,1,3
16:16:40,29042,18135,1,3
16:16:40,29085,18163,1,3
16:16:40,29096,18170,1,3
16:16:40,29099,18172,1,3
16:16:40,29105,18176,1,3
16:16:40,29107,18177,1,3
16:16:40,29113,18181,1,3
16:16:40,29116,18183,1,3
16:16:40,29117,18184,1,3
16:16:40,29130,18192,1,3
16:16:40,29136,18196,1,3
16:16:40,29153,18207,1,3
16:16:40,29185,18228,1,3
16:16:40,29195,18234,1,3
16:16:40,29230,18257,1,3
16:16:40,29235,18260,1,3
16:16:40,29246,18267,1,3
16:16:41,29272,18284,1,3
16:16:41,29286,18293,1,3
16:16:41,29306,18306,1,3
16:16:41,29310,18309,1,3
16:16:41,29312,18310,1,3
16:16:41,29338,18327,1,3
16:16:41,29347,18333,1,3
16:16:41,29364,18344,1,3
16:16:41,29383,18356,1,3
16:16:41,29394,18363,1,3
16:16:41,29411,18374,1,3
16:16:41,29443,18395,1,3
16:16:41,29445,18396,1,3
16:16:41,29466,18410,1,3
16:16:41,29488,18424,1,3
16:16:41,29505,18435,1,3
16:16:41,29551,18465,1,3
16:16:41,29563,18473,1,3
16:16:41,29580,18484,1,3
16:16:41,29590,18490,1,3
16:16:42,30617,19156,1,3
16:16:43,31318,19610,1,3
16:16:43,31341,19625,1,3
16:16:43,31390,19657,1,3
16:16:44,32978,20686,1,3
16:16:44,33248,20861,1,3
16:16:45,33339,20920,1,3
16:16:45,33530,21044,1,3
16:16:45,33557,21061,1,3
16:17:01,49483,31382,1,3
16:17:01,49496,31391,1,3
16:17:01,49509,31399,1,3
16:17:01,49523,31408,1,3
16:17:01,49524,31409,1,3
16:17:01,49529,31412,1,3
16:17:01,49535,31416,1,3
16:17:01,49537,31417,1,3
16:17:01,49540,31419,1,3
16:17:01,49546,31423,1,3
16:17:01,49547,31424,1,3
16:17:01,49549,31425,1,3
16:17:01,49552,31427,1,3
16:17:01,49553,31428,1,3
16:17:01,49560,31432,1,3
16:17:01,49561,31433,1,3
16:17:01,49564,31435,1,3
16:17:01,49566,31436,1,3
16:17:01,49567,31437,1,3
16:17:01,49569,31438,1,3
16:17:01,49572,31440,1,3
16:17:01,49574,31441,1,3
16:17:01,49577,31443,1,3
16:17:01,49581,31446,1,3
16:17:01,49584,31448,1,3
16:17:01,49586,31449,1,3
16:17:01,49587,31450,1,3
16:17:01,49589,31451,1,3
16:17:01,49591,31452,1,3
16:17:01,49594,31454,1,3
16:17:01,49597,31456,1,3
16:17:01,49600,31458,1,3
16:17:01,49601,31459,1,3
16:17:01,49603,31460,1,3
16:17:01,49604,31461,1,3
16:17:01,49607,31463,1,3
16:17:01,49609,31464,1,3
16:17:01,49611,31465,1,3
16:17:01,49612,31466,1,3
16:17:01,49614,31467,1,3
16:17:01,49615,31468,1,3
16:17:01,49617,31469,1,3
16:17:01,49618,31470,1,3
16:17:01,49621,31472,1,3
16:17:01,49623,31473,1,3
16:17:01,49624,31474,1,3
16:17:01,49626,31475,1,3
16:17:01,49628,31476,1,3
16:17:01,49629,31477,1,3
16:17:01,49631,31478,1,3
16:17:01,49634,31480,1,3
16:17:01,49635,31481,1,3
16:17:01,49638,31483,1,3
16:17:01,49640,31484,1,3
16:17:01,49641,31485,1,3
16:17:01,49649,31490,1,3
16:17:01,49651,31491,1,3
16:17:01,49654,31493,1,3
16:17:01,49655,31494,1,3
16:17:01,49657,31495,1,3
16:17:01,49658,31496,1,3
16:17:01,49661,31498,1,3
16:17:01,49663,31499,1,3
16:17:01,49665,31500,1,3
16:17:01,49666,31501,1,3
16:17:01,49668,31502,1,3
16:17:01,49669,31503,1,3
16:17:01,49671,31504,1,3
16:17:01,49672,31505,1,3
16:17:01,49674,31506,1,3
16:17:01,49682,31511,1,3
16:17:01,49685,31513,1,3
16:17:01,49686,31514,1,3
16:17:01,49689,31516,1,3
16:17:01,49691,31517,1,3
16:17:01,49692,31518,1,3
16:17:01,49697,31521,1,3
16:17:01,49699,31522,1,3
16:17:01,49703,31525,1,3
16:17:01,49706,31527,1,3
16:17:01,49708,31528,1,3
16:17:01,49716,31533,1,3
16:17:01,49717,31534,1,3
16:17:01,49719,31535,1,3
16:17:01,49720,31536,1,3
16:17:01,49722,31537,1,3
16:17:01,49723,31538,1,3
16:17:01,49725,31539,1,3
16:17:01,49726,31540,1,3
16:17:01,49728,31541,1,3
16:17:01,49729,31542,1,3
16:17:01,49731,31543,1,3
