15:26:26,Timestamp,Index,DataRate,PowerLevel
15:27:01,30542,21287,2,3
15:27:01,30543,21288,2,3
15:27:01,30553,21295,2,3
15:27:01,30556,21297,2,3
15:27:01,30559,21299,2,3
15:27:01,30564,21303,2,3
15:27:01,30566,21304,2,3
15:27:01,30568,21306,2,3
15:27:01,30570,21307,2,3
15:27:01,30574,21310,2,3
15:27:01,30578,21313,2,3
15:27:01,30579,21314,2,3
15:27:01,30581,21315,2,3
15:27:01,30584,21317,2,3
15:27:01,30589,21321,2,3
15:27:01,30595,21325,2,3
15:27:01,30597,21327,2,3
15:27:01,30599,21328,2,3
15:27:01,30602,21330,2,3
15:27:01,30610,21336,2,3
15:27:01,30613,21338,2,3
15:27:01,30614,21339,2,3
15:27:01,30615,21340,2,3
15:27:01,30622,21345,2,3
15:27:01,30625,21347,2,3
15:27:01,30628,21349,2,3
15:27:01,30633,21353,2,3
15:27:01,30638,21356,2,3
15:27:01,30643,21360,2,3
15:27:01,30649,21364,2,3
15:27:01,30651,21366,2,3
15:27:01,30656,21369,2,3
15:27:01,30657,21370,2,3
15:27:01,30658,21371,2,3
15:27:01,30660,21372,2,3
15:27:01,30663,21374,2,3
15:27:01,30665,21376,2,3
15:27:01,30674,21382,2,3
15:27:01,30676,21384,2,3
15:27:01,30682,21388,2,3
15:27:01,30685,21390,2,3
15:27:01,30686,21391,2,3
15:27:01,30689,21393,2,3
15:27:01,30692,21395,2,3
15:27:01,30693,21396,2,3
15:27:01,30697,21399,2,3
15:27:01,30699,21400,2,3
15:27:01,30700,21401,2,3
15:27:01,30701,21402,2,3
15:27:01,30704,21404,2,3
15:27:01,30714,21411,2,3
15:27:01,30715,21412,2,3
15:27:01,30717,21413,2,3
15:27:01,30719,21415,2,3
15:27:01,30721,21416,2,3
15:27:01,30722,21417,2,3
15:27:01,30728,21421,2,3
15:27:01,30730,21423,2,3
15:27:01,30732,21424,2,3
15:27:01,30733,21425,2,3
15:27:01,30740,21430,2,3
15:27:01,30743,21432,2,3
15:27:01,30746,21434,2,3
15:27:01,30747,21435,2,3
15:27:01,30751,21438,2,3
15:27:01,30753,21439,2,3
15:27:01,30754,21440,2,3
15:27:01,30755,21441,2,3
15:27:01,30757,21442,2,3
15:27:01,30758,21443,2,3
15:27:01,30759,21444,2,3
15:27:01,30761,21445,2,3
15:27:01,30764,21447,2,3
15:27:01,30765,21448,2,3
15:27:01,30766,21449,2,3
15:27:01,30768,21450,2,3
15:27:01,30769,21451,2,3
15:27:01,30771,21452,2,3
15:27:01,30772,21453,2,3
15:27:01,30773,21454,2,3
15:27:01,30775,21455,2,3
15:27:01,30776,21456,2,3
15:27:01,30787,21464,2,3
15:27:01,30812,21482,2,3
15:27:02,31363,21880,2,3
15:27:02,31419,21920,2,3
15:27:02,31455,21946,2,3
15:27:02,31463,21952,2,3
15:27:02,31509,21985,2,3
15:27:02,31514,21989,2,3
15:27:02,31517,21991,2,3
15:27:02,31525,21997,2,3
15:27:02,31532,22002,2,3
15:27:02,31535,22004,2,3
15:27:02,31536,22005,2,3
15:27:02,31552,22016,2,3
15:27:02,31560,22022,2,3
15:27:14,43121,30369,2,3
15:27:14,43130,30376,2,3
15:27:14,43134,30379,2,3
15:27:14,43140,30383,2,3
15:27:14,43151,30391,2,3
15:27:14,43154,30393,2,3
15:27:14,43159,30397,2,3
15:27:14,43161,30398,2,3
15:27:14,43165,30401,2,3
15:27:14,43166,30402,2,3
15:27:14,43168,30403,2,3
15:27:14,43173,30407,2,3
15:27:14,43177,30410,2,3
15:27:14,43179,30411,2,3
15:27:14,43182,30413,2,3
15:27:14,43183,30414,2,3
15:27:14,43187,30417,2,3
15:27:14,43193,30421,2,3
15:27:14,43195,30423,2,3
15:27:14,43198,30425,2,3
15:27:14,43200,30426,2,3
15:27:14,43201,30427,2,3
15:27:14,43204,30429,2,3
15:27:14,43205,30430,2,3
15:27:14,43206,30431,2,3
15:27:14,43208,30432,2,3
15:27:14,43209,30433,2,3
15:27:14,43211,30434,2,3
15:27:14,43212,30435,2,3
15:27:14,43213,30436,2,3
15:27:14,43215,30437,2,3
15:27:14,43216,30438,2,3
15:27:14,43219,30440,2,3
15:27:14,43222,30442,2,3
15:27:14,43223,30443,2,3
15:27:14,43226,30445,2,3
15:27:14,43227,30446,2,3
15:27:14,43229,30447,2,3
15:27:14,43230,30448,2,3
15:27:14,43231,30449,2,3
15:27:14,43233,30450,2,3
15:27:14,43236,30452,2,3
15:27:14,43237,30453,2,3
15:27:14,43238,30454,2,3
15:27:14,43241,30456,2,3
15:27:14,43242,30457,2,3
15:27:14,43247,30460,2,3
15:27:14,43254,30465,2,3
15:27:14,43255,30466,2,3
15:27:14,43258,30468,2,3
15:27:14,43267,30475,2,3
15:27:14,43269,30476,2,3
15:27:14,43273,30479,2,3
15:27:14,43274,30480,2,3
15:27:14,43279,30483,2,3
15:27:14,43281,30485,2,3
15:27:14,43290,30491,2,3
15:27:14,43291,30492,2,3
15:27:14,43297,30496,2,3
15:27:14,43298,30497,2,3
15:27:14,43301,30499,2,3
15:27:14,43305,30502,2,3
15:27:14,43313,30508,2,3
15:27:14,43319,30512,2,3
15:27:14,43320,30513,2,3
15:27:14,43321,30514,2,3
15:27:14,43324,30516,2,3
15:27:14,43330,30520,2,3
15:27:14,43331,30521,2,3
15:27:14,43333,30522,2,3
15:27:14,43334,30523,2,3
15:27:14,43337,30525,2,3
15:27:14,43341,30528,2,3
15:27:14,43342,30529,2,3
15:27:14,43351,30535,2,3
15:27:14,43356,30539,2,3
15:27:14,43357,30540,2,3
15:27:14,43360,30542,2,3
15:27:14,43362,30543,2,3
15:27:14,43364,30545,2,3
15:27:14,43366,30546,2,3
15:27:14,43367,30547,2,3
15:27:14,43370,30549,2,3
15:27:14,43375,30553,2,3
15:27:14,43378,30555,2,3
15:27:14,43381,30557,2,3
15:27:14,43382,30558,2,3
15:27:14,43387,30561,2,3
15:27:14,43389,30563,2,3
15:27:14,43391,30564,2,3
15:27:14,43393,30566,2,3
15:27:14,43396,30568,2,3
15:27:14,43399,30570,2,3
15:27:14,43400,30571,2,3
15:27:14,43403,30573,2,3
15:27:14,43405,30574,2,3
15:27:14,43409,30577,2,3
15:27:14,43410,30578,2,3
15:27:14,43413,30580,2,3
15:27:14,43418,30584,2,3
15:27:14,43420,30585,2,3
15:27:14,43423,30587,2,3
15:27:14,43425,30589,2,3
15:27:14,43427,30590,2,3
15:27:14,43429,30592,2,3
15:27:14,43431,30593,2,3
15:27:14,43445,30603,2,3
15:27:14,43449,30606,2,3
15:27:14,43452,30608,2,3
15:27:14,43460,30614,2,3
15:27:14,43461,30615,2,3
15:27:14,43464,30617,2,3
15:27:14,43465,30618,2,3
15:27:14,43467,30619,2,3
15:27:14,43468,30620,2,3
15:27:14,43470,30621,2,3
15:27:14,43471,30622,2,3
15:27:14,43472,30623,2,3
15:27:14,43475,30625,2,3
15:27:14,43477,30626,2,3
15:27:14,43479,30628,2,3
15:27:14,43481,30629,2,3
15:27:14,43482,30630,2,3
15:27:14,43485,30632,2,3
15:27:14,43488,30634,2,3
15:27:14,43489,30635,2,3
15:27:14,43490,30636,2,3
15:27:14,43492,30637,2,3
15:27:14,43493,30638,2,3
15:27:14,43495,30639,2,3
15:27:14,43496,30640,2,3
15:27:14,43497,30641,2,3
15:27:14,43500,30643,2,3
15:27:14,43503,30645,2,3
15:27:14,43507,30648,2,3
15:27:14,43508,30649,2,3
15:27:14,43511,30651,2,3
15:27:14,43514,30653,2,3
15:27:14,43517,30655,2,3
15:27:14,43519,30657,2,3
15:27:14,43521,30658,2,3
15:27:14,43522,30659,2,3
15:27:14,43524,30660,2,3
15:27:14,43528,30663,2,3
15:27:14,43531,30665,2,3
15:27:14,43532,30666,2,3
15:27:14,43533,30667,2,3
15:27:14,43536,30669,2,3
15:27:14,43537,30670,2,3
15:27:14,43542,30673,2,3
15:27:14,43544,30675,2,3
15:27:14,43546,30676,2,3
15:27:14,43547,30677,2,3
15:27:14,43549,30678,2,3
15:27:14,43550,30679,2,3
15:27:14,43554,30682,2,3
15:27:14,43556,30683,2,3
15:27:14,43558,30685,2,3
15:27:14,43564,30689,2,3
15:27:14,43565,30690,2,3
15:27:14,43567,30691,2,3
15:27:14,43568,30692,2,3
15:27:14,43575,30697,2,3
15:27:14,43576,30698,2,3
15:27:14,43578,30699,2,3
15:27:14,43579,30700,2,3
15:27:14,43582,30702,2,3
15:27:14,43583,30703,2,3
15:27:14,43585,30704,2,3
15:27:14,43586,30705,2,3
15:27:14,43589,30707,2,3
15:27:14,43590,30708,2,3
15:27:14,43593,30710,2,3
15:27:14,43594,30711,2,3
15:27:14,43596,30712,2,3
15:27:14,43597,30713,2,3
15:27:14,43600,30715,2,3
15:27:14,43601,30716,2,3
15:27:14,43603,30717,2,3
15:27:14,43604,30718,2,3
15:27:14,43605,30719,2,3
15:27:14,43607,30720,2,3
15:27:14,43612,30724,2,3
15:27:14,43614,30725,2,3
15:27:14,43615,30726,2,3
15:27:14,43616,30727,2,3
15:27:14,43618,30728,2,3
15:27:14,43619,30729,2,3
15:27:14,43623,30732,2,3
15:27:14,43625,30733,2,3
15:27:14,43628,30735,2,3
15:27:14,43629,30736,2,3
15:27:14,43632,30738,2,3
15:27:14,43633,30739,2,3
15:27:14,43634,30740,2,3
15:27:14,43636,30741,2,3
15:27:14,43637,30742,2,3
15:27:14,43639,30743,2,3
15:27:14,43641,30745,2,3
15:27:14,43646,30748,2,3
15:27:14,43647,30749,2,3
15:27:14,43648,30750,2,3
15:27:14,43650,30751,2,3
15:27:14,43651,30752,2,3
15:27:14,43655,30755,2,3
15:27:14,43657,30756,2,3
15:27:14,43658,30757,2,3
15:27:14,43659,30758,2,3
15:27:14,43662,30760,2,3
15:27:14,43665,30762,2,3
15:27:14,43668,30764,2,3
15:27:14,43669,30765,2,3
15:27:14,43670,30766,2,3
15:27:14,43673,30768,2,3
15:27:14,43677,30771,2,3
15:27:14,43679,30772,2,3
15:27:14,43680,30773,2,3
15:27:14,43683,30775,2,3
15:27:14,43684,30776,2,3
15:27:14,43686,30777,2,3
15:27:14,43687,30778,2,3
15:27:14,43688,30779,2,3
15:27:14,43690,30780,2,3
15:27:14,43691,30781,2,3
15:27:14,43694,30783,2,3
15:27:14,43695,30784,2,3
15:27:14,43697,30785,2,3
15:27:14,43698,30786,2,3
15:27:14,43702,30789,2,3
15:27:14,43704,30790,2,3
15:27:14,43705,30791,2,3
15:27:14,43706,30792,2,3
15:27:14,43708,30793,2,3
15:27:14,43709,30794,2,3
15:27:14,43713,30797,2,3
15:27:14,43716,30799,2,3
15:27:14,43719,30801,2,3
15:27:14,43720,30802,2,3
15:27:14,43722,30803,2,3
15:27:14,43724,30805,2,3
15:27:14,43727,30807,2,3
15:27:14,43729,30808,2,3
15:27:14,43730,30809,2,3
15:27:14,43731,30810,2,3
15:27:14,43733,30811,2,3
15:27:14,43734,30812,2,3
15:27:14,43736,30813,2,3
15:27:14,43737,30814,2,3
15:27:14,43740,30816,2,3
15:27:14,43742,30818,2,3
15:27:14,43744,30819,2,3
15:27:14,43747,30821,2,3
15:27:14,43748,30822,2,3
15:27:14,43749,30823,2,3
15:27:14,43751,30824,2,3
15:27:14,43754,30826,2,3
15:27:14,43755,30827,2,3
15:27:14,43756,30828,2,3
15:27:14,43758,30829,2,3
15:27:14,43760,30831,2,3
15:27:14,43762,30832,2,3
15:27:14,43765,30834,2,3
15:27:14,43766,30835,2,3
15:27:14,43769,30837,2,3
15:27:14,43770,30838,2,3
15:27:14,43773,30840,2,3
15:27:14,43774,30841,2,3
15:27:14,43776,30842,2,3
15:27:14,43778,30844,2,3
15:27:14,43780,30845,2,3
15:27:14,43781,30846,2,3
15:27:14,43785,30849,2,3
15:27:14,43787,30850,2,3
15:27:14,43788,30851,2,3
15:27:14,43790,30852,2,3
15:27:14,43791,30853,2,3
15:27:14,43794,30855,2,3
15:27:14,43795,30856,2,3
15:27:14,43799,30859,2,3
15:27:14,43801,30860,2,3
15:27:14,43802,30861,2,3
15:27:14,43803,30862,2,3
15:27:14,43805,30863,2,3
15:27:14,43806,30864,2,3
15:27:14,43808,30865,2,3
15:27:14,43809,30866,2,3
15:27:14,43810,30867,2,3
15:27:14,43812,30868,2,3
15:27:14,43814,30870,2,3
15:27:14,43816,30871,2,3
15:27:14,43817,30872,2,3
15:27:14,43820,30874,2,3
15:27:15,43823,30876,2,3
15:27:15,43824,30877,2,3
15:27:15,43828,30880,2,3
15:27:15,43830,30881,2,3
15:27:15,43831,30882,2,3
15:27:15,43833,30883,2,3
15:27:15,43835,30885,2,3
15:27:15,43837,30886,2,3
15:27:15,43838,30887,2,3
15:27:15,43839,30888,2,3
15:27:15,43841,30889,2,3
15:27:15,43844,30891,2,3
15:27:15,43845,30892,2,3
15:27:15,43848,30894,2,3
15:27:15,43849,30895,2,3
15:27:15,43853,30898,2,3
15:27:15,43856,30900,2,3
15:27:15,43857,30901,2,3
15:27:15,43860,30903,2,3
15:27:15,43862,30904,2,3
15:27:15,43866,30907,2,3
15:27:15,43867,30908,2,3
15:27:15,43869,30909,2,3
15:27:15,43871,30911,2,3
15:27:15,43877,30915,2,3
15:27:15,43880,30917,2,3
15:27:15,43885,30921,2,3
15:27:15,43887,30922,2,3
15:27:15,43891,30925,2,3
15:27:15,43892,30926,2,3
15:27:15,43895,30928,2,3
15:27:15,43896,30929,2,3
15:27:15,43899,30931,2,3
15:27:15,43900,30932,2,3
15:27:15,43903,30934,2,3
15:27:15,43905,30935,2,3
15:27:15,43907,30937,2,3
15:27:15,43909,30938,2,3
15:27:15,43910,30939,2,3
15:27:15,43913,30941,2,3
15:27:15,43914,30942,2,3
15:27:15,43917,30944,2,3
15:27:15,43923,30948,2,3
15:27:15,43924,30949,2,3
15:27:15,43931,30954,2,3
15:27:15,43935,30957,2,3
15:27:15,43939,30960,2,3
15:27:15,43943,30963,2,3
15:27:15,43945,30964,2,3
15:27:15,43946,30965,2,3
15:27:15,43950,30968,2,3
15:27:15,43952,30969,2,3
15:27:15,43954,30971,2,3
15:27:15,43961,30976,2,3
15:27:15,43964,30978,2,3
15:27:15,43972,30984,2,3
15:27:15,43975,30986,2,3
15:27:15,43978,30988,2,3
15:27:15,43979,30989,2,3
15:27:15,43982,30991,2,3
15:27:15,43986,30994,2,3
15:27:15,43989,30996,2,3
15:27:15,43993,30999,2,3
15:27:15,43996,31001,2,3
15:27:15,43997,31002,2,3
15:27:15,44001,31005,2,3
15:27:15,44003,31006,2,3
15:27:15,44004,31007,2,3
15:27:15,44007,31009,2,3
15:27:15,44014,31014,2,3
15:27:15,44015,31015,2,3
15:27:15,44017,31016,2,3
15:27:15,44018,31017,2,3
15:27:15,44025,31022,2,3
15:27:15,44028,31024,2,3
15:27:15,44032,31027,2,3
15:27:15,44039,31032,2,3
15:27:15,44042,31034,2,3
15:27:15,44044,31036,2,3
15:27:15,44047,31038,2,3
15:27:15,44049,31039,2,3
15:27:15,44050,31040,2,3
15:27:15,44054,31043,2,3
15:27:15,44055,31044,2,3
15:27:15,44058,31046,2,3
15:27:15,44060,31047,2,3
15:27:15,44061,31048,2,3
15:27:15,44062,31049,2,3
15:27:15,44064,31050,2,3
15:27:15,44065,31051,2,3
15:27:15,44067,31052,2,3
15:27:15,44069,31054,2,3
15:27:15,44071,31055,2,3
15:27:15,44076,31059,2,3
15:27:15,44078,31060,2,3
15:27:15,44080,31062,2,3
15:27:15,44082,31063,2,3
15:27:15,44091,31070,2,3
15:27:15,44093,31071,2,3
15:27:15,44094,31072,2,3
15:27:15,44100,31076,2,3
15:27:15,44101,31077,2,3
15:27:15,44110,31083,2,3
15:27:15,44111,31084,2,3
15:27:15,44112,31085,2,3
15:27:15,44114,31086,2,3
15:27:15,44118,31089,2,3
15:27:15,44129,31097,2,3
15:27:15,44130,31098,2,3
15:27:15,44132,31099,2,3
15:27:15,44133,31100,2,3
15:27:15,44134,31101,2,3
15:27:15,44136,31102,2,3
15:27:15,44139,31104,2,3
15:27:15,44140,31105,2,3
15:27:15,44144,31108,2,3
15:27:15,44150,31112,2,3
15:27:15,44159,31119,2,3
15:27:15,44161,31120,2,3
15:27:15,44162,31121,2,3
15:27:15,44168,31125,2,3
15:27:15,44175,31130,2,3
15:27:15,44177,31132,2,3
15:27:15,44179,31133,2,3
15:27:15,44191,31142,2,3
15:27:15,44195,31145,2,3
15:27:15,44198,31147,2,3
15:27:15,44222,31164,2,3
15:27:15,44224,31166,2,3
15:27:15,44229,31169,2,3
15:27:15,44236,31174,2,3
15:27:15,44237,31175,2,3
15:27:15,44242,31179,2,3
15:27:15,44244,31180,2,3
15:27:15,44245,31181,2,3
15:27:15,44247,31182,2,3
15:27:15,44252,31186,2,3
15:27:15,44254,31187,2,3
15:27:15,44255,31188,2,3
15:27:15,44256,31189,2,3
15:27:15,44258,31190,2,3
15:27:15,44259,31191,2,3
15:27:15,44265,31195,2,3
15:27:15,44267,31197,2,3
15:27:15,44274,31202,2,3
15:27:15,44280,31206,2,3
15:27:15,44281,31207,2,3
15:27:15,44283,31208,2,3
15:27:15,44284,31209,2,3
15:27:15,44285,31210,2,3
15:27:15,44292,31215,2,3
15:27:15,44295,31217,2,3
15:27:15,44298,31219,2,3
15:27:15,44303,31223,2,3
15:27:15,44306,31225,2,3
15:27:15,44309,31227,2,3
15:27:15,44313,31230,2,3
15:27:15,44314,31231,2,3
15:27:15,44316,31232,2,3
15:27:15,44317,31233,2,3
15:27:15,44323,31237,2,3
15:27:15,44327,31240,2,3
15:27:15,44328,31241,2,3
15:27:15,44330,31242,2,3
15:27:15,44331,31243,2,3
15:27:15,44332,31244,2,3
15:27:15,44334,31245,2,3
15:27:15,44337,31247,2,3
15:27:15,44339,31249,2,3
15:27:15,44342,31251,2,3
15:27:15,44345,31253,2,3
15:27:15,44348,31255,2,3
15:27:15,44352,31258,2,3
15:27:15,44356,31261,2,3
15:27:15,44357,31262,2,3
15:27:15,44359,31263,2,3
15:27:15,44364,31267,2,3
15:27:15,44370,31271,2,3
15:27:15,44371,31272,2,3
15:27:15,44373,31273,2,3
15:27:15,44377,31276,2,3
15:27:15,44378,31277,2,3
15:27:15,44380,31278,2,3
15:27:15,44381,31279,2,3
15:27:15,44385,31282,2,3
15:27:15,44387,31283,2,3
15:27:15,44388,31284,2,3
15:27:15,44392,31287,2,3
15:27:15,44396,31290,2,3
15:27:15,44398,31291,2,3
15:27:15,44402,31294,2,3
15:27:15,44407,31298,2,3
15:27:15,44413,31302,2,3
15:27:15,44421,31308,2,3
15:27:15,44423,31309,2,3
15:27:15,44425,31311,2,3
15:27:15,44429,31314,2,3
15:27:15,44435,31318,2,3
15:27:15,44441,31322,2,3
15:27:15,44443,31324,2,3
15:27:15,44445,31325,2,3
15:27:15,44446,31326,2,3
15:27:15,44447,31327,2,3
15:27:15,44450,31329,2,3
15:27:15,44452,31330,2,3
15:27:15,44453,31331,2,3
15:27:15,44457,31334,2,3
15:27:15,44459,31335,2,3
15:27:15,44461,31337,2,3
15:27:15,44463,31338,2,3
15:27:15,44464,31339,2,3
15:27:15,44465,31340,2,3
15:27:15,44468,31342,2,3
15:27:15,44471,31344,2,3
15:27:15,44475,31347,2,3
15:27:15,44479,31350,2,3
15:27:15,44481,31351,2,3
15:27:15,44482,31352,2,3
15:27:15,44483,31353,2,3
15:27:15,44485,31354,2,3
15:27:15,44486,31355,2,3
15:27:15,44488,31356,2,3
15:27:15,44489,31357,2,3
15:27:15,44492,31359,2,3
15:27:15,44497,31363,2,3
15:27:15,44499,31364,2,3
15:27:15,44501,31366,2,3
15:27:15,44503,31367,2,3
15:27:15,44504,31368,2,3
15:27:15,44506,31369,2,3
15:27:15,44507,31370,2,3
15:27:15,44511,31373,2,3
15:27:15,44521,31380,2,3
15:27:15,44524,31382,2,3
15:27:15,44526,31384,2,3
15:27:15,44531,31387,2,3
15:27:15,44532,31388,2,3
15:27:15,44533,31389,2,3
15:27:15,44535,31390,2,3
15:27:15,44537,31392,2,3
15:27:15,44542,31395,2,3
15:27:15,44543,31396,2,3
15:27:15,44544,31397,2,3
15:27:15,44546,31398,2,3
15:27:15,44547,31399,2,3
15:27:15,44549,31400,2,3
15:27:15,44553,31403,2,3
15:27:15,44558,31407,2,3
15:27:15,44560,31408,2,3
15:27:15,44565,31412,2,3
15:27:15,44569,31415,2,3
15:27:15,44573,31418,2,3
15:27:15,44575,31419,2,3
15:27:15,44576,31420,2,3
15:27:15,44578,31421,2,3
15:27:15,44579,31422,2,3
15:27:15,44580,31423,2,3
15:27:15,44583,31425,2,3
15:27:15,44586,31427,2,3
15:27:15,44587,31428,2,3
15:27:15,44589,31429,2,3
15:27:15,44590,31430,2,3
15:27:15,44591,31431,2,3
15:27:15,44593,31432,2,3
15:27:15,44596,31434,2,3
15:27:15,44603,31439,2,3
15:27:15,44605,31441,2,3
15:27:15,44609,31444,2,3
15:27:15,44611,31445,2,3
15:27:15,44612,31446,2,3
15:27:15,44615,31448,2,3
15:27:15,44619,31451,2,3
15:27:15,44622,31453,2,3
15:27:15,44623,31454,2,3
15:27:15,44625,31455,2,3
15:27:15,44626,31456,2,3
15:27:15,44629,31458,2,3
15:27:15,44630,31459,2,3
15:27:15,44633,31461,2,3
15:27:15,44634,31462,2,3
15:27:15,44637,31464,2,3
15:27:15,44640,31466,2,3
15:27:15,44641,31467,2,3
15:27:15,44647,31471,2,3
15:27:15,44652,31475,2,3
15:27:15,44655,31477,2,3
15:27:15,44658,31479,2,3
15:27:15,44661,31481,2,3
15:27:15,44662,31482,2,3
15:27:15,44665,31484,2,3
15:27:15,44670,31488,2,3
15:27:15,44676,31492,2,3
15:27:15,44679,31494,2,3
15:27:15,44680,31495,2,3
15:27:15,44682,31496,2,3
15:27:15,44683,31497,2,3
15:27:15,44687,31500,2,3
15:27:15,44698,31508,2,3
15:27:15,44702,31511,2,3
15:27:15,44706,31514,2,3
15:27:15,44708,31515,2,3
15:27:15,44709,31516,2,3
15:27:15,44715,31520,2,3
15:27:15,44720,31524,2,3
15:27:15,44723,31526,2,3
15:27:15,44731,31532,2,3
15:27:15,44738,31537,2,3
15:27:15,44741,31539,2,3
15:27:15,44744,31541,2,3
15:27:15,44747,31543,2,3
15:27:15,44748,31544,2,3
15:27:15,44749,31545,2,3
15:27:15,44754,31548,2,3
15:27:15,44755,31549,2,3
15:27:15,44758,31551,2,3
15:27:15,44762,31554,2,3
15:27:15,44763,31555,2,3
15:27:15,44769,31559,2,3
15:27:15,44772,31561,2,3
15:27:15,44776,31564,2,3
15:27:15,44781,31568,2,3
15:27:15,44785,31571,2,3
15:27:15,44791,31575,2,3
15:27:15,44795,31578,2,3
15:27:15,44796,31579,2,3
15:27:15,44798,31580,2,3
15:27:15,44806,31586,2,3
15:27:15,44812,31590,2,3
15:27:15,44821,31597,2,3
15:27:16,44826,31600,2,3
15:27:16,44834,31606,2,3
15:27:16,44837,31608,2,3
15:27:16,44841,31611,2,3
15:27:16,44842,31612,2,3
15:27:16,44844,31613,2,3
15:27:16,44846,31615,2,3
15:27:16,44850,31618,2,3
15:27:16,44859,31624,2,3
15:27:16,44863,31627,2,3
15:27:16,44864,31628,2,3
15:27:16,44871,31633,2,3
15:27:16,44889,31646,2,3
15:27:16,44893,31649,2,3
15:27:16,44898,31652,2,3
15:27:16,44899,31653,2,3
15:27:16,44903,31656,2,3
15:27:16,44904,31657,2,3
15:27:16,44909,31660,2,3
15:27:16,44910,31661,2,3
15:27:16,44916,31665,2,3
15:27:16,44921,31669,2,3
15:27:16,44924,31671,2,3
15:27:16,44925,31672,2,3
15:27:16,44929,31675,2,3
15:27:16,44931,31676,2,3
15:27:16,44935,31679,2,3
15:27:16,44939,31682,2,3
15:27:16,44943,31685,2,3
15:27:16,44956,31694,2,3
15:27:16,44960,31697,2,3
15:27:16,44965,31701,2,3
15:27:16,44970,31704,2,3
15:27:16,44974,31707,2,3
15:27:16,44977,31709,2,3
15:27:16,44981,31712,2,3
15:27:16,44992,31720,2,3
15:27:16,44993,31721,2,3
15:27:16,44995,31722,2,3
15:27:16,44996,31723,2,3
15:27:16,44999,31725,2,3
15:27:16,45001,31727,2,3
15:27:16,45003,31728,2,3
15:27:16,45011,31734,2,3
15:27:16,45013,31735,2,3
15:27:16,45014,31736,2,3
15:27:16,45015,31737,2,3
15:27:16,45018,31739,2,3
15:27:16,45024,31743,2,3
15:27:16,45025,31744,2,3
15:27:16,45029,31747,2,3
15:27:16,45040,31755,2,3
15:27:16,45042,31756,2,3
15:27:16,45043,31757,2,3
15:27:16,45044,31758,2,3
15:27:16,45058,31768,2,3
15:27:16,45060,31769,2,3
15:27:16,45067,31774,2,3
15:27:16,45069,31776,2,3
15:27:16,45071,31777,2,3
15:27:16,45076,31781,2,3
15:27:16,45079,31783,2,3
15:27:16,45080,31784,2,3
15:27:16,45082,31785,2,3
15:27:16,45083,31786,2,3
15:27:16,45085,31787,2,3
15:27:16,45086,31788,2,3
15:27:16,45087,31789,2,3
15:27:16,45089,31790,2,3
15:27:16,45093,31793,2,3
15:27:16,45094,31794,2,3
15:27:16,45098,31797,2,3
15:27:16,45100,31798,2,3
15:27:16,45101,31799,2,3
15:27:16,45105,31802,2,3
15:27:16,45107,31803,2,3
15:27:16,45108,31804,2,3
15:27:16,45109,31805,2,3
15:27:16,45115,31809,2,3
15:27:16,45129,31819,2,3
15:27:16,45136,31824,2,3
15:27:16,45137,31825,2,3
15:27:16,45139,31826,2,3
15:27:16,45140,31827,2,3
15:27:16,45143,31829,2,3
15:27:16,45148,31833,2,3
15:27:16,45152,31836,2,3
15:27:16,45155,31838,2,3
15:27:16,45159,31841,2,3
15:27:16,45162,31843,2,3
15:27:16,45170,31849,2,3
15:27:16,45172,31850,2,3
15:27:16,45173,31851,2,3
15:27:16,45175,31852,2,3
15:27:16,45176,31853,2,3
15:27:16,45177,31854,2,3
15:27:16,45181,31857,2,3
15:27:16,45183,31858,2,3
15:27:16,45184,31859,2,3
15:27:16,45188,31862,2,3
15:27:16,45191,31864,2,3
15:27:16,45193,31865,2,3
15:27:16,45194,31866,2,3
15:27:16,45195,31867,2,3
15:27:16,45197,31868,2,3
15:27:16,45198,31869,2,3
15:27:16,45199,31870,2,3
15:27:16,45204,31873,2,3
15:27:16,45205,31874,2,3
15:27:16,45208,31876,2,3
15:27:16,45211,31878,2,3
15:27:16,45213,31880,2,3
15:27:16,45215,31881,2,3
15:27:16,45216,31882,2,3
15:27:16,45218,31883,2,3
15:27:16,45222,31886,2,3
15:27:16,45223,31887,2,3
15:27:16,45224,31888,2,3
15:27:16,45226,31889,2,3
15:27:16,45227,31890,2,3
15:27:16,45229,31891,2,3
15:27:16,45234,31895,2,3
15:27:16,45237,31897,2,3
15:27:16,45240,31899,2,3
15:27:16,45242,31901,2,3
15:27:16,45245,31903,2,3
15:27:16,45247,31904,2,3
15:27:16,45248,31905,2,3
15:27:16,45251,31907,2,3
15:27:16,45255,31910,2,3
15:27:16,45258,31912,2,3
15:27:16,45259,31913,2,3
15:27:16,45260,31914,2,3
15:27:16,45263,31916,2,3
15:27:16,45270,31921,2,3
15:27:16,45272,31922,2,3
15:27:16,45273,31923,2,3
15:27:16,45278,31927,2,3
15:27:16,45280,31928,2,3
15:27:16,45283,31930,2,3
15:27:16,45284,31931,2,3
15:27:16,45287,31933,2,3
15:27:16,45288,31934,2,3
15:27:16,45290,31935,2,3
15:27:16,45291,31936,2,3
15:27:16,45292,31937,2,3
15:27:16,45294,31938,2,3
15:27:16,45295,31939,2,3
15:27:16,45299,31942,2,3
15:27:16,45301,31943,2,3
15:27:16,45302,31944,2,3
15:27:16,45303,31945,2,3
15:27:16,45305,31946,2,3
15:27:16,45308,31948,2,3
15:27:16,45309,31949,2,3
15:27:16,45310,31950,2,3
15:27:16,45312,31951,2,3
15:27:16,45313,31952,2,3
15:27:16,45314,31953,2,3
15:27:16,45316,31954,2,3
15:27:16,45317,31955,2,3
15:27:16,45319,31956,2,3
15:27:16,45320,31957,2,3
15:27:16,45323,31959,2,3
15:27:16,45324,31960,2,3
15:27:16,45326,31961,2,3
15:27:16,45327,31962,2,3
15:27:16,45330,31964,2,3
15:27:16,45332,31966,2,3
15:27:16,45335,31968,2,3
15:27:16,45337,31969,2,3
15:27:16,45339,31971,2,3
15:27:16,45342,31973,2,3
15:27:16,45344,31974,2,3
15:27:16,45348,31977,2,3
15:27:16,45349,31978,2,3
15:27:16,45350,31979,2,3
15:27:16,45352,31980,2,3
15:27:16,45353,31981,2,3
15:27:16,45355,31982,2,3
15:27:16,45356,31983,2,3
15:27:16,45357,31984,2,3
15:27:16,45359,31985,2,3
15:27:16,45362,31987,2,3
15:27:16,45363,31988,2,3
15:27:16,45366,31990,2,3
15:27:16,45367,31991,2,3
15:27:16,45368,31992,2,3
15:27:16,45370,31993,2,3
15:27:16,45371,31994,2,3
15:27:16,45374,31996,2,3
15:27:16,45375,31997,2,3
15:27:16,45378,31999,2,3
15:27:16,45382,32002,2,3
15:27:16,45386,32005,2,3
15:27:16,45389,32007,2,3
15:27:16,45391,32008,2,3
15:27:16,45392,32009,2,3
15:27:16,45393,32010,2,3
15:27:16,45395,32011,2,3
15:27:16,45399,32014,2,3
15:27:16,45400,32015,2,3
15:27:16,45402,32016,2,3
15:27:16,45403,32017,2,3
15:27:16,45404,32018,2,3
15:27:16,45406,32019,2,3
15:27:16,45407,32020,2,3
15:27:16,45409,32021,2,3
15:27:16,45411,32023,2,3
15:27:16,45413,32024,2,3
15:27:16,45414,32025,2,3
15:27:16,45416,32026,2,3
15:27:16,45418,32028,2,3
15:27:16,45420,32029,2,3
15:27:16,45421,32030,2,3
15:27:16,45424,32032,2,3
15:27:16,45425,32033,2,3
15:27:16,45428,32035,2,3
15:27:16,45429,32036,2,3
15:27:16,45431,32037,2,3
15:27:16,45432,32038,2,3
15:27:16,45434,32039,2,3
15:27:16,45436,32041,2,3
15:27:16,45440,32044,2,3
15:27:16,45443,32046,2,3
15:27:16,45446,32048,2,3
15:27:16,45450,32051,2,3
15:27:16,45453,32053,2,3
15:27:16,45456,32055,2,3
15:27:16,45458,32057,2,3
15:27:16,45461,32059,2,3
15:27:16,45463,32060,2,3
15:27:16,45464,32061,2,3
15:27:16,45467,32063,2,3
15:27:16,45468,32064,2,3
15:27:16,45470,32065,2,3
15:27:16,45471,32066,2,3
15:27:16,45472,32067,2,3
15:27:16,45474,32068,2,3
15:27:16,45475,32069,2,3
15:27:16,45476,32070,2,3
15:27:16,45479,32072,2,3
15:27:16,45483,32075,2,3
15:27:16,45485,32076,2,3
15:27:16,45486,32077,2,3
15:27:16,45488,32078,2,3
15:27:16,45490,32080,2,3
15:27:16,45492,32081,2,3
15:27:16,45495,32083,2,3
15:27:16,45496,32084,2,3
15:27:16,45499,32086,2,3
15:27:16,45500,32087,2,3
15:27:16,45501,32088,2,3
15:27:16,45504,32090,2,3
15:27:16,45506,32091,2,3
15:27:16,45507,32092,2,3
15:27:16,45508,32093,2,3
15:27:16,45511,32095,2,3
15:27:16,45513,32096,2,3
15:27:16,45514,32097,2,3
15:27:16,45517,32099,2,3
15:27:16,45518,32100,2,3
15:27:16,45519,32101,2,3
15:27:16,45522,32103,2,3
15:27:16,45524,32104,2,3
15:27:16,45526,32106,2,3
15:27:16,45528,32107,2,3
15:27:16,45533,32111,2,3
15:27:16,45535,32112,2,3
15:27:16,45536,32113,2,3
15:27:16,45537,32114,2,3
15:27:16,45539,32115,2,3
15:27:16,45540,32116,2,3
15:27:16,45542,32117,2,3
15:27:16,45543,32118,2,3
15:27:16,45544,32119,2,3
15:27:16,45549,32122,2,3
15:27:16,45550,32123,2,3
15:27:16,45553,32125,2,3
15:27:16,45555,32127,2,3
15:27:16,45557,32128,2,3
15:27:16,45560,32130,2,3
15:27:16,45561,32131,2,3
15:27:16,45564,32133,2,3
15:27:16,45565,32134,2,3
15:27:16,45567,32135,2,3
15:27:16,45568,32136,2,3
15:27:16,45569,32137,2,3
15:27:16,45572,32139,2,3
15:27:16,45573,32140,2,3
15:27:16,45575,32141,2,3
15:27:16,45576,32142,2,3
15:27:16,45578,32143,2,3
15:27:16,45579,32144,2,3
15:27:16,45580,32145,2,3
15:27:16,45582,32146,2,3
15:27:16,45583,32147,2,3
15:27:16,45586,32149,2,3
15:27:16,45591,32153,2,3
15:27:16,45593,32154,2,3
15:27:16,45594,32155,2,3
15:27:16,45596,32156,2,3
15:27:16,45597,32157,2,3
15:27:16,45600,32159,2,3
15:27:16,45601,32160,2,3
15:27:16,45605,32163,2,3
15:27:16,45607,32164,2,3
15:27:16,45609,32166,2,3
15:27:16,45611,32167,2,3
15:27:16,45614,32169,2,3
15:27:16,45615,32170,2,3
15:27:16,45621,32174,2,3
15:27:16,45622,32175,2,3
15:27:16,45623,32176,2,3
15:27:16,45625,32177,2,3
15:27:16,45626,32178,2,3
15:27:16,45627,32179,2,3
15:27:16,45630,32181,2,3
15:27:16,45632,32182,2,3
15:27:16,45633,32183,2,3
15:27:16,45634,32184,2,3
15:27:16,45636,32185,2,3
15:27:16,45637,32186,2,3
15:27:16,45639,32187,2,3
15:27:16,45640,32188,2,3
15:27:16,45643,32190,2,3
15:27:16,45645,32192,2,3
15:27:16,45647,32193,2,3
15:27:16,45648,32194,2,3
15:27:16,45650,32195,2,3
15:27:16,45651,32196,2,3
15:27:16,45652,32197,2,3
15:27:16,45654,32198,2,3
15:27:16,45655,32199,2,3
15:27:16,45657,32200,2,3
15:27:16,45658,32201,2,3
15:27:16,45659,32202,2,3
15:27:16,45662,32204,2,3
15:27:16,45663,32205,2,3
15:27:16,45665,32206,2,3
15:27:16,45666,32207,2,3
15:27:16,45669,32209,2,3
15:27:16,45670,32210,2,3
15:27:16,45675,32213,2,3
15:27:16,45677,32215,2,3
15:27:16,45679,32216,2,3
15:27:16,45680,32217,2,3
15:27:16,45683,32219,2,3
15:27:16,45684,32220,2,3
15:27:16,45686,32221,2,3
15:27:16,45690,32224,2,3
15:27:16,45691,32225,2,3
15:27:16,45693,32226,2,3
15:27:16,45694,32227,2,3
15:27:16,45695,32228,2,3
15:27:16,45698,32230,2,3
15:27:16,45705,32235,2,3
15:27:16,45706,32236,2,3
15:27:16,45708,32237,2,3
15:27:16,45712,32240,2,3
15:27:16,45716,32243,2,3
15:27:16,45717,32244,2,3
15:27:16,45719,32245,2,3
15:27:16,45720,32246,2,3
15:27:16,45722,32247,2,3
15:27:16,45726,32250,2,3
15:27:16,45729,32252,2,3
15:27:16,45733,32255,2,3
15:27:16,45738,32259,2,3
15:27:16,45740,32260,2,3
15:27:16,45744,32263,2,3
15:27:16,45745,32264,2,3
15:27:16,45749,32267,2,3
15:27:16,45752,32269,2,3
15:27:16,45753,32270,2,3
15:27:16,45755,32271,2,3
15:27:16,45756,32272,2,3
15:27:16,45758,32273,2,3
15:27:16,45760,32275,2,3
15:27:16,45763,32277,2,3
15:27:16,45765,32278,2,3
15:27:16,45766,32279,2,3
15:27:16,45769,32281,2,3
15:27:16,45770,32282,2,3
15:27:16,45772,32283,2,3
15:27:16,45773,32284,2,3
15:27:16,45776,32286,2,3
15:27:16,45777,32287,2,3
15:27:16,45780,32289,2,3
15:27:16,45781,32290,2,3
15:27:16,45783,32291,2,3
15:27:16,45784,32292,2,3
15:27:16,45785,32293,2,3
15:27:16,45787,32294,2,3
15:27:16,45788,32295,2,3
15:27:16,45791,32297,2,3
15:27:16,45792,32298,2,3
15:27:16,45795,32300,2,3
15:27:16,45796,32301,2,3
15:27:16,45799,32303,2,3
15:27:16,45801,32304,2,3
15:27:16,45802,32305,2,3
15:27:16,45805,32307,2,3
15:27:16,45806,32308,2,3
15:27:16,45808,32309,2,3
15:27:16,45809,32310,2,3
15:27:16,45810,32311,2,3
15:27:16,45812,32312,2,3
15:27:16,45817,32316,2,3
15:27:16,45820,32318,2,3
15:27:16,45821,32319,2,3
15:27:17,45823,32320,2,3
15:27:17,45824,32321,2,3
15:27:17,45827,32323,2,3
15:27:17,45830,32325,2,3
15:27:17,45831,32326,2,3
15:27:17,45832,32327,2,3
15:27:17,45834,32328,2,3
15:27:17,45837,32330,2,3
15:27:17,45838,32331,2,3
15:27:17,45842,32334,2,3
15:27:17,45844,32335,2,3
15:27:17,45845,32336,2,3
15:27:17,45850,32340,2,3
15:27:17,45852,32341,2,3
15:27:17,45853,32342,2,3
15:27:17,45856,32344,2,3
15:27:17,45857,32345,2,3
15:27:17,45860,32347,2,3
15:27:17,45862,32348,2,3
15:27:17,45864,32350,2,3
15:27:17,45866,32351,2,3
15:27:17,45867,32352,2,3
15:27:17,45868,32353,2,3
15:27:17,45870,32354,2,3
15:27:17,45873,32356,2,3
15:27:17,45874,32357,2,3
15:27:17,45875,32358,2,3
15:27:17,45877,32359,2,3
15:27:17,45878,32360,2,3
15:27:17,45880,32361,2,3
15:27:17,45881,32362,2,3
15:27:17,45882,32363,2,3
15:27:17,45885,32365,2,3
15:27:17,45891,32369,2,3
15:27:17,45892,32370,2,3
15:27:17,45893,32371,2,3
15:27:17,45896,32373,2,3
15:27:17,45899,32375,2,3
15:27:17,45900,32376,2,3
15:27:17,45903,32378,2,3
15:27:17,45904,32379,2,3
15:27:17,45906,32380,2,3
15:27:17,45907,32381,2,3
15:27:17,45909,32382,2,3
15:27:17,45910,32383,2,3
15:27:17,45913,32385,2,3
15:27:17,45914,32386,2,3
15:27:17,45916,32387,2,3
15:27:17,45917,32388,2,3
15:27:17,45920,32390,2,3
15:27:17,45921,32391,2,3
15:27:17,45922,32392,2,3
15:27:17,45925,32394,2,3
15:27:17,45928,32396,2,3
15:27:17,45929,32397,2,3
15:27:17,45934,32400,2,3
15:27:17,45935,32401,2,3
15:27:17,45936,32402,2,3
15:27:17,45938,32403,2,3
15:27:17,45939,32404,2,3
15:27:17,45940,32405,2,3
15:27:17,45942,32406,2,3
15:27:17,45943,32407,2,3
15:27:17,45945,32408,2,3
15:27:17,45946,32409,2,3
15:27:17,45949,32411,2,3
15:27:17,45954,32415,2,3
15:27:17,45957,32417,2,3
15:27:17,45958,32418,2,3
15:27:17,45961,32420,2,3
15:27:17,45963,32421,2,3
15:27:17,45968,32425,2,3
15:27:17,45970,32426,2,3
15:27:17,45971,32427,2,3
15:27:17,45972,32428,2,3
15:27:17,45974,32429,2,3
15:27:17,45975,32430,2,3
15:27:17,45976,32431,2,3
15:27:17,45978,32432,2,3
15:27:17,45979,32433,2,3
15:27:17,45982,32435,2,3
15:27:17,45983,32436,2,3
15:27:17,45986,32438,2,3
15:27:17,45988,32439,2,3
15:27:17,45990,32441,2,3
15:27:17,45993,32443,2,3
15:27:17,45994,32444,2,3
15:27:17,45997,32446,2,3
15:27:17,45999,32447,2,3
15:27:17,46001,32449,2,3
15:27:17,46004,32451,2,3
15:27:17,46006,32452,2,3
15:27:17,46007,32453,2,3
15:27:17,46008,32454,2,3
15:27:17,46010,32455,2,3
15:27:17,46011,32456,2,3
15:27:17,46012,32457,2,3
15:27:17,46014,32458,2,3
15:27:17,46017,32460,2,3
15:27:17,46018,32461,2,3
15:27:17,46019,32462,2,3
15:27:17,46021,32463,2,3
15:27:17,46022,32464,2,3
15:27:17,46024,32465,2,3
15:27:17,46025,32466,2,3
15:27:17,46028,32468,2,3
15:27:17,46029,32469,2,3
15:27:17,46032,32471,2,3
15:27:17,46035,32473,2,3
15:27:17,46037,32475,2,3
15:27:17,46039,32476,2,3
15:27:17,46040,32477,2,3
15:27:17,46042,32478,2,3
15:27:17,46044,32480,2,3
15:27:17,46046,32481,2,3
15:27:17,46047,32482,2,3
15:27:17,46049,32483,2,3
15:27:17,46050,32484,2,3
15:27:17,46053,32486,2,3
15:27:17,46055,32488,2,3
15:27:17,46058,32490,2,3
15:27:17,46060,32491,2,3
15:27:17,46062,32493,2,3
15:27:17,46064,32494,2,3
15:27:17,46065,32495,2,3
15:27:17,46067,32496,2,3
15:27:17,46068,32497,2,3
15:27:17,46069,32498,2,3
15:27:17,46071,32499,2,3
15:27:17,46075,32502,2,3
15:27:17,46076,32503,2,3
15:27:17,46078,32504,2,3
15:27:17,46080,32506,2,3
15:27:17,46082,32507,2,3
15:27:17,46083,32508,2,3
15:27:17,46085,32509,2,3
15:27:17,46086,32510,2,3
15:27:17,46087,32511,2,3
15:27:17,46089,32512,2,3
15:27:17,46094,32516,2,3
15:27:17,46097,32518,2,3
15:27:17,46100,32520,2,3
15:27:17,46101,32521,2,3
15:27:17,46103,32522,2,3
15:27:17,46105,32524,2,3
15:27:17,46107,32525,2,3
15:27:17,46108,32526,2,3
15:27:17,46109,32527,2,3
15:27:17,46112,32529,2,3
15:27:17,46115,32531,2,3
15:27:17,46119,32534,2,3
15:27:17,46121,32535,2,3
15:27:17,46123,32537,2,3
15:27:17,46125,32538,2,3
15:27:17,46126,32539,2,3
15:27:17,46127,32540,2,3
15:27:17,46130,32542,2,3
15:27:17,46133,32544,2,3
15:27:17,46134,32545,2,3
15:27:17,46136,32546,2,3
15:27:17,46139,32548,2,3
15:27:17,46140,32549,2,3
15:27:17,46141,32550,2,3
15:27:17,46143,32551,2,3
15:27:17,46147,32554,2,3
15:27:17,46150,32556,2,3
15:27:17,46152,32558,2,3
15:27:17,46154,32559,2,3
15:27:17,46157,32561,2,3
15:27:17,46158,32562,2,3
15:27:17,46162,32565,2,3
15:27:17,46163,32566,2,3
15:27:17,46165,32567,2,3
15:27:17,46168,32569,2,3
15:27:17,46172,32572,2,3
15:27:17,46173,32573,2,3
15:27:17,46177,32576,2,3
15:27:17,46183,32580,2,3
15:27:17,46184,32581,2,3
15:27:17,46186,32582,2,3
15:27:17,46187,32583,2,3
15:27:17,46188,32584,2,3
15:27:17,46190,32585,2,3
15:27:17,46191,32586,2,3
15:27:17,46193,32587,2,3
15:27:17,46194,32588,2,3
15:27:17,46198,32591,2,3
15:27:17,46199,32592,2,3
15:27:17,46201,32593,2,3
15:27:17,46202,32594,2,3
15:27:17,46204,32595,2,3
15:27:17,46208,32598,2,3
15:27:17,46209,32599,2,3
15:27:17,46211,32600,2,3
15:27:17,46212,32601,2,3
15:27:17,46213,32602,2,3
15:27:17,46217,32605,2,3
15:27:17,46220,32607,2,3
15:27:17,46223,32609,2,3
15:27:17,46224,32610,2,3
15:27:17,46226,32611,2,3
15:27:17,46229,32613,2,3
15:27:17,46231,32615,2,3
15:27:17,46233,32616,2,3
15:27:17,46234,32617,2,3
15:27:17,46237,32619,2,3
15:27:17,46238,32620,2,3
15:27:17,46240,32621,2,3
15:27:17,46241,32622,2,3
15:27:17,46242,32623,2,3
15:27:17,46244,32624,2,3
15:27:17,46245,32625,2,3
15:27:17,46248,32627,2,3
15:27:17,46249,32628,2,3
15:27:17,46252,32630,2,3
15:27:17,46253,32631,2,3
15:27:17,46255,32632,2,3
15:27:17,46258,32634,2,3
15:27:17,46259,32635,2,3
15:27:17,46260,32636,2,3
15:27:17,46262,32637,2,3
15:27:17,46263,32638,2,3
15:27:17,46267,32641,2,3
15:27:17,46271,32644,2,3
15:27:17,46274,32646,2,3
15:27:17,46276,32647,2,3
15:27:17,46278,32649,2,3
15:27:17,46280,32650,2,3
15:27:17,46281,32651,2,3
15:27:17,46283,32652,2,3
15:27:17,46284,32653,2,3
15:27:17,46285,32654,2,3
15:27:17,46287,32655,2,3
15:27:17,46294,32660,2,3
15:27:17,46295,32661,2,3
15:27:17,46296,32662,2,3
15:27:17,46298,32663,2,3
15:27:17,46302,32666,2,3
15:27:17,46303,32667,2,3
15:27:17,46305,32668,2,3
15:27:17,46306,32669,2,3
15:27:17,46307,32670,2,3
15:27:17,46313,32674,2,3
15:27:17,46314,32675,2,3
15:27:17,46317,32677,2,3
15:27:17,46319,32678,2,3
15:27:17,46320,32679,2,3
15:27:17,46321,32680,2,3
15:27:17,46323,32681,2,3
15:27:17,46324,32682,2,3
15:27:17,46326,32683,2,3
15:27:17,46327,32684,2,3
15:27:17,46331,32687,2,3
15:27:17,46332,32688,2,3
15:27:17,46334,32689,2,3
15:27:17,46335,32690,2,3
15:27:17,46337,32691,2,3
15:27:17,46338,32692,2,3
15:27:17,46339,32693,2,3
15:27:17,46349,32700,2,3
15:27:17,46352,32702,2,3
15:27:17,46355,32704,2,3
15:27:17,46356,32705,2,3
15:27:17,46357,32706,2,3
15:27:17,46360,32708,2,3
15:27:17,46364,32711,2,3
15:27:17,46367,32713,2,3
15:27:17,46368,32714,2,3
15:27:17,46370,32715,2,3
15:27:17,46371,32716,2,3
15:27:17,46373,32717,2,3
15:27:17,46375,32719,2,3
15:27:17,46378,32721,2,3
15:27:17,46380,32722,2,3
15:27:17,46381,32723,2,3
15:27:17,46382,32724,2,3
15:27:17,46384,32725,2,3
15:27:17,46388,32728,2,3
15:27:17,46391,32730,2,3
15:27:17,46393,32732,2,3
15:27:17,46396,32734,2,3
15:27:17,46398,32735,2,3
15:27:17,46399,32736,2,3
15:27:17,46404,32740,2,3
15:27:17,46409,32743,2,3
15:27:17,46410,32744,2,3
15:27:17,46413,32746,2,3
15:27:17,46416,32748,2,3
15:27:17,46421,32752,2,3
15:27:17,46422,32753,2,3
15:27:17,46424,32754,2,3
15:27:17,46425,32755,2,3
15:27:17,46428,32757,2,3
15:27:17,46429,32758,2,3
15:27:17,46438,32764,2,3
15:27:17,46439,32765,2,3
15:27:17,46443,32768,2,3
15:27:17,46445,32769,2,3
15:27:17,46446,32770,2,3
15:27:17,46447,32771,2,3
15:27:17,46449,32772,2,3
15:27:17,46450,32773,2,3
15:27:17,46453,32775,2,3
15:27:17,46457,32778,2,3
15:27:17,46458,32779,2,3
15:27:17,46461,32781,2,3
15:27:17,46464,32783,2,3
15:27:17,46467,32785,2,3
15:27:17,46468,32786,2,3
15:27:17,46470,32787,2,3
15:27:17,46472,32789,2,3
15:27:17,46476,32792,2,3
15:27:17,46478,32793,2,3
15:27:17,46485,32798,2,3
15:27:17,46489,32801,2,3
15:27:17,46490,32802,2,3
15:27:17,46493,32804,2,3
15:27:17,46494,32805,2,3
15:27:17,46496,32806,2,3
15:27:17,46497,32807,2,3
15:27:17,46501,32810,2,3
15:27:17,46504,32812,2,3
15:27:17,46506,32813,2,3
15:27:17,46507,32814,2,3
15:27:17,46510,32816,2,3
15:27:17,46514,32819,2,3
15:27:17,46515,32820,2,3
15:27:17,46518,32822,2,3
15:27:17,46519,32823,2,3
15:27:17,46524,32826,2,3
15:27:17,46526,32828,2,3
15:27:17,46533,32833,2,3
15:27:17,46536,32835,2,3
15:27:17,46537,32836,2,3
15:27:17,46540,32838,2,3
15:27:17,46542,32839,2,3
15:27:17,46543,32840,2,3
15:27:17,46547,32843,2,3
15:27:17,46554,32848,2,3
15:27:17,46557,32850,2,3
15:27:17,46566,32857,2,3
15:27:17,46568,32858,2,3
15:27:17,46571,32860,2,3
15:27:17,46576,32864,2,3
15:27:17,46578,32865,2,3
15:27:17,46579,32866,2,3
15:27:17,46582,32868,2,3
15:27:17,46583,32869,2,3
15:27:17,46584,32870,2,3
15:27:17,46586,32871,2,3
15:27:17,46587,32872,2,3
15:27:17,46589,32873,2,3
15:27:17,46590,32874,2,3
15:27:17,46591,32875,2,3
15:27:17,46594,32877,2,3
15:27:17,46596,32878,2,3
15:27:17,46600,32881,2,3
15:27:17,46612,32890,2,3
15:27:17,46621,32896,2,3
15:27:17,46623,32898,2,3
15:27:17,46629,32902,2,3
15:27:17,46630,32903,2,3
15:27:17,46633,32905,2,3
15:27:17,46634,32906,2,3
15:27:17,46636,32907,2,3
15:27:17,46641,32911,2,3
15:27:17,46644,32913,2,3
15:27:17,46645,32914,2,3
15:27:17,46647,32915,2,3
15:27:17,46648,32916,2,3
15:27:17,46650,32917,2,3
15:27:17,46652,32919,2,3
15:27:17,46655,32921,2,3
15:27:17,46662,32926,2,3
15:27:17,46663,32927,2,3
15:27:17,46668,32930,2,3
15:27:17,46669,32931,2,3
15:27:17,46672,32933,2,3
15:27:17,46673,32934,2,3
15:27:17,46675,32935,2,3
15:27:17,46680,32939,2,3
15:27:17,46684,32942,2,3
15:27:17,46686,32943,2,3
15:27:17,46688,32945,2,3
15:27:17,46690,32946,2,3
15:27:17,46691,32947,2,3
15:27:17,46695,32950,2,3
15:27:17,46698,32952,2,3
15:27:17,46699,32953,2,3
15:27:17,46705,32957,2,3
15:27:17,46713,32963,2,3
15:27:17,46715,32964,2,3
15:27:17,46716,32965,2,3
15:27:17,46720,32968,2,3
15:27:17,46723,32970,2,3
15:27:17,46727,32973,2,3
15:27:17,46738,32981,2,3
15:27:17,46747,32987,2,3
15:27:17,46749,32989,2,3
15:27:17,46752,32991,2,3
15:27:17,46753,32992,2,3
15:27:17,46765,33000,2,3
15:27:17,46769,33003,2,3
15:27:17,46773,33006,2,3
15:27:17,46780,33011,2,3
15:27:17,46783,33013,2,3
15:27:17,46785,33015,2,3
15:27:17,46787,33016,2,3
15:27:17,46789,33018,2,3
15:27:17,46791,33019,2,3
15:27:17,46794,33021,2,3
15:27:17,46795,33022,2,3
15:27:17,46796,33023,2,3
15:27:17,46799,33025,2,3
15:27:17,46802,33027,2,3
15:27:17,46803,33028,2,3
15:27:17,46805,33029,2,3
15:27:17,46806,33030,2,3
15:27:17,46807,33031,2,3
15:27:17,46810,33033,2,3
15:27:17,46812,33034,2,3
15:27:17,46814,33036,2,3
15:27:17,46816,33037,2,3
15:27:17,46817,33038,2,3
15:27:17,46820,33040,2,3
15:27:18,46821,33041,2,3
15:27:18,46823,33042,2,3
15:27:18,46825,33044,2,3
15:27:18,46828,33046,2,3
15:27:18,46832,33049,2,3
15:27:18,46834,33050,2,3
15:27:18,46838,33053,2,3
15:27:18,46839,33054,2,3
15:27:18,46841,33055,2,3
15:27:18,46842,33056,2,3
15:27:18,46843,33057,2,3
15:27:18,46845,33058,2,3
15:27:18,46846,33059,2,3
15:27:18,46850,33062,2,3
15:27:18,46852,33063,2,3
15:27:18,46853,33064,2,3
15:27:18,46857,33067,2,3
15:27:18,46860,33069,2,3
15:27:18,46861,33070,2,3
15:27:18,46866,33073,2,3
15:27:18,46867,33074,2,3
15:27:18,46870,33076,2,3
15:27:18,46871,33077,2,3
15:27:18,46874,33079,2,3
15:27:18,46875,33080,2,3
15:27:18,46878,33082,2,3
15:27:18,46881,33084,2,3
15:27:18,46882,33085,2,3
15:27:18,46885,33087,2,3
15:27:18,46888,33089,2,3
15:27:18,46889,33090,2,3
15:27:18,46891,33091,2,3
15:27:18,46892,33092,2,3
15:27:18,46898,33096,2,3
15:27:18,46899,33097,2,3
15:27:18,46903,33100,2,3
15:27:18,46906,33102,2,3
15:27:18,46907,33103,2,3
15:27:18,46909,33104,2,3
15:27:18,46910,33105,2,3
15:27:18,46911,33106,2,3
15:27:18,46913,33107,2,3
15:27:18,46929,33119,2,3
15:27:18,46931,33120,2,3
15:27:18,46932,33121,2,3
15:27:18,46934,33122,2,3
15:27:18,46935,33123,2,3
15:27:18,46936,33124,2,3
15:27:18,46938,33125,2,3
15:27:18,46939,33126,2,3
15:27:18,46942,33128,2,3
15:27:18,46945,33130,2,3
15:27:18,46947,33132,2,3
15:27:18,46952,33135,2,3
15:27:18,46953,33136,2,3
15:27:18,46957,33139,2,3
15:27:18,46958,33140,2,3
15:27:18,46960,33141,2,3
15:27:18,46963,33143,2,3
15:27:18,46964,33144,2,3
15:27:18,46967,33146,2,3
15:27:18,46968,33147,2,3
15:27:18,46971,33149,2,3
15:27:18,46972,33150,2,3
15:27:18,46974,33151,2,3
15:27:18,46975,33152,2,3
15:27:18,46976,33153,2,3
15:27:18,46979,33155,2,3
15:27:18,46981,33156,2,3
15:27:18,46983,33158,2,3
15:27:18,46986,33160,2,3
15:27:18,46988,33161,2,3
15:27:18,46990,33163,2,3
15:27:18,46994,33166,2,3
15:27:18,46997,33168,2,3
15:27:18,46999,33169,2,3
15:27:18,47000,33170,2,3
15:27:18,47001,33171,2,3
15:27:18,47004,33173,2,3
15:27:18,47007,33175,2,3
15:27:18,47010,33177,2,3
15:27:18,47014,33180,2,3
15:27:18,47015,33181,2,3
15:27:18,47018,33183,2,3
15:27:18,47019,33184,2,3
15:27:18,47021,33185,2,3
15:27:18,47022,33186,2,3
15:27:18,47024,33187,2,3
15:27:18,47026,33189,2,3
15:27:18,47033,33194,2,3
15:27:18,47035,33195,2,3
15:27:18,47036,33196,2,3
15:27:18,47039,33198,2,3
15:27:18,47040,33199,2,3
15:27:18,47042,33200,2,3
15:27:18,47047,33204,2,3
15:27:18,47048,33205,2,3
15:27:18,47050,33206,2,3
15:27:18,47051,33207,2,3
15:27:18,47053,33208,2,3
15:27:18,47054,33209,2,3
15:27:18,47055,33210,2,3
15:27:18,47057,33211,2,3
15:27:18,47062,33215,2,3
15:27:18,47065,33217,2,3
15:27:18,47066,33218,2,3
15:27:18,47069,33220,2,3
15:27:18,47072,33222,2,3
15:27:18,47075,33224,2,3
15:27:18,47078,33226,2,3
15:27:18,47079,33227,2,3
15:27:18,47080,33228,2,3
15:27:18,47082,33229,2,3
15:27:18,47083,33230,2,3
15:27:18,47089,33234,2,3
15:27:18,47090,33235,2,3
15:27:18,47091,33236,2,3
15:27:18,47094,33238,2,3
15:27:18,47096,33239,2,3
15:27:18,47097,33240,2,3
15:27:18,47100,33242,2,3
15:27:18,47101,33243,2,3
15:27:18,47102,33244,2,3
15:27:18,47104,33245,2,3
15:27:18,47105,33246,2,3
15:27:18,47107,33247,2,3
15:27:18,47108,33248,2,3
15:27:18,47111,33250,2,3
15:27:18,47112,33251,2,3
15:27:18,47114,33252,2,3
15:27:18,47115,33253,2,3
15:27:18,47118,33255,2,3
15:27:18,47122,33258,2,3
15:27:18,47123,33259,2,3
15:27:18,47126,33261,2,3
15:27:18,47127,33262,2,3
15:27:18,47130,33264,2,3
15:27:18,47133,33266,2,3
15:27:18,47136,33268,2,3
15:27:18,47144,33274,2,3
15:27:18,47145,33275,2,3
15:27:18,47147,33276,2,3
15:27:18,47148,33277,2,3
15:27:18,47150,33278,2,3
15:27:18,47151,33279,2,3
15:27:18,47152,33280,2,3
15:27:18,47154,33281,2,3
15:27:18,47155,33282,2,3
15:27:18,47157,33283,2,3
15:27:18,47158,33284,2,3
15:27:18,47161,33286,2,3
15:27:18,47163,33288,2,3
15:27:18,47165,33289,2,3
15:27:18,47166,33290,2,3
15:27:18,47169,33292,2,3
15:27:18,47170,33293,2,3
15:27:18,47172,33294,2,3
15:27:18,47173,33295,2,3
15:27:18,47176,33297,2,3
15:27:18,47177,33298,2,3
15:27:18,47181,33301,2,3
15:27:18,47183,33302,2,3
15:27:18,47184,33303,2,3
15:27:18,47186,33304,2,3
15:27:18,47187,33305,2,3
15:27:18,47188,33306,2,3
15:27:18,47190,33307,2,3
15:27:18,47191,33308,2,3
15:27:18,47193,33309,2,3
15:27:18,47194,33310,2,3
15:27:18,47195,33311,2,3
15:27:18,47197,33312,2,3
15:27:18,47198,33313,2,3
15:27:18,47199,33314,2,3
15:27:18,47201,33315,2,3
15:27:18,47202,33316,2,3
15:27:18,47204,33317,2,3
15:27:18,47205,33318,2,3
15:27:18,47208,33320,2,3
15:27:18,47209,33321,2,3
15:27:18,47212,33323,2,3
15:27:18,47213,33324,2,3
15:27:18,47216,33326,2,3
15:27:18,47219,33328,2,3
15:27:18,47222,33330,2,3
15:27:18,47223,33331,2,3
15:27:18,47224,33332,2,3
15:27:18,47226,33333,2,3
15:27:18,47227,33334,2,3
15:27:18,47230,33336,2,3
15:27:18,47231,33337,2,3
15:27:18,47233,33338,2,3
15:27:18,47234,33339,2,3
15:27:18,47235,33340,2,3
15:27:18,47238,33342,2,3
15:27:18,47241,33344,2,3
15:27:18,47242,33345,2,3
15:27:18,47245,33347,2,3
15:27:18,47247,33348,2,3
15:27:18,47248,33349,2,3
15:27:18,47249,33350,2,3
15:27:18,47251,33351,2,3
15:27:18,47252,33352,2,3
15:27:18,47253,33353,2,3
15:27:18,47255,33354,2,3
15:27:18,47256,33355,2,3
15:27:18,47258,33356,2,3
15:27:18,47259,33357,2,3
15:27:18,47260,33358,2,3
15:27:18,47263,33360,2,3
15:27:18,47266,33362,2,3
15:27:18,47269,33364,2,3
15:27:18,47270,33365,2,3
15:27:18,47271,33366,2,3
15:27:18,47273,33367,2,3
15:27:18,47277,33370,2,3
15:27:18,47278,33371,2,3
15:27:18,47280,33372,2,3
15:27:18,47283,33374,2,3
15:27:18,47285,33376,2,3
15:27:18,47287,33377,2,3
15:27:18,47288,33378,2,3
15:27:18,47291,33380,2,3
15:27:18,47292,33381,2,3
15:27:18,47294,33382,2,3
15:27:18,47296,33384,2,3
15:27:18,47298,33385,2,3
15:27:18,47299,33386,2,3
15:27:18,47301,33387,2,3
15:27:18,47302,33388,2,3
15:27:18,47303,33389,2,3
15:27:18,47305,33390,2,3
15:27:18,47306,33391,2,3
15:27:18,47307,33392,2,3
15:27:18,47309,33393,2,3
15:27:18,47312,33395,2,3
15:27:18,47314,33397,2,3
15:27:18,47316,33398,2,3
15:27:18,47317,33399,2,3
15:27:18,47319,33400,2,3
15:27:18,47321,33402,2,3
15:27:18,47323,33403,2,3
15:27:18,47325,33405,2,3
15:27:18,47327,33406,2,3
15:27:18,47328,33407,2,3
15:27:18,47330,33408,2,3
15:27:18,47331,33409,2,3
15:27:18,47334,33411,2,3
15:27:18,47335,33412,2,3
15:27:18,47337,33413,2,3
15:27:18,47338,33414,2,3
15:27:18,47339,33415,2,3
15:27:18,47341,33416,2,3
15:27:18,47342,33417,2,3
15:27:18,47343,33418,2,3
15:27:18,47345,33419,2,3
15:27:18,47346,33420,2,3
15:27:18,47348,33421,2,3
15:27:18,47349,33422,2,3
15:27:18,47352,33424,2,3
15:27:18,47353,33425,2,3
15:27:18,47355,33426,2,3
15:27:18,47357,33428,2,3
15:27:18,47359,33429,2,3
15:27:18,47360,33430,2,3
15:27:18,47361,33431,2,3
15:27:18,47363,33432,2,3
15:27:18,47364,33433,2,3
15:27:18,47366,33434,2,3
15:27:18,47367,33435,2,3
15:27:18,47368,33436,2,3
15:27:18,47370,33437,2,3
15:27:18,47371,33438,2,3
15:27:18,47373,33439,2,3
15:27:18,47375,33441,2,3
15:27:18,47377,33442,2,3
15:27:18,47378,33443,2,3
15:27:18,47379,33444,2,3
15:27:18,47381,33445,2,3
15:27:18,47382,33446,2,3
15:27:18,47384,33447,2,3
15:27:18,47385,33448,2,3
15:27:18,47386,33449,2,3
15:27:18,47389,33451,2,3
15:27:18,47391,33452,2,3
15:27:18,47392,33453,2,3
15:27:18,47393,33454,2,3
15:27:18,47395,33455,2,3
15:27:18,47396,33456,2,3
15:27:18,47399,33458,2,3
15:27:18,47400,33459,2,3
15:27:18,47402,33460,2,3
15:27:18,47403,33461,2,3
15:27:18,47406,33463,2,3
15:27:18,47407,33464,2,3
15:27:18,47409,33465,2,3
15:27:18,47410,33466,2,3
15:27:18,47411,33467,2,3
15:27:18,47413,33468,2,3
15:27:18,47414,33469,2,3
15:27:18,47415,33470,2,3
15:27:18,47417,33471,2,3
15:27:18,47418,33472,2,3
15:27:18,47421,33474,2,3
15:27:18,47425,33477,2,3
15:27:18,47427,33478,2,3
15:27:18,47428,33479,2,3
15:27:18,47429,33480,2,3
15:27:18,47431,33481,2,3
15:27:18,47434,33483,2,3
15:27:18,47435,33484,2,3
15:27:18,47436,33485,2,3
15:27:18,47438,33486,2,3
15:27:18,47439,33487,2,3
15:27:18,47440,33488,2,3
15:27:18,47442,33489,2,3
15:27:18,47443,33490,2,3
15:27:18,47445,33491,2,3
15:27:18,47446,33492,2,3
15:27:18,47447,33493,2,3
15:27:18,47449,33494,2,3
15:27:18,47450,33495,2,3
15:27:18,47452,33496,2,3
15:27:18,47453,33497,2,3
15:27:18,47456,33499,2,3
15:27:18,47457,33500,2,3
15:27:18,47458,33501,2,3
15:27:18,47460,33502,2,3
15:27:18,47463,33504,2,3
15:27:18,47464,33505,2,3
15:27:18,47465,33506,2,3
15:27:18,47467,33507,2,3
15:27:18,47468,33508,2,3
15:27:18,47470,33509,2,3
15:27:18,47471,33510,2,3
15:27:18,47474,33512,2,3
15:27:18,47475,33513,2,3
15:27:18,47476,33514,2,3
15:27:18,47478,33515,2,3
15:27:18,47481,33517,2,3
15:27:18,47482,33518,2,3
15:27:18,47483,33519,2,3
15:27:18,47486,33521,2,3
15:27:18,47488,33522,2,3
15:27:18,47489,33523,2,3
15:27:18,47490,33524,2,3
15:27:18,47492,33525,2,3
15:27:18,47493,33526,2,3
15:27:18,47496,33528,2,3
15:27:18,47497,33529,2,3
15:27:18,47499,33530,2,3
15:27:18,47500,33531,2,3
15:27:18,47501,33532,2,3
15:27:18,47503,33533,2,3
15:27:18,47504,33534,2,3
15:27:18,47506,33535,2,3
15:27:18,47507,33536,2,3
15:27:18,47508,33537,2,3
15:27:18,47511,33539,2,3
15:27:18,47514,33541,2,3
15:27:18,47517,33543,2,3
15:27:18,47518,33544,2,3
15:27:18,47519,33545,2,3
15:27:18,47522,33547,2,3
15:27:18,47525,33549,2,3
15:27:18,47526,33550,2,3
15:27:18,47528,33551,2,3
15:27:18,47530,33553,2,3
15:27:18,47535,33556,2,3
15:27:18,47536,33557,2,3
15:27:18,47537,33558,2,3
15:27:18,47539,33559,2,3
15:27:18,47540,33560,2,3
15:27:18,47542,33561,2,3
15:27:18,47543,33562,2,3
15:27:18,47544,33563,2,3
15:27:18,47546,33564,2,3
15:27:18,47548,33566,2,3
15:27:18,47550,33567,2,3
15:27:18,47551,33568,2,3
15:27:18,47553,33569,2,3
15:27:18,47554,33570,2,3
15:27:18,47557,33572,2,3
15:27:18,47558,33573,2,3
15:27:18,47561,33575,2,3
15:27:18,47562,33576,2,3
15:27:18,47564,33577,2,3
15:27:18,47565,33578,2,3
15:27:18,47566,33579,2,3
15:27:18,47568,33580,2,3
15:27:18,47571,33582,2,3
15:27:18,47572,33583,2,3
15:27:18,47573,33584,2,3
15:27:18,47575,33585,2,3
15:27:18,47578,33587,2,3
15:27:18,47580,33589,2,3
15:27:18,47582,33590,2,3
15:27:18,47583,33591,2,3
15:27:18,47586,33593,2,3
15:27:18,47587,33594,2,3
15:27:18,47589,33595,2,3
15:27:18,47590,33596,2,3
15:27:18,47593,33598,2,3
15:27:18,47594,33599,2,3
15:27:18,47596,33600,2,3
15:27:18,47597,33601,2,3
15:27:18,47600,33603,2,3
15:27:18,47601,33604,2,3
15:27:18,47604,33606,2,3
15:27:18,47605,33607,2,3
15:27:18,47608,33609,2,3
15:27:18,47609,33610,2,3
15:27:18,47612,33612,2,3
15:27:18,47614,33613,2,3
15:27:18,47615,33614,2,3
15:27:18,47618,33616,2,3
15:27:18,47619,33617,2,3
15:27:18,47620,33618,2,3
15:27:18,47622,33619,2,3
15:27:18,47625,33621,2,3
15:27:18,47626,33622,2,3
15:27:18,47627,33623,2,3
15:27:18,47629,33624,2,3
15:27:18,47630,33625,2,3
15:27:18,47634,33628,2,3
15:27:18,47636,33629,2,3
15:27:18,47641,33633,2,3
15:27:18,47643,33634,2,3
15:27:18,47644,33635,2,3
15:27:18,47645,33636,2,3
15:27:18,47648,33638,2,3
15:27:18,47650,33639,2,3
15:27:18,47651,33640,2,3
15:27:18,47652,33641,2,3
15:27:18,47654,33642,2,3
15:27:18,47655,33643,2,3
15:27:18,47656,33644,2,3
15:27:18,47659,33646,2,3
15:27:18,47661,33647,2,3
15:27:18,47662,33648,2,3
15:27:18,47663,33649,2,3
15:27:18,47665,33650,2,3
15:27:18,47666,33651,2,3
15:27:18,47668,33652,2,3
15:27:18,47669,33653,2,3
15:27:18,47672,33655,2,3
15:27:18,47674,33657,2,3
15:27:18,47677,33659,2,3
15:27:18,47679,33660,2,3
15:27:18,47680,33661,2,3
15:27:18,47686,33665,2,3
15:27:18,47687,33666,2,3
15:27:18,47690,33668,2,3
15:27:18,47692,33670,2,3
15:27:18,47694,33671,2,3
15:27:18,47695,33672,2,3
15:27:18,47697,33673,2,3
15:27:18,47698,33674,2,3
15:27:18,47704,33678,2,3
15:27:18,47708,33681,2,3
15:27:18,47709,33682,2,3
15:27:18,47711,33683,2,3
15:27:18,47713,33685,2,3
15:27:18,47715,33686,2,3
15:27:18,47723,33692,2,3
15:27:18,47724,33693,2,3
15:27:18,47726,33694,2,3
15:27:18,47730,33697,2,3
15:27:18,47737,33702,2,3
15:27:18,47741,33705,2,3
15:27:18,47752,33713,2,3
15:27:18,47755,33715,2,3
15:27:18,47758,33717,2,3
15:27:18,47766,33723,2,3
15:27:18,47771,33727,2,3
15:27:18,47781,33734,2,3
15:27:18,47784,33736,2,3
15:27:18,47795,33744,2,3
15:27:18,47803,33750,2,3
15:27:18,47805,33751,2,3
15:27:18,47807,33753,2,3
15:27:18,47817,33760,2,3
15:27:19,47838,33775,2,3
15:27:20,49442,34933,2,3
15:27:20,49445,34935,2,3
15:27:20,49447,34937,2,3
15:27:20,49449,34938,2,3
15:27:20,49450,34939,2,3
15:27:20,49456,34943,2,3
15:27:20,49460,34946,2,3
15:27:20,49461,34947,2,3
15:27:20,49463,34948,2,3
15:27:20,49464,34949,2,3
15:27:20,49465,34950,2,3
15:27:20,49467,34951,2,3
15:27:20,49468,34952,2,3
15:27:20,49469,34953,2,3
15:27:20,49471,34954,2,3
15:27:20,49474,34956,2,3
15:27:20,49475,34957,2,3
15:27:20,49476,34958,2,3
15:27:20,49478,34959,2,3
15:27:20,49479,34960,2,3
15:27:20,49481,34961,2,3
15:27:20,49482,34962,2,3
15:27:20,49483,34963,2,3
15:27:20,49485,34964,2,3
15:27:20,49486,34965,2,3
15:27:20,49487,34966,2,3
15:27:20,49489,34967,2,3
15:27:20,49490,34968,2,3
15:27:20,49492,34969,2,3
15:27:20,49493,34970,2,3
15:27:20,49494,34971,2,3
15:27:20,49497,34973,2,3
15:27:20,49499,34974,2,3
15:27:20,49500,34975,2,3
15:27:20,49501,34976,2,3
15:27:20,49505,34979,2,3
15:27:20,49507,34980,2,3
15:27:20,49508,34981,2,3
15:27:20,49510,34982,2,3
15:27:20,49511,34983,2,3
15:27:20,49514,34985,2,3
15:27:20,49515,34986,2,3
15:27:20,49517,34987,2,3
15:27:20,49518,34988,2,3
15:27:20,49519,34989,2,3
15:27:20,49522,34991,2,3
15:27:20,49523,34992,2,3
15:27:20,49525,34993,2,3
15:27:20,49526,34994,2,3
15:27:20,49528,34995,2,3
15:27:20,49530,34997,2,3
15:27:20,49533,34999,2,3
15:27:20,49535,35000,2,3
15:27:20,49537,35002,2,3
15:27:20,49540,35004,2,3
15:27:20,49543,35006,2,3
15:27:20,49547,35009,2,3
15:27:20,49551,35012,2,3
15:27:20,49558,35017,2,3
15:27:20,49565,35022,2,3
15:27:30,59538,42223,2,3
15:27:30,59616,42279,2,3
15:27:31,59846,42445,2,3
15:27:31,59869,42462,2,3
15:27:31,59926,42503,2,3
15:27:31,59965,42531,2,3
15:27:31,59973,42537,2,3
15:27:31,60052,42594,2,3
15:27:31,60110,42636,2,3
15:27:38,67156,47723,2,3
15:27:39,68304,48552,2,3
15:27:39,68333,48573,2,3
15:27:39,68346,48582,2,3
15:27:54,83009,59169,2,3
15:27:55,84175,60011,2,3
15:27:55,84198,60028,2,3
15:27:55,84209,60036,2,3
15:27:55,84220,60044,2,3
15:27:55,84223,60046,2,3
15:27:55,84226,60048,2,3
15:27:55,84232,60052,2,3
15:27:55,84237,60056,2,3
15:27:55,84238,60057,2,3
15:27:55,84241,60059,2,3
15:27:56,85126,60698,2,3
15:27:57,85953,61295,2,3
15:27:57,85977,61312,2,3
15:27:57,86010,61336,2,3
15:28:00,89682,63987,2,3
15:28:00,89687,63991,2,3
15:28:00,89690,63993,2,3
15:28:00,89701,64001,2,3
15:28:00,89704,64003,2,3
15:28:00,89711,64008,2,3
15:28:00,89715,64011,2,3
15:28:00,89718,64013,2,3
15:28:00,89722,64016,2,3
15:28:00,89723,64017,2,3
15:28:00,89727,64020,2,3
15:28:00,89729,64021,2,3
15:28:00,89731,64023,2,3
15:28:00,89734,64025,2,3
15:28:00,89737,64027,2,3
15:28:00,89740,64029,2,3
15:28:00,89742,64031,2,3
15:28:00,89747,64034,2,3
15:28:00,89749,64036,2,3
15:28:00,89751,64037,2,3
15:28:00,89752,64038,2,3
15:28:00,89755,64040,2,3
15:28:00,89756,64041,2,3
15:28:00,89762,64045,2,3
15:28:00,89765,64047,2,3
15:28:00,89766,64048,2,3
15:28:00,89769,64050,2,3
15:28:00,89770,64051,2,3
15:28:00,89772,64052,2,3
15:28:00,89773,64053,2,3
15:28:00,89774,64054,2,3
15:28:00,89776,64055,2,3
15:28:00,89777,64056,2,3
15:28:00,89778,64057,2,3
15:28:00,89780,64058,2,3
15:28:00,89781,64059,2,3
15:28:00,89783,64060,2,3
15:28:00,89784,64061,2,3
15:28:00,89788,64064,2,3
15:28:00,89790,64065,2,3
15:28:00,89791,64066,2,3
15:28:00,89794,64068,2,3
15:28:00,89795,64069,2,3
15:28:00,89798,64071,2,3
15:28:00,89799,64072,2,3
15:28:00,89801,64073,2,3
15:28:00,89803,64075,2,3
15:28:00,89805,64076,2,3
15:28:00,89806,64077,2,3
15:28:00,89809,64079,2,3
15:28:00,89810,64080,2,3
15:28:00,89812,64081,2,3
15:28:00,89813,64082,2,3
15:28:00,89815,64083,2,3
15:28:00,89816,64084,2,3
15:28:00,89820,64087,2,3
15:28:01,89821,64088,2,3
15:28:01,89823,64089,2,3
15:28:01,89827,64092,2,3
15:28:01,89830,64094,2,3
15:28:01,89834,64097,2,3
15:28:01,89837,64099,2,3
15:28:01,89838,64100,2,3
15:28:01,89841,64102,2,3
15:28:01,89842,64103,2,3
15:28:01,89845,64105,2,3
15:28:01,89846,64106,2,3
15:28:01,89851,64109,2,3
15:28:01,89856,64113,2,3
15:28:01,89857,64114,2,3
15:28:01,89859,64115,2,3
15:28:01,89862,64117,2,3
15:28:01,89864,64119,2,3
15:28:01,89866,64120,2,3
15:28:01,89867,64121,2,3
15:28:01,89882,64132,2,3
15:28:01,89885,64134,2,3
15:28:01,89887,64135,2,3
15:28:01,89888,64136,2,3
15:28:01,89891,64138,2,3
15:28:01,89899,64144,2,3
15:28:01,89923,64161,2,3
15:28:01,89925,64163,2,3
15:28:01,89938,64172,2,3
15:28:01,89971,64196,2,3
15:28:01,89978,64201,2,3
15:28:01,89981,64203,2,3
15:28:01,89982,64204,2,3
15:28:01,89995,64213,2,3
15:28:01,90001,64218,2,3
15:28:01,90004,64220,2,3
15:28:01,90032,64240,2,3
15:28:01,90035,64242,2,3
15:28:01,90079,64274,2,3
15:28:01,90087,64280,2,3
15:28:01,90111,64297,2,3
15:28:01,90215,64372,2,3
15:28:01,90245,64394,2,3
15:28:01,90403,64508,2,3
15:28:01,90406,64510,2,3
15:28:01,90443,64537,2,3
15:28:01,90461,64550,2,3
15:28:01,90467,64554,2,3
15:28:01,90470,64556,2,3
15:28:01,90479,64563,2,3
15:28:01,90482,64565,2,3
15:28:01,90485,64567,2,3
15:28:01,90486,64568,2,3
15:28:01,90488,64569,2,3
15:28:01,90501,64579,2,3
15:28:01,90510,64585,2,3
15:28:01,90524,64595,2,3
15:28:01,90539,64606,2,3
15:28:01,90549,64613,2,3
15:28:01,90550,64614,2,3
15:28:01,90564,64624,2,3
15:28:01,90568,64627,2,3
15:28:01,90569,64628,2,3
15:28:01,90571,64629,2,3
15:28:01,90572,64630,2,3
15:28:01,90576,64633,2,3
15:28:01,90586,64640,2,3
15:28:01,90590,64643,2,3
15:28:01,90594,64646,2,3
15:28:01,90600,64650,2,3
15:28:01,90609,64657,2,3
15:28:01,90611,64658,2,3
15:28:01,90612,64659,2,3
15:28:01,90618,64663,2,3
15:28:01,90622,64666,2,3
15:28:01,90625,64668,2,3
15:28:01,90626,64669,2,3
15:28:01,90637,64677,2,3
15:28:01,90640,64679,2,3
15:28:01,90641,64680,2,3
15:28:01,90648,64685,2,3
15:28:01,90651,64687,2,3
15:28:01,90652,64688,2,3
15:28:01,90657,64691,2,3
15:28:01,90664,64696,2,3
15:28:01,90666,64698,2,3
15:28:01,90670,64701,2,3
15:28:01,90672,64702,2,3
15:28:01,90677,64706,2,3
15:28:01,90680,64708,2,3
15:28:01,90683,64710,2,3
15:28:01,90690,64715,2,3
15:28:01,90695,64719,2,3
15:28:01,90698,64721,2,3
15:28:01,90700,64722,2,3
15:28:01,90701,64723,2,3
15:28:01,90704,64725,2,3
15:28:01,90712,64731,2,3
15:28:01,90715,64733,2,3
15:28:01,90719,64736,2,3
15:28:01,90730,64744,2,3
15:28:01,90745,64755,2,3
15:28:01,90747,64756,2,3
15:28:01,90749,64758,2,3
15:28:01,90756,64763,2,3
15:28:01,90763,64768,2,3
15:28:01,90769,64772,2,3
15:28:01,90770,64773,2,3
15:28:01,90781,64781,2,3
15:28:01,90784,64783,2,3
15:28:01,90788,64786,2,3
15:28:01,90795,64791,2,3
15:28:01,90808,64800,2,3
15:28:01,90810,64802,2,3
15:28:01,90812,64803,2,3
15:28:01,90816,64806,2,3
15:28:01,90817,64807,2,3
15:28:01,90820,64809,2,3
15:28:01,90821,64810,2,3
15:28:02,90827,64814,2,3
15:28:02,90831,64817,2,3
15:28:02,90834,64819,2,3
15:28:02,90839,64823,2,3
15:28:02,90846,64828,2,3
15:28:02,90856,64835,2,3
15:28:02,90857,64836,2,3
15:28:02,90860,64838,2,3
15:28:02,90866,64842,2,3
15:28:02,90867,64843,2,3
15:28:02,90868,64844,2,3
15:28:02,90873,64847,2,3
15:28:02,90878,64851,2,3
15:28:02,90893,64862,2,3
15:28:02,90895,64863,2,3
15:28:02,90896,64864,2,3
15:28:02,90899,64866,2,3
15:28:02,90907,64872,2,3
15:28:02,90914,64877,2,3
15:28:02,90927,64886,2,3
15:28:02,90931,64889,2,3
15:28:02,90932,64890,2,3
15:28:02,90934,64891,2,3
15:28:02,90941,64896,2,3
15:28:02,90943,64898,2,3
15:28:02,90945,64899,2,3
15:28:02,90946,64900,2,3
15:28:02,90947,64901,2,3
15:28:02,90949,64902,2,3
15:28:02,90950,64903,2,3
15:28:02,90957,64908,2,3
15:28:02,90959,64909,2,3
15:28:02,90960,64910,2,3
15:28:02,90961,64911,2,3
15:28:02,90963,64912,2,3
15:28:02,90964,64913,2,3
15:28:02,90965,64914,2,3
15:28:02,90968,64916,2,3
15:28:02,90971,64918,2,3
15:28:02,90978,64923,2,3
15:28:02,90981,64925,2,3
15:28:02,90983,64927,2,3
15:28:02,90985,64928,2,3
15:28:02,90986,64929,2,3
15:28:02,90995,64935,2,3
15:28:02,90996,64936,2,3
15:28:02,90999,64938,2,3
15:28:02,91003,64941,2,3
15:28:02,91006,64943,2,3
15:28:02,91010,64946,2,3
15:28:02,91015,64950,2,3
15:28:02,91021,64954,2,3
15:28:02,91022,64955,2,3
15:28:02,91026,64958,2,3
15:28:02,91029,64960,2,3
15:28:02,91032,64962,2,3
15:28:02,91033,64963,2,3
15:28:02,91035,64964,2,3
15:28:02,91037,64966,2,3
15:28:02,91042,64969,2,3
15:28:02,91044,64971,2,3
15:28:02,91046,64972,2,3
15:28:02,91049,64974,2,3
15:28:02,91051,64976,2,3
15:28:02,91055,64979,2,3
15:28:02,91058,64981,2,3
15:28:02,91064,64985,2,3
15:28:02,91067,64987,2,3
15:28:02,91068,64988,2,3
15:28:02,91069,64989,2,3
15:28:02,91071,64990,2,3
15:28:02,91080,64997,2,3
15:28:02,91085,65000,2,3
15:28:02,91086,65001,2,3
15:28:02,91090,65004,2,3
15:28:02,91096,65008,2,3
15:28:02,91101,65012,2,3
15:28:02,91109,65018,2,3
15:28:02,91115,65022,2,3
15:28:02,91122,65027,2,3
15:28:02,91125,65029,2,3
15:28:02,91127,65031,2,3
15:28:02,91137,65038,2,3
15:28:02,91140,65040,2,3
15:28:02,91147,65045,2,3
15:28:02,91148,65046,2,3
15:28:02,91150,65047,2,3
15:28:02,91154,65050,2,3
15:28:02,91166,65059,2,3
15:28:02,91172,65063,2,3
15:28:02,91173,65064,2,3
15:28:02,91179,65068,2,3
15:28:02,91183,65071,2,3
15:28:02,91186,65073,2,3
15:28:02,91193,65078,2,3
15:28:02,91194,65079,2,3
15:28:02,91204,65086,2,3
15:28:02,91206,65088,2,3
15:28:02,91208,65089,2,3
15:28:02,91211,65091,2,3
15:28:02,91212,65092,2,3
15:28:02,91222,65099,2,3
15:28:02,91229,65104,2,3
15:28:02,91233,65107,2,3
15:28:02,91236,65109,2,3
15:28:02,91238,65111,2,3
15:28:02,91249,65119,2,3
15:28:02,91259,65126,2,3
15:28:02,91263,65129,2,3
15:28:02,91273,65136,2,3
15:28:02,91281,65142,2,3
15:28:02,91285,65145,2,3
15:28:02,91292,65150,2,3
15:28:02,91295,65152,2,3
15:28:02,91302,65157,2,3
15:28:02,91303,65158,2,3
15:28:02,91305,65159,2,3
15:28:02,91308,65161,2,3
15:28:02,91313,65165,2,3
15:28:02,91316,65167,2,3
15:28:02,91317,65168,2,3
15:28:02,91320,65170,2,3
15:28:02,91321,65171,2,3
15:28:02,91324,65173,2,3
15:28:02,91327,65175,2,3
15:28:02,91338,65183,2,3
15:28:02,91339,65184,2,3
15:28:02,91342,65186,2,3
15:28:02,91344,65187,2,3
15:28:02,91353,65194,2,3
15:28:02,91357,65197,2,3
15:28:02,91362,65200,2,3
15:28:02,91367,65204,2,3
15:28:02,91368,65205,2,3
15:28:02,91374,65209,2,3
15:28:02,91375,65210,2,3
15:28:02,91377,65211,2,3
15:28:02,91381,65214,2,3
15:28:02,91382,65215,2,3
15:28:02,91384,65216,2,3
15:28:02,91385,65217,2,3
15:28:02,91388,65219,2,3
15:28:02,91396,65225,2,3
15:28:02,91402,65229,2,3
15:28:02,91404,65231,2,3
15:28:02,91407,65233,2,3
15:28:02,91409,65234,2,3
15:28:02,91413,65237,2,3
15:28:02,91417,65240,2,3
15:28:02,91427,65247,2,3
15:28:02,91429,65249,2,3
15:28:02,91434,65252,2,3
15:28:02,91435,65253,2,3
15:28:02,91440,65257,2,3
15:28:02,91445,65260,2,3
15:28:02,91449,65263,2,3
15:28:02,91454,65267,2,3
15:28:02,91458,65270,2,3
15:28:02,91471,65279,2,3
15:28:02,91472,65280,2,3
15:28:02,91495,65296,2,3
15:28:02,91499,65299,2,3
15:28:02,91500,65300,2,3
15:28:02,91507,65305,2,3
15:28:02,91514,65310,2,3
15:28:02,91517,65312,2,3
15:28:02,91518,65313,2,3
15:28:02,91519,65314,2,3
15:28:02,91521,65315,2,3
15:28:02,91528,65320,2,3
15:28:02,91535,65325,2,3
15:28:02,91550,65336,2,3
15:28:02,91554,65339,2,3
15:28:02,91560,65343,2,3
15:28:02,91562,65345,2,3
15:28:02,91567,65348,2,3
15:28:02,91568,65349,2,3
15:28:02,91571,65351,2,3
15:28:02,91575,65354,2,3
15:28:02,91578,65356,2,3
15:28:02,91583,65360,2,3
15:28:02,91585,65361,2,3
15:28:02,91587,65363,2,3
15:28:02,91593,65367,2,3
15:28:02,91598,65371,2,3
15:28:02,91616,65384,2,3
15:28:02,91637,65399,2,3
15:28:02,91641,65402,2,3
15:28:02,91644,65404,2,3
15:28:02,91650,65408,2,3
15:28:02,91659,65415,2,3
15:28:02,91662,65417,2,3
15:28:02,91663,65418,2,3
15:28:02,91666,65420,2,3
15:28:02,91668,65421,2,3
15:28:02,91672,65424,2,3
15:28:02,91679,65429,2,3
15:28:02,91680,65430,2,3
15:28:02,91709,65451,2,3
15:28:02,91713,65454,2,3
15:28:02,91726,65463,2,3
15:28:02,91731,65467,2,3
15:28:02,91749,65480,2,3
15:28:02,91763,65490,2,3
15:28:04,93123,66472,2,3
15:28:04,93137,66482,2,3
15:28:04,93154,66494,2,3
15:28:04,93170,66506,2,3
15:28:04,93191,66521,2,3
15:28:04,93195,66524,2,3
15:28:04,93199,66527,2,3
15:28:04,93201,66528,2,3
15:28:04,93217,66540,2,3
15:28:04,93242,66558,2,3
15:28:04,93259,66570,2,3
15:28:04,93265,66574,2,3
15:28:04,93284,66588,2,3
15:28:04,93292,66594,2,3
15:28:04,93294,66595,2,3
15:28:04,93305,66603,2,3
15:28:04,93310,66607,2,3
15:28:04,93316,66611,2,3
15:28:04,93323,66616,2,3
15:28:04,93325,66618,2,3
15:28:04,93332,66623,2,3
15:28:04,93341,66629,2,3
15:28:04,93359,66642,2,3
15:28:04,93360,66643,2,3
15:28:04,93377,66655,2,3
15:28:04,93385,66661,2,3
15:28:04,93389,66664,2,3
15:28:04,93413,66681,2,3
15:28:04,93424,66689,2,3
15:28:04,93442,66702,2,3
15:28:04,93458,66714,2,3
15:28:04,93471,66723,2,3
15:28:04,93512,66753,2,3
15:28:04,93547,66778,2,3
15:28:04,93564,66790,2,3
15:28:04,93568,66793,2,3
15:28:04,93578,66800,2,3
15:28:04,93583,66804,2,3
15:28:04,93593,66811,2,3
15:28:04,93605,66820,2,3
15:28:04,93622,66832,2,3
15:28:04,93623,66833,2,3
15:28:04,93633,66840,2,3
15:28:04,93645,66849,2,3
15:28:04,93654,66855,2,3
15:28:04,93659,66859,2,3
15:28:04,93669,66866,2,3
15:28:04,93670,66867,2,3
15:28:04,93679,66873,2,3
15:28:04,93697,66886,2,3
15:28:04,93701,66889,2,3
15:28:04,93702,66890,2,3
15:28:04,93715,66899,2,3
15:28:04,93720,66903,2,3
15:28:04,93722,66904,2,3
15:28:04,93727,66908,2,3
15:28:04,93747,66922,2,3
15:28:04,93787,66951,2,3
15:28:04,93805,66964,2,3
15:28:05,93832,66984,2,3
15:28:05,93860,67004,2,3
15:28:05,93868,67010,2,3
15:28:05,93871,67012,2,3
15:28:05,93910,67040,2,3
15:28:05,93913,67042,2,3
15:28:05,93915,67044,2,3
15:28:05,93921,67048,2,3
15:28:05,93933,67057,2,3
15:28:05,93940,67062,2,3
15:28:05,93947,67067,2,3
15:28:05,93951,67070,2,3
15:28:05,93968,67082,2,3
15:28:05,93981,67091,2,3
15:28:05,93986,67095,2,3
15:28:05,93993,67100,2,3
15:28:05,94001,67106,2,3
15:28:05,94003,67107,2,3
15:28:05,94006,67109,2,3
15:28:05,94011,67113,2,3
15:28:05,94015,67116,2,3
15:28:05,94018,67118,2,3
15:28:05,94024,67122,2,3
15:28:05,94029,67126,2,3
15:28:05,94032,67128,2,3
15:28:05,94044,67137,2,3
15:28:05,94065,67152,2,3
15:28:05,94066,67153,2,3
15:28:05,94071,67156,2,3
15:28:05,94072,67157,2,3
15:28:05,94089,67169,2,3
15:28:05,94111,67185,2,3
15:28:05,94122,67193,2,3
15:28:05,94125,67195,2,3
15:28:05,94141,67207,2,3
15:28:05,94150,67213,2,3
15:28:05,94158,67219,2,3
15:28:05,94168,67226,2,3
15:28:05,94180,67235,2,3
15:28:05,94181,67236,2,3
15:28:05,94184,67238,2,3
15:28:05,94197,67247,2,3
15:28:05,94208,67255,2,3
15:28:05,94210,67257,2,3
15:28:05,94212,67258,2,3
15:28:05,94224,67267,2,3
15:28:05,94227,67269,2,3
15:28:05,94231,67272,2,3
15:28:05,94235,67275,2,3
15:28:05,94241,67279,2,3
15:28:05,94242,67280,2,3
15:28:05,94263,67295,2,3
15:28:05,94266,67297,2,3
15:28:05,94267,67298,2,3
15:28:05,94278,67306,2,3
15:28:05,94281,67308,2,3
15:28:05,94284,67310,2,3
15:28:05,94288,67313,2,3
15:28:05,94305,67325,2,3
15:28:05,94307,67327,2,3
15:28:05,94310,67329,2,3
15:28:05,94319,67335,2,3
15:28:05,94321,67337,2,3
15:28:05,94325,67340,2,3
15:28:05,94330,67343,2,3
15:28:05,94331,67344,2,3
15:28:05,94334,67346,2,3
15:28:05,94342,67352,2,3
15:28:05,94575,67520,2,3
15:28:05,94594,67534,2,3
15:28:05,94602,67540,2,3
15:28:05,94626,67557,2,3
15:28:05,94659,67581,2,3
15:28:05,94666,67586,2,3
15:28:05,94670,67589,2,3
15:28:05,94676,67593,2,3
15:28:05,94684,67599,2,3
15:28:05,94697,67608,2,3
15:28:05,94702,67612,2,3
15:28:05,94709,67617,2,3
15:28:05,94723,67627,2,3
15:28:05,94728,67631,2,3
15:28:05,94741,67640,2,3
15:28:05,94746,67644,2,3
15:28:05,94748,67645,2,3
15:28:05,94758,67652,2,3
15:28:05,94774,67664,2,3
15:28:05,94788,67674,2,3
15:28:05,94798,67681,2,3
15:28:06,94834,67707,2,3
15:28:06,94857,67724,2,3
15:28:06,94866,67730,2,3
15:28:06,94868,67732,2,3
15:28:06,94881,67741,2,3
15:28:06,94892,67749,2,3
15:28:06,94896,67752,2,3
15:28:06,94903,67757,2,3
15:28:06,94904,67758,2,3
15:28:06,94910,67762,2,3
15:28:06,94924,67772,2,3
15:28:06,94925,67773,2,3
15:28:06,94929,67776,2,3
15:28:06,94953,67793,2,3
15:28:06,94954,67794,2,3
15:28:06,94964,67801,2,3
15:28:06,94975,67809,2,3
15:28:06,94976,67810,2,3
15:28:06,94979,67812,2,3
15:28:06,94990,67820,2,3
15:28:06,95004,67830,2,3
15:28:06,95005,67831,2,3
15:28:06,95007,67832,2,3
15:28:06,95012,67836,2,3
15:28:06,95017,67839,2,3
15:28:06,95028,67847,2,3
15:28:06,95037,67854,2,3
15:28:06,95048,67862,2,3
15:28:06,95059,67870,2,3
15:28:06,95073,67880,2,3
15:28:06,95076,67882,2,3
15:28:06,95080,67885,2,3
15:28:06,95109,67906,2,3
15:28:06,95165,67946,2,3
15:28:06,95179,67956,2,3
15:28:06,95195,67968,2,3
15:28:06,95201,67972,2,3
15:28:06,95338,68071,2,3
15:28:06,95375,68098,2,3
15:28:06,95425,68134,2,3
15:28:06,95475,68170,2,3
15:28:06,95501,68189,2,3
15:28:09,98347,70244,2,2
15:28:10,99375,70986,2,2
15:28:10,99437,71031,2,2
15:28:10,99618,71161,2,2
15:28:10,99638,71176,2,2
15:28:10,99726,71239,2,2
15:28:10,99742,71251,2,2
15:28:11,99853,71331,2,2
15:28:11,100008,71443,2,2
15:28:11,100196,71579,2,2
15:28:11,100212,71590,2,2
15:28:11,100278,71638,2,2
15:28:11,100306,71658,2,2
15:28:11,100313,71663,2,2
15:28:11,100331,71676,2,2
15:28:11,100352,71691,2,2
15:28:11,100360,71697,2,2
15:28:11,100367,71702,2,2
15:28:11,100415,71737,2,2
15:28:11,100526,71817,2,2
15:28:11,100554,71837,2,2
15:28:11,100602,71872,2,2
15:28:11,100649,71906,2,2
15:28:11,100702,71944,2,2
15:28:11,100784,72003,2,2
15:28:11,100785,72004,2,2
15:28:12,100863,72060,2,2
15:28:12,100875,72069,2,2
15:28:12,100876,72070,2,2
15:28:12,100903,72089,2,2
15:28:12,100922,72103,2,2
15:28:12,100997,72157,2,2
15:28:12,101026,72178,2,2
15:28:12,101034,72184,2,2
15:28:12,101051,72196,2,2
15:28:12,101116,72243,2,2
15:28:12,101122,72247,2,2
15:28:12,101135,72257,2,2
15:28:12,101147,72265,2,2
15:28:12,101152,72269,2,2
15:28:12,101158,72273,2,2
15:28:12,101210,72311,2,2
15:28:12,101227,72323,2,2
15:28:12,101235,72329,2,2
15:28:12,101246,72337,2,2
15:28:12,101259,72346,2,2
15:28:12,101263,72349,2,2
15:28:12,101296,72373,2,2
15:28:12,101302,72377,2,2
15:28:12,101313,72385,2,2
15:28:12,101328,72396,2,2
15:28:12,101336,72402,2,2
15:28:12,101414,72458,2,2
15:28:12,101739,72693,2,2
15:28:12,101752,72702,2,2
15:28:12,101796,72734,2,2
15:28:12,101803,72739,2,2
15:28:13,101825,72755,2,2
15:28:13,101849,72772,2,2
15:28:13,101954,72848,2,2
15:28:13,101980,72867,2,2
15:28:13,102004,72884,2,2
15:28:13,102009,72888,2,2
15:28:13,102037,72908,2,2
15:28:13,102050,72917,2,2
15:28:13,102051,72918,2,2
15:28:13,102075,72935,2,2
15:28:13,102077,72937,2,2
15:28:13,102111,72961,2,2
15:28:13,102141,72983,2,2
15:28:13,102155,72993,2,2
15:28:13,102225,73044,2,2
15:28:13,102253,73064,2,2
15:28:13,102302,73099,2,2
15:28:13,102314,73108,2,2
15:28:13,102317,73110,2,2
15:28:13,102327,73117,2,2
15:28:13,102328,73118,2,2
15:28:13,102340,73127,2,2
15:28:13,102350,73134,2,2
15:28:13,102378,73154,2,2
15:28:13,102383,73158,2,2
15:28:13,102410,73177,2,2
15:28:13,102417,73182,2,2
15:28:13,102451,73207,2,2
15:28:13,102458,73212,2,2
15:28:13,102469,73220,2,2
15:28:13,102473,73223,2,2
15:28:13,102475,73224,2,2
15:28:13,102504,73245,2,2
15:28:13,102512,73251,2,2
15:28:13,102523,73259,2,2
15:28:13,102544,73274,2,2
15:28:13,102550,73278,2,2
15:28:13,102561,73286,2,2
15:28:13,102563,73288,2,2
15:28:13,102570,73293,2,2
15:28:13,102573,73295,2,2
15:28:13,102575,73296,2,2
15:28:13,102579,73299,2,2
15:28:13,102583,73302,2,2
15:28:13,102597,73312,2,2
15:28:13,102606,73319,2,2
15:28:13,102613,73324,2,2
15:28:13,102627,73334,2,2
15:28:13,102635,73340,2,2
15:28:13,102644,73346,2,2
15:28:13,102648,73349,2,2
15:28:13,102666,73362,2,2
15:28:13,102670,73365,2,2
15:28:13,102673,73367,2,2
15:28:13,102680,73372,2,2
15:28:13,102681,73373,2,2
15:28:13,102687,73377,2,2
15:28:13,102695,73383,2,2
15:28:13,102705,73390,2,2
15:28:13,102712,73395,2,2
15:28:13,102719,73400,2,2
15:28:13,102725,73405,2,2
15:28:13,102734,73411,2,2
15:28:13,102735,73412,2,2
15:28:13,102737,73413,2,2
15:28:13,102756,73427,2,2
15:28:13,102774,73440,2,2
15:28:13,102782,73446,2,2
15:28:13,102786,73449,2,2
15:28:13,102795,73455,2,2
15:28:13,102796,73456,2,2
15:28:14,102820,73473,2,2
15:28:14,102825,73477,2,2
15:28:14,102827,73478,2,2
15:28:14,102832,73482,2,2
15:28:14,102850,73495,2,2
15:28:14,102857,73500,2,2
15:28:14,102865,73506,2,2
15:28:14,102871,73510,2,2
15:28:14,102881,73517,2,2
15:28:14,102885,73520,2,2
15:28:14,102892,73525,2,2
15:28:14,102893,73526,2,2
15:28:14,102896,73528,2,2
15:28:14,102899,73530,2,2
15:28:14,102903,73533,2,2
15:28:14,102936,73557,2,2
15:28:14,102940,73560,2,2
15:28:14,102946,73564,2,2
15:28:14,102972,73583,2,2
15:28:14,102973,73584,2,2
15:28:14,102978,73587,2,2
15:28:14,102979,73588,2,2
15:28:14,102982,73590,2,2
15:28:14,103001,73604,2,2
15:28:14,103008,73609,2,2
15:28:14,103014,73613,2,2
15:28:14,103018,73616,2,2
15:28:14,103020,73618,2,2
15:28:14,103041,73633,2,2
15:28:14,103044,73635,2,2
15:28:14,103048,73638,2,2
15:28:14,103052,73641,2,2
15:28:14,103058,73645,2,2
15:28:14,103097,73673,2,2
15:28:14,103109,73682,2,2
15:28:14,103113,73685,2,2
15:28:14,103116,73687,2,2
15:28:14,103126,73694,2,2
15:28:14,103127,73695,2,2
15:28:14,103151,73712,2,2
15:28:14,103160,73719,2,2
15:28:14,103169,73725,2,2
15:28:14,103170,73726,2,2
15:28:14,103205,73751,2,2
15:28:14,103212,73756,2,2
15:28:14,103224,73765,2,2
15:28:14,103232,73771,2,2
15:28:14,103277,73803,2,2
15:28:14,103295,73816,2,2
15:28:14,103296,73817,2,2
15:28:14,103303,73822,2,2
15:28:14,103322,73836,2,2
15:28:14,103343,73851,2,2
15:28:14,103367,73868,2,2
15:28:14,103372,73872,2,2
15:28:14,103375,73874,2,2
15:28:14,103383,73880,2,2
15:28:14,103389,73884,2,2
15:28:14,103390,73885,2,2
15:28:14,103447,73926,2,2
15:28:17,105918,75710,2,2
15:28:17,106008,75775,2,2
15:28:17,106016,75781,2,2
15:28:17,106023,75786,2,2
15:28:17,106048,75804,2,2
15:28:17,106051,75806,2,2
15:28:17,106094,75837,2,2
15:28:17,106102,75843,2,2
15:28:17,106113,75851,2,2
15:28:17,106117,75854,2,2
15:28:17,106120,75856,2,2
15:28:17,106124,75859,2,2
15:28:17,106126,75860,2,2
15:28:17,106127,75861,2,2
15:28:17,106135,75867,2,2
15:28:17,106141,75871,2,2
15:28:17,106156,75882,2,2
15:28:17,106158,75883,2,2
15:28:17,106163,75887,2,2
15:28:17,106181,75900,2,2
15:28:17,106182,75901,2,2
15:28:17,106184,75902,2,2
15:28:17,106191,75907,2,2
15:28:17,106192,75908,2,2
15:28:17,106196,75911,2,2
15:28:17,106205,75917,2,2
15:28:17,106206,75918,2,2
15:28:17,106214,75924,2,2
15:28:17,106220,75928,2,2
15:28:17,106225,75932,2,2
15:28:17,106242,75944,2,2
15:28:17,106252,75951,2,2
15:28:17,106266,75961,2,2
15:28:17,106268,75963,2,2
15:28:17,106271,75965,2,2
15:28:17,106272,75966,2,2
15:28:17,106281,75972,2,2
15:28:17,106282,75973,2,2
15:28:17,106289,75978,2,2
15:28:17,106290,75979,2,2
15:28:17,106292,75980,2,2
15:28:17,106293,75981,2,2
15:28:17,106295,75982,2,2
15:28:17,106303,75988,2,2
15:28:17,106310,75993,2,2
15:28:17,106315,75997,2,2
15:28:17,106324,76003,2,2
15:28:17,106326,76005,2,2
15:28:17,106335,76011,2,2
15:28:17,106339,76014,2,2
15:28:17,106340,76015,2,2
15:28:17,106344,76018,2,2
15:28:17,106358,76028,2,2
15:28:17,106361,76030,2,2
15:28:17,106374,76039,2,2
15:28:17,106378,76042,2,2
15:28:17,106383,76046,2,2
15:28:17,106387,76049,2,2
15:28:17,106392,76052,2,2
15:28:17,106394,76054,2,2
15:28:17,106397,76056,2,2
15:28:17,106400,76058,2,2
15:28:17,106407,76063,2,2
15:28:17,106411,76066,2,2
15:28:17,106419,76072,2,2
15:28:17,106430,76080,2,2
15:28:17,106433,76082,2,2
15:28:17,106437,76085,2,2
15:28:17,106440,76087,2,2
15:28:17,106443,76089,2,2
15:28:17,106455,76098,2,2
15:28:17,106465,76105,2,2
15:28:17,106468,76107,2,2
15:28:17,106469,76108,2,2
15:28:17,106472,76110,2,2
15:28:17,106484,76119,2,2
15:28:17,106487,76121,2,2
15:28:17,106490,76123,2,2
15:28:17,106498,76129,2,2
15:28:17,106501,76131,2,2
15:28:17,106508,76136,2,2
15:28:17,106518,76143,2,2
15:28:17,106522,76146,2,2
15:28:17,106527,76150,2,2
15:28:17,106531,76153,2,2
15:28:17,106536,76156,2,2
15:28:17,106537,76157,2,2
15:28:17,106540,76159,2,2
15:28:17,106549,76166,2,2
15:28:17,106555,76170,2,2
15:28:17,106558,76172,2,2
15:28:17,106563,76176,2,2
15:28:17,106594,76198,2,2
15:28:17,106598,76201,2,2
15:28:17,106608,76208,2,2
15:28:17,106613,76212,2,2
15:28:17,106621,76218,2,2
15:28:17,106624,76220,2,2
15:28:17,106635,76228,2,2
15:28:17,106642,76233,2,2
15:28:17,106649,76238,2,2
15:28:17,106666,76250,2,2
15:28:17,106670,76253,2,2
15:28:17,106678,76259,2,2
15:28:17,106681,76261,2,2
15:28:17,106688,76266,2,2
15:28:17,106705,76278,2,2
15:28:17,106728,76295,2,2
15:28:17,106731,76297,2,2
15:28:17,106732,76298,2,2
15:28:17,106736,76301,2,2
15:28:17,106738,76302,2,2
15:28:17,106781,76333,2,2
15:28:17,106785,76336,2,2
15:28:17,106789,76339,2,2
15:28:17,106799,76346,2,2
15:28:17,106804,76350,2,2
15:28:17,106814,76357,2,2
15:28:18,106822,76363,2,2
15:28:18,106829,76368,2,2
15:28:18,106847,76381,2,2
15:28:18,106853,76385,2,2
15:28:18,106856,76387,2,2
15:28:18,106865,76394,2,2
15:28:18,106869,76397,2,2
15:28:18,106871,76398,2,2
15:28:18,106874,76400,2,2
15:28:18,106875,76401,2,2
15:28:18,106892,76413,2,2
15:28:18,106897,76417,2,2
15:28:18,106901,76420,2,2
15:28:18,106941,76449,2,2
15:28:18,106944,76451,2,2
15:28:18,106959,76462,2,2
15:28:18,106980,76477,2,2
15:28:18,106984,76480,2,2
15:28:18,106991,76485,2,2
15:28:18,107023,76508,2,2
15:28:18,107437,76807,2,2
15:28:18,107543,76883,2,2
15:28:18,107547,76886,2,2
15:28:18,107587,76915,2,2
15:28:18,107631,76947,2,2
15:28:18,107670,76975,2,2
15:28:18,107729,77018,2,2
15:28:18,107732,77020,2,2
15:28:19,108058,77255,2,2
15:28:19,108073,77266,2,2
15:28:19,108771,77770,2,2
15:28:19,108777,77774,2,2
15:28:20,108879,77848,2,2
15:28:20,108882,77850,2,2
15:28:20,108904,77866,2,2
15:28:20,108954,77902,2,2
15:28:20,109023,77952,2,2
15:28:20,109052,77973,2,2
15:28:20,109135,78033,2,2
15:28:20,109149,78043,2,2
15:28:20,109174,78061,2,2
15:28:20,109182,78067,2,2
15:28:20,109188,78071,2,2
15:28:20,109191,78073,2,2
15:28:20,109199,78079,2,2
15:28:20,109202,78081,2,2
15:28:20,109221,78095,2,2
15:28:20,109231,78102,2,2
15:28:20,109257,78121,2,2
15:28:20,109281,78138,2,2
15:28:20,109288,78143,2,2
15:28:20,109382,78211,2,2
15:28:20,109394,78220,2,2
15:28:20,109396,78221,2,2
15:28:20,109427,78244,2,2
15:28:20,109439,78252,2,2
15:28:20,109463,78270,2,2
15:28:20,109475,78278,2,2
15:28:20,109480,78282,2,2
15:28:20,109483,78284,2,2
15:28:20,109498,78295,2,2
15:28:20,109505,78300,2,2
15:28:20,109524,78314,2,2
15:28:20,109536,78322,2,2
15:28:20,109551,78333,2,2
15:28:20,109558,78338,2,2
15:28:20,109567,78345,2,2
15:28:20,109572,78348,2,2
15:28:20,109587,78359,2,2
15:28:20,109624,78386,2,2
15:28:20,109627,78388,2,2
15:28:20,109648,78403,2,2
15:28:20,109650,78405,2,2
15:28:20,109660,78412,2,2
15:28:20,109757,78482,2,2
15:28:20,109774,78494,2,2
15:28:20,109778,78497,2,2
15:28:21,109977,78641,2,2
15:28:21,109979,78642,2,2
15:28:21,110394,78942,2,2
15:28:21,110407,78951,2,2
15:28:21,110447,78980,2,2
15:28:21,110674,79144,2,2
15:28:21,110765,79210,2,2
15:28:21,110778,79219,2,2
15:28:21,110782,79222,2,2
15:28:21,110812,79244,2,2
15:28:22,111012,79388,2,2
15:28:22,111085,79441,2,2
15:28:22,111231,79546,2,2
15:28:22,111339,79624,2,2
15:28:22,111486,79730,2,2
15:28:22,111515,79751,2,2
15:28:22,111576,79795,2,2
15:28:22,111643,79844,2,2
15:28:22,111650,79849,2,2
15:28:22,111659,79855,2,2
15:28:22,111696,79882,2,2
15:28:23,111854,79996,2,2
15:28:23,111900,80029,2,2
15:28:23,111938,80057,2,2
15:28:23,111945,80062,2,2
15:28:23,111976,80084,2,2
15:28:23,111994,80097,2,2
15:28:23,111999,80101,2,2
15:28:23,112031,80124,2,2
15:28:23,112078,80158,2,2
15:28:23,112178,80230,2,2
15:28:23,112224,80263,2,2
15:28:23,112271,80297,2,2
15:28:23,112281,80304,2,2
15:28:23,112386,80380,2,2
15:28:23,112391,80384,2,2
15:28:23,112409,80397,2,2
15:28:23,112437,80417,2,2
15:28:23,112465,80437,2,2
15:28:23,112466,80438,2,2
15:28:23,112581,80521,2,2
15:28:23,112609,80541,2,2
15:28:23,112623,80551,2,2
15:28:23,112628,80555,2,2
15:28:23,112634,80559,2,2
15:28:23,112643,80566,2,2
15:28:23,112704,80610,2,2
15:28:23,112707,80612,2,2
15:28:23,112720,80621,2,2
15:28:23,112818,80692,2,2
15:28:24,112927,80771,2,2
15:28:24,112945,80784,2,2
15:28:24,113022,80839,2,2
15:28:24,113026,80842,2,2
15:28:24,113030,80845,2,2
15:28:24,113045,80856,2,2
15:28:24,113092,80890,2,2
15:28:24,113128,80916,2,2
15:28:24,113163,80941,2,2
15:28:24,113166,80943,2,2
15:28:24,113193,80963,2,2
15:28:24,113246,81001,2,2
15:28:24,113250,81004,2,2
15:28:24,113253,81006,2,2
15:28:24,113276,81023,2,2
15:28:24,113282,81027,2,2
15:28:24,113304,81043,2,2
15:28:24,113318,81053,2,2
15:28:24,113326,81059,2,2
15:28:24,113340,81069,2,2
15:28:24,113448,81147,2,2
15:28:24,113528,81205,2,2
15:28:24,113541,81214,2,2
15:28:24,113576,81239,2,2
15:28:24,113625,81275,2,2
15:28:24,113664,81303,2,2
15:28:24,113696,81326,2,2
15:28:24,113720,81343,2,2
15:28:24,113790,81394,2,2
15:28:24,113794,81397,2,2
15:28:24,113803,81403,2,2
15:28:25,113839,81429,2,2
15:28:25,113873,81454,2,2
15:28:25,113883,81461,2,2
15:28:25,113900,81473,2,2
15:28:25,113954,81512,2,2
15:28:25,113984,81534,2,2
15:28:25,113986,81535,2,2
15:28:25,114002,81547,2,2
15:28:25,114006,81550,2,2
15:28:25,114031,81568,2,2
15:28:25,114041,81575,2,2
15:28:25,114042,81576,2,2
15:28:25,114055,81585,2,2
15:28:25,114087,81608,2,2
15:28:25,114089,81610,2,2
15:28:25,114102,81619,2,2
15:28:25,114109,81624,2,2
15:28:25,114113,81627,2,2
15:28:25,114149,81653,2,2
15:28:25,114175,81672,2,2
15:28:25,114206,81694,2,2
15:28:25,114210,81697,2,2
15:28:25,114211,81698,2,2
15:28:25,114242,81720,2,2
15:28:25,114257,81731,2,2
15:28:25,114258,81732,2,2
15:28:25,114261,81734,2,2
15:28:25,114267,81738,2,2
15:28:25,114278,81746,2,2
15:28:25,114279,81747,2,2
15:28:25,114289,81754,2,2
15:28:25,114299,81761,2,2
15:28:25,114300,81762,2,2
15:28:25,114303,81764,2,2
15:28:25,114307,81767,2,2
15:28:25,114311,81770,2,2
15:28:25,114317,81774,2,2
15:28:25,114328,81782,2,2
15:28:25,114339,81790,2,2
15:28:25,114340,81791,2,2
15:28:25,114389,81826,2,2
15:28:25,114398,81833,2,2
15:28:25,114408,81840,2,2
15:28:25,114409,81841,2,2
15:28:25,114413,81844,2,2
15:28:25,114444,81866,2,2
15:28:25,114445,81867,2,2
15:28:25,114447,81868,2,2
15:28:25,114468,81883,2,2
15:28:25,114472,81886,2,2
15:28:25,114502,81908,2,2
15:28:25,114508,81912,2,2
15:28:25,114523,81923,2,2
15:28:25,114567,81955,2,2
15:28:25,114609,81985,2,2
15:28:25,114631,82001,2,2
15:28:25,114649,82014,2,2
15:28:25,114708,82057,2,2
15:28:25,114717,82063,2,2
15:28:25,114732,82074,2,2
15:28:25,114758,82093,2,2
15:28:25,114767,82099,2,2
15:28:25,114790,82116,2,2
15:28:25,114792,82117,2,2
15:28:25,114801,82124,2,2
15:28:26,114846,82156,2,2
15:28:26,114879,82180,2,2
15:28:26,114884,82184,2,2
15:28:26,114897,82193,2,2
15:28:26,114907,82200,2,2
15:28:26,114909,82202,2,2
15:28:26,114915,82206,2,2
15:28:26,114919,82209,2,2
15:28:26,114930,82217,2,2
15:28:26,114931,82218,2,2
15:28:26,114944,82227,2,2
15:28:26,114948,82230,2,2
15:28:26,114951,82232,2,2
15:28:26,114954,82234,2,2
15:28:26,114972,82247,2,2
15:28:26,114984,82256,2,2
15:28:26,114990,82260,2,2
15:28:26,115016,82279,2,2
15:28:26,115067,82316,2,2
15:28:26,115084,82328,2,2
15:28:26,115123,82356,2,2
15:28:26,115128,82360,2,2
15:28:26,115135,82365,2,2
15:28:26,115141,82369,2,2
15:28:26,115143,82371,2,2
15:28:26,115150,82376,2,2
15:28:26,115154,82379,2,2
15:28:26,115175,82394,2,2
15:28:26,115213,82421,2,2
15:28:26,115221,82427,2,2
15:28:26,115236,82438,2,2
15:28:26,115238,82439,2,2
15:28:26,115253,82450,2,2
15:28:26,115262,82457,2,2
15:28:26,115269,82462,2,2
15:28:26,115287,82475,2,2
15:28:26,115290,82477,2,2
15:28:26,115300,82484,2,2
15:28:26,115333,82508,2,2
15:28:26,115337,82511,2,2
15:28:26,115355,82524,2,2
15:28:26,115365,82531,2,2
15:28:26,115377,82540,2,2
15:28:26,115384,82545,2,2
15:28:26,115387,82547,2,2
15:28:26,115394,82552,2,2
15:28:26,115401,82557,2,2
15:28:26,115447,82590,2,2
15:28:26,115472,82608,2,2
15:28:26,115494,82624,2,2
15:28:26,115503,82631,2,2
15:28:26,115505,82632,2,2
15:28:26,115524,82646,2,2
15:28:26,115530,82650,2,2
15:28:26,115541,82658,2,2
15:28:26,115557,82670,2,2
15:28:26,115563,82674,2,2
15:28:26,115570,82679,2,2
15:28:26,115592,82695,2,2
15:28:26,115596,82698,2,2
15:28:26,115600,82701,2,2
15:28:26,115620,82715,2,2
15:28:26,115631,82723,2,2
15:28:26,115639,82729,2,2
15:28:26,115641,82730,2,2
15:28:26,115645,82733,2,2
15:28:26,115650,82737,2,2
15:28:26,115657,82742,2,2
15:28:26,115667,82749,2,2
15:28:26,115670,82751,2,2
15:28:26,115679,82758,2,2
15:28:26,115692,82767,2,2
15:28:26,115702,82774,2,2
15:28:26,115707,82778,2,2
15:28:26,115708,82779,2,2
15:28:26,115720,82787,2,2
15:28:26,115733,82797,2,2
15:28:26,115736,82799,2,2
15:28:26,115771,82824,2,2
15:28:26,115803,82847,2,2
15:28:27,115830,82867,2,2
15:28:27,115834,82870,2,2
15:28:27,115836,82871,2,2
15:28:27,115837,82872,2,2
15:28:27,115848,82880,2,2
15:28:27,115879,82902,2,2
15:28:27,115882,82904,2,2
15:28:27,115898,82916,2,2
15:28:27,115902,82919,2,2
15:28:27,115904,82920,2,2
15:28:27,115911,82925,2,2
15:28:27,115915,82928,2,2
15:28:27,115922,82933,2,2
15:28:27,115937,82944,2,2
15:28:27,115951,82954,2,2
15:28:27,115954,82956,2,2
15:28:27,115961,82961,2,2
15:28:27,115962,82962,2,2
15:28:27,115977,82973,2,2
15:28:27,115990,82982,2,2
15:28:27,115994,82985,2,2
15:28:27,116003,82992,2,2
15:28:27,116015,83000,2,2
15:28:27,116016,83001,2,2
15:28:27,116019,83003,2,2
15:28:27,116020,83004,2,2
15:28:27,116033,83013,2,2
15:28:27,116039,83018,2,2
15:28:27,116041,83019,2,2
15:28:27,116051,83026,2,2
15:28:27,116055,83029,2,2
15:28:27,116063,83035,2,2
15:28:27,116075,83044,2,2
15:28:27,116087,83052,2,2
15:28:27,116095,83058,2,2
15:28:27,116127,83081,2,2
15:28:27,116154,83101,2,2
15:28:27,116161,83106,2,2
15:28:27,116168,83111,2,2
15:28:27,116177,83117,2,2
15:28:27,116185,83123,2,2
15:28:27,116200,83134,2,2
15:28:27,116207,83139,2,2
15:28:27,116208,83140,2,2
15:28:27,116221,83149,2,2
15:28:27,116225,83152,2,2
15:28:27,116231,83156,2,2
15:28:27,116233,83158,2,2
15:28:27,116236,83160,2,2
15:28:27,116240,83163,2,2
15:28:27,116257,83175,2,2
15:28:27,116287,83197,2,2
15:28:27,116289,83198,2,2
15:28:27,116312,83215,2,2
15:28:27,116325,83224,2,2
15:28:27,116332,83229,2,2
15:28:27,116334,83231,2,2
15:28:27,116337,83233,2,2
15:28:27,116343,83237,2,2
15:28:27,116350,83242,2,2
15:28:27,116358,83248,2,2
15:28:27,116373,83259,2,2
15:28:27,116391,83272,2,2
15:28:27,116394,83274,2,2
15:28:27,116395,83275,2,2
15:28:27,116447,83312,2,2
15:28:27,116455,83318,2,2
15:28:27,116459,83321,2,2
15:28:27,116476,83333,2,2
15:28:27,116484,83339,2,2
15:28:27,116497,83348,2,2
15:28:27,116498,83349,2,2
15:28:27,116521,83366,2,2
15:28:27,116537,83377,2,2
15:28:27,116552,83388,2,2
15:28:27,116553,83389,2,2
15:28:27,116577,83406,2,2
15:28:27,116592,83417,2,2
15:28:27,116595,83419,2,2
15:28:27,116606,83427,2,2
15:28:27,116607,83428,2,2
15:28:27,116611,83431,2,2
15:28:27,116617,83435,2,2
15:28:27,116635,83448,2,2
15:28:27,116650,83459,2,2
15:28:27,116654,83462,2,2
15:28:27,116664,83469,2,2
15:28:27,116674,83476,2,2
15:28:27,116677,83478,2,2
15:28:27,116678,83479,2,2
15:28:27,116682,83482,2,2
15:28:27,116696,83492,2,2
15:28:27,116706,83499,2,2
15:28:27,116707,83500,2,2
15:28:27,116708,83501,2,2
15:28:27,116726,83514,2,2
15:28:27,116731,83517,2,2
15:28:27,116733,83519,2,2
15:28:27,116757,83536,2,2
15:28:27,116758,83537,2,2
15:28:27,116774,83548,2,2
15:28:27,116778,83551,2,2
15:28:27,116783,83555,2,2
15:28:27,116796,83564,2,2
15:28:27,116797,83565,2,2
15:28:27,116803,83569,2,2
15:28:28,116828,83587,2,2
15:28:28,116837,83594,2,2
15:28:28,116840,83596,2,2
15:28:28,116858,83609,2,2
15:28:28,116861,83611,2,2
15:28:28,116873,83620,2,2
15:28:28,116877,83623,2,2
15:28:28,116880,83625,2,2
15:28:28,116884,83628,2,2
15:28:28,116895,83636,2,2
15:28:28,116898,83638,2,2
15:28:28,116913,83649,2,2
15:28:28,116915,83650,2,2
15:28:28,116934,83664,2,2
15:28:28,116949,83675,2,2
15:28:28,116962,83684,2,2
15:28:28,116976,83694,2,2
15:28:28,116981,83698,2,2
15:28:28,116983,83699,2,2
15:28:28,116988,83703,2,2
15:28:28,116990,83704,2,2
15:28:28,117001,83712,2,2
15:28:28,117006,83716,2,2
15:28:28,117015,83722,2,2
15:28:28,117019,83725,2,2
15:28:28,117024,83729,2,2
15:28:28,117028,83732,2,2
15:28:28,117034,83736,2,2
15:28:28,117041,83741,2,2
15:28:28,117056,83752,2,2
15:28:28,117064,83758,2,2
15:28:28,117066,83759,2,2
15:28:28,117069,83761,2,2
15:28:28,117071,83763,2,2
15:28:28,117081,83770,2,2
15:28:28,117084,83772,2,2
15:28:28,117085,83773,2,2
15:28:28,117087,83774,2,2
15:28:28,117092,83778,2,2
15:28:28,117100,83784,2,2
15:28:28,117106,83788,2,2
15:28:28,117116,83795,2,2
15:28:28,117127,83803,2,2
15:28:28,117132,83807,2,2
15:28:28,117164,83830,2,2
15:28:28,117177,83839,2,2
15:28:28,117178,83840,2,2
15:28:28,117185,83845,2,2
15:28:28,117186,83846,2,2
15:28:28,117204,83859,2,2
15:28:28,117217,83868,2,2
15:28:28,117218,83869,2,2
15:28:28,117236,83882,2,2
15:28:28,117242,83886,2,2
15:28:28,117243,83887,2,2
15:28:28,117250,83892,2,2
15:28:28,117268,83905,2,2
15:28:28,117294,83924,2,2
15:28:28,117303,83930,2,2
15:28:28,117319,83942,2,2
15:28:28,117325,83946,2,2
15:28:28,117328,83948,2,2
15:28:28,117358,83970,2,2
15:28:28,117362,83973,2,2
15:28:28,117377,83984,2,2
15:28:28,117379,83985,2,2
15:28:28,117384,83989,2,2
15:28:28,117390,83993,2,2
15:28:28,117391,83994,2,2
15:28:28,117395,83997,2,2
15:28:28,117416,84012,2,2
15:28:28,117423,84017,2,2
15:28:28,117438,84028,2,2
15:28:28,117440,84029,2,2
15:28:28,117449,84036,2,2
15:28:28,117462,84045,2,2
15:28:28,117472,84052,2,2
15:28:28,117487,84063,2,2
15:28:28,117501,84073,2,2
15:28:28,117513,84082,2,2
15:28:28,117535,84098,2,2
15:28:28,117541,84102,2,2
15:28:28,117549,84108,2,2
15:28:28,117582,84132,2,2
15:28:28,117585,84134,2,2
15:28:28,117602,84146,2,2
15:28:28,117623,84161,2,2
15:28:28,117660,84188,2,2
15:28:28,117661,84189,2,2
15:28:28,117675,84199,2,2
15:28:28,117692,84211,2,2
15:28:28,117706,84221,2,2
15:28:28,117717,84229,2,2
15:28:28,117725,84235,2,2
15:28:28,117740,84246,2,2
15:28:28,117746,84250,2,2
15:28:28,117753,84255,2,2
15:28:28,117767,84265,2,2
15:28:28,117787,84280,2,2
15:28:28,117789,84281,2,2
15:28:28,117800,84289,2,2
15:28:28,117807,84294,2,2
15:28:28,117808,84295,2,2
15:28:28,117818,84302,2,2
15:28:29,117836,84315,2,2
15:28:29,117846,84322,2,2
15:28:29,117852,84327,2,2
15:28:29,117865,84336,2,2
15:28:29,117866,84337,2,2
15:28:29,117915,84372,2,2
15:28:29,117924,84379,2,2
15:28:29,117938,84389,2,2
15:28:29,117952,84399,2,2
15:28:29,117956,84402,2,2
15:28:29,117963,84407,2,2
15:28:29,117974,84415,2,2
15:28:29,117976,84416,2,2
15:28:29,117977,84417,2,2
15:28:29,117981,84420,2,2
15:28:29,117985,84423,2,2
15:28:29,117988,84425,2,2
15:28:29,117991,84427,2,2
15:28:29,117996,84431,2,2
15:28:29,118026,84452,2,2
15:28:29,118028,84454,2,2
15:28:29,118030,84455,2,2
15:28:29,118035,84459,2,2
15:28:29,118042,84464,2,2
15:28:29,118074,84487,2,2
15:28:29,118089,84498,2,2
15:28:29,118093,84501,2,2
15:28:29,118109,84512,2,2
15:28:29,118114,84516,2,2
15:28:29,118145,84538,2,2
15:28:29,118152,84543,2,2
15:28:29,118168,84555,2,2
15:28:29,118178,84562,2,2
15:28:29,118196,84575,2,2
15:28:29,118199,84577,2,2
15:28:29,118201,84579,2,2
15:28:29,118207,84583,2,2
15:28:29,118213,84587,2,2
15:28:29,118222,84594,2,2
15:28:29,118224,84595,2,2
15:28:29,118246,84611,2,2
15:28:29,118251,84615,2,2
15:28:29,118253,84616,2,2
15:28:29,118268,84627,2,2
15:28:29,118278,84634,2,2
15:28:29,118279,84635,2,2
15:28:29,118286,84640,2,2
15:28:29,118287,84641,2,2
15:28:29,118298,84649,2,2
15:28:29,118333,84674,2,2
15:28:29,118340,84679,2,2
15:28:29,118343,84681,2,2
15:28:29,118346,84683,2,2
15:28:29,118348,84685,2,2
15:28:29,118354,84689,2,2
15:28:29,118357,84691,2,2
15:28:29,118365,84697,2,2
15:28:29,118366,84698,2,2
15:28:29,118370,84701,2,2
15:28:29,118375,84704,2,2
15:28:29,118379,84707,2,2
15:28:29,118401,84723,2,2
15:28:29,118405,84726,2,2
15:28:29,118406,84727,2,2
15:28:29,118408,84728,2,2
15:28:29,118409,84729,2,2
15:28:29,118419,84736,2,2
15:28:29,118422,84738,2,2
15:28:29,118427,84742,2,2
15:28:29,118436,84748,2,2
15:28:29,118459,84765,2,2
15:28:29,118460,84766,2,2
15:28:29,118463,84768,2,2
15:28:29,118477,84778,2,2
15:28:29,118478,84779,2,2
15:28:29,118480,84780,2,2
15:28:29,118481,84781,2,2
15:28:29,118487,84785,2,2
15:28:29,118488,84786,2,2
15:28:29,118495,84791,2,2
15:28:29,118512,84803,2,2
15:28:29,118534,84819,2,2
15:28:29,118535,84820,2,2
15:28:29,118544,84826,2,2
15:28:29,118545,84827,2,2
15:28:29,118578,84851,2,2
15:28:29,118596,84864,2,2
15:28:29,118600,84867,2,2
15:28:29,118607,84872,2,2
15:28:29,118647,84901,2,2
15:28:29,118652,84904,2,2
15:28:29,118656,84907,2,2
15:28:29,118670,84917,2,2
15:28:29,118672,84919,2,2
15:28:29,118685,84928,2,2
15:28:29,118699,84938,2,2
15:28:29,118704,84942,2,2
15:28:29,118707,84944,2,2
15:28:29,118728,84959,2,2
15:28:29,118729,84960,2,2
15:28:29,118733,84963,2,2
15:28:29,118737,84966,2,2
15:28:29,118749,84974,2,2
15:28:29,118786,85001,2,2
15:28:29,118793,85006,2,2
15:28:29,118805,85015,2,2
15:28:29,118816,85023,2,2
15:28:30,118819,85025,2,2
15:28:30,118833,85035,2,2
15:28:30,118834,85036,2,2
15:28:30,118836,85037,2,2
15:28:30,118841,85041,2,2
15:28:30,118863,85057,2,2
15:28:30,118865,85058,2,2
15:28:30,118870,85062,2,2
15:28:30,118873,85064,2,2
15:28:30,118876,85066,2,2
15:28:30,118890,85076,2,2
15:28:30,118898,85082,2,2
15:28:30,118901,85084,2,2
15:28:30,118908,85089,2,2
15:28:30,118913,85093,2,2
15:28:30,118923,85100,2,2
15:28:30,118929,85104,2,2
15:28:30,118942,85114,2,2
15:28:30,118945,85116,2,2
15:28:30,118966,85131,2,2
15:28:30,118974,85137,2,2
15:28:30,118987,85146,2,2
15:28:30,118999,85155,2,2
15:28:30,119012,85164,2,2
15:28:30,119014,85166,2,2
15:28:30,119016,85167,2,2
15:28:30,119019,85169,2,2
15:28:30,119026,85174,2,2
15:28:30,119027,85175,2,2
15:28:30,119032,85179,2,2
15:28:30,119081,85214,2,2
15:28:30,119092,85222,2,2
15:28:30,119100,85228,2,2
15:28:30,119118,85241,2,2
15:28:30,119124,85245,2,2
15:28:30,119135,85253,2,2
15:28:30,119142,85258,2,2
15:28:30,119178,85284,2,2
15:28:30,119186,85290,2,2
15:28:30,119188,85291,2,2
15:28:30,119204,85303,2,2
15:28:30,119228,85320,2,2
15:28:30,119246,85333,2,2
15:28:30,119250,85336,2,2
15:28:30,119258,85342,2,2
15:28:30,119267,85348,2,2
15:28:30,119275,85354,2,2
15:28:30,119276,85355,2,2
15:28:30,119278,85356,2,2
15:28:30,119297,85370,2,2
15:28:30,119298,85371,2,2
15:28:30,119325,85390,2,2
15:28:30,119327,85392,2,2
15:28:30,119339,85400,2,2
15:28:30,119341,85402,2,2
15:28:30,119347,85406,2,2
15:28:30,119358,85414,2,2
15:28:30,119363,85418,2,2
15:28:30,119368,85421,2,2
15:28:30,119395,85441,2,2
15:28:30,119402,85446,2,2
15:28:30,119404,85447,2,2
15:28:30,119406,85449,2,2
15:28:30,119408,85450,2,2
15:28:30,119417,85457,2,2
15:28:30,119433,85468,2,2
15:28:30,119442,85475,2,2
15:28:30,119470,85495,2,2
15:28:30,119476,85499,2,2
15:28:30,119483,85504,2,2
15:28:30,119487,85507,2,2
15:28:30,119488,85508,2,2
15:28:30,119514,85527,2,2
15:28:30,119530,85538,2,2
15:28:30,119539,85545,2,2
15:28:30,119552,85554,2,2
15:28:30,119555,85556,2,2
15:28:30,119562,85561,2,2
15:28:30,119588,85580,2,2
15:28:30,119598,85587,2,2
15:28:30,119613,85598,2,2
15:28:30,119617,85601,2,2
15:28:30,119620,85603,2,2
15:28:30,119639,85617,2,2
15:28:30,119642,85619,2,2
15:28:30,119656,85629,2,2
15:28:30,119661,85633,2,2
15:28:30,119665,85636,2,2
15:28:30,119667,85637,2,2
15:28:30,119675,85643,2,2
15:28:30,119679,85646,2,2
15:28:30,119690,85654,2,2
15:28:30,119697,85659,2,2
15:28:30,119701,85662,2,2
15:28:30,119728,85681,2,2
15:28:30,119746,85694,2,2
15:28:30,119749,85696,2,2
15:28:30,119754,85700,2,2
15:28:30,119762,85706,2,2
15:28:30,119764,85707,2,2
15:28:30,119771,85712,2,2
15:28:30,119776,85716,2,2
15:28:30,119786,85723,2,2
15:28:30,119797,85731,2,2
15:28:30,119815,85744,2,2
15:28:31,119826,85752,2,2
15:28:31,119870,85784,2,2
15:28:31,119879,85790,2,2
15:28:31,119897,85803,2,2
15:28:31,119906,85810,2,2
15:28:31,119912,85814,2,2
15:28:31,119915,85816,2,2
15:28:31,119920,85820,2,2
15:28:31,119929,85826,2,2
15:28:31,119931,85828,2,2
15:28:31,119938,85833,2,2
15:28:31,119947,85839,2,2
15:28:31,119949,85841,2,2
15:28:31,119952,85843,2,2
15:28:31,119969,85855,2,2
15:28:31,119974,85859,2,2
15:28:31,119980,85863,2,2
15:28:31,119985,85867,2,2
15:28:31,120001,85878,2,2
15:28:31,120023,85894,2,2
15:28:31,120024,85895,2,2
15:28:31,120045,85910,2,2
15:28:31,120048,85912,2,2
15:28:31,120068,85927,2,2
