Index,Timestamp,Millis,Indicator
1,13:43:13,310,1
2,13:43:13,312,1
3,13:43:13,315,1
4,13:43:13,317,1
5,13:43:13,320,1
6,13:43:13,322,1
7,13:43:13,325,1
8,13:43:13,327,1
9,13:43:13,330,1
10,13:43:13,332,1
11,13:43:13,335,1
12,13:43:13,337,1
13,13:43:13,340,1
14,13:43:13,342,1
15,13:43:13,345,1
16,13:43:13,347,1
17,13:43:13,350,1
18,13:43:13,352,1
19,13:43:13,355,1
20,13:43:13,357,1
21,13:43:13,360,1
22,13:43:13,362,1
23,13:43:13,365,1
24,13:43:13,367,1
25,13:43:13,370,1
26,13:43:13,372,1
27,13:43:13,375,1
28,13:43:13,377,1
29,13:43:13,380,1
30,13:43:13,382,1
31,13:43:13,385,1
32,13:43:13,387,1
33,13:43:13,390,1
34,13:43:13,392,1
35,13:43:13,395,1
36,13:43:13,397,1
37,13:43:13,400,1
38,13:43:13,402,1
39,13:43:13,405,1
40,13:43:13,407,1
41,13:43:13,410,1
42,13:43:13,412,1
43,13:43:13,414,1
44,13:43:13,417,1
45,13:43:13,419,1
46,13:43:13,422,1
47,13:43:13,424,1
48,13:43:13,427,1
49,13:43:13,429,1
50,13:43:13,432,1
51,13:43:13,434,1
52,13:43:13,437,1
53,13:43:13,439,1
54,13:43:13,442,1
55,13:43:13,444,1
56,13:43:13,447,1
57,13:43:13,449,1
58,13:43:13,452,1
59,13:43:13,454,1
60,13:43:13,457,1
61,13:43:13,459,1
62,13:43:13,462,1
63,13:43:13,464,1
64,13:43:13,467,1
65,13:43:13,469,1
66,13:43:13,472,1
67,13:43:13,474,1
68,13:43:13,477,1
69,13:43:13,479,1
70,13:43:13,482,1
71,13:43:13,484,1
72,13:43:13,487,1
73,13:43:13,489,1
74,13:43:13,492,1
75,13:43:13,494,1
76,13:43:13,497,1
77,13:43:13,499,1
78,13:43:13,502,1
79,13:43:13,504,1
80,13:43:13,507,1
81,13:43:13,509,1
82,13:43:13,512,1
83,13:43:13,514,1
84,13:43:13,517,1
85,13:43:13,519,1
86,13:43:13,522,1
87,13:43:13,524,1
88,13:43:13,527,1
89,13:43:13,529,1
90,13:43:13,532,1
91,13:43:13,534,1
92,13:43:13,536,1
93,13:43:13,539,1
94,13:43:13,541,1
95,13:43:13,544,1
96,13:43:13,546,1
97,13:43:13,549,1
98,13:43:13,551,1
99,13:43:13,554,1
100,13:43:13,556,1
101,13:43:13,559,1
102,13:43:13,561,1
103,13:43:13,564,1
104,13:43:13,566,1
105,13:43:13,569,1
106,13:43:13,571,1
107,13:43:13,574,1
108,13:43:13,576,1
109,13:43:13,579,1
110,13:43:13,581,1
111,13:43:13,584,1
112,13:43:13,586,1
113,13:43:13,589,1
114,13:43:13,591,1
115,13:43:13,594,1
116,13:43:13,596,1
117,13:43:13,599,1
118,13:43:13,601,1
119,13:43:13,604,1
120,13:43:13,606,1
121,13:43:13,609,1
122,13:43:13,611,1
123,13:43:13,614,1
124,13:43:13,616,1
125,13:43:13,619,1
126,13:43:13,621,1
127,13:43:13,624,1
128,13:43:13,626,1
129,13:43:13,629,1
130,13:43:13,631,1
131,13:43:13,634,1
132,13:43:13,636,1
133,13:43:13,639,1
134,13:43:13,641,1
135,13:43:13,644,1
136,13:43:13,646,1
137,13:43:13,649,1
138,13:43:13,651,1
139,13:43:13,654,1
140,13:43:13,656,1
141,13:43:13,659,1
142,13:43:13,661,1
143,13:43:13,663,1
144,13:43:13,666,1
145,13:43:13,668,1
146,13:43:13,671,1
147,13:43:13,673,1
148,13:43:13,676,1
149,13:43:13,678,1
150,13:43:13,681,1
151,13:43:13,683,1
152,13:43:13,686,1
153,13:43:13,688,1
154,13:43:13,691,1
155,13:43:13,693,1
156,13:43:13,696,1
157,13:43:13,698,1
158,13:43:13,701,1
159,13:43:13,703,1
160,13:43:13,706,1
161,13:43:13,708,1
162,13:43:13,711,1
163,13:43:13,713,1
164,13:43:13,716,1
165,13:43:13,718,1
166,13:43:13,721,1
167,13:43:13,723,1
168,13:43:13,726,1
169,13:43:13,728,1
170,13:43:13,731,1
171,13:43:13,733,1
172,13:43:13,736,1
173,13:43:13,738,1
174,13:43:13,741,1
175,13:43:13,743,1
176,13:43:13,746,1
177,13:43:13,748,1
178,13:43:13,751,1
179,13:43:13,753,1
180,13:43:13,756,1
181,13:43:13,758,1
182,13:43:13,761,1
183,13:43:13,763,1
184,13:43:13,766,1
185,13:43:13,768,1
186,13:43:13,771,1
187,13:43:13,773,1
188,13:43:13,776,1
189,13:43:13,778,1
190,13:43:13,781,1
191,13:43:13,783,1
192,13:43:13,785,1
193,13:43:13,788,1
194,13:43:13,790,1
195,13:43:13,793,1
196,13:43:13,795,1
197,13:43:13,798,1
198,13:43:13,800,1
199,13:43:13,803,1
200,13:43:13,805,1
201,13:43:13,808,1
202,13:43:13,810,1
203,13:43:13,813,1
204,13:43:13,815,1
205,13:43:13,818,1
206,13:43:13,820,1
207,13:43:13,823,1
208,13:43:13,825,1
209,13:43:13,828,1
210,13:43:13,830,1
211,13:43:13,833,1
212,13:43:13,835,1
213,13:43:13,838,1
214,13:43:13,840,1
215,13:43:13,843,1
216,13:43:13,845,1
217,13:43:13,848,1
218,13:43:13,850,1
219,13:43:13,853,1
220,13:43:13,855,1
221,13:43:13,858,1
222,13:43:13,860,1
223,13:43:13,863,1
224,13:43:13,865,1
225,13:43:13,868,1
226,13:43:13,870,1
227,13:43:13,873,1
228,13:43:13,875,1
229,13:43:13,878,1
230,13:43:13,880,1
231,13:43:13,883,1
232,13:43:13,885,1
233,13:43:13,888,1
234,13:43:13,890,1
235,13:43:13,893,1
236,13:43:13,895,1
237,13:43:13,898,1
238,13:43:13,900,1
239,13:43:13,903,1
240,13:43:13,905,1
241,13:43:13,908,1
242,13:43:13,910,1
243,13:43:13,912,1
244,13:43:13,915,1
245,13:43:13,917,1
246,13:43:13,920,1
247,13:43:13,922,1
248,13:43:13,925,1
249,13:43:13,927,1
250,13:43:14,930,1
251,13:43:14,932,1
252,13:43:14,935,1
253,13:43:14,937,1
254,13:43:14,940,1
255,13:43:14,942,1
256,13:43:14,945,1
257,13:43:14,947,1
258,13:43:14,950,1
259,13:43:14,952,1
260,13:43:14,955,1
261,13:43:14,957,1
262,13:43:14,960,1
263,13:43:14,962,1
264,13:43:14,965,1
265,13:43:14,967,1
266,13:43:14,970,1
267,13:43:14,972,1
268,13:43:14,975,1
269,13:43:14,977,1
270,13:43:14,980,1
271,13:43:14,982,1
272,13:43:14,985,1
273,13:43:14,987,1
274,13:43:14,990,1
275,13:43:14,992,1
276,13:43:14,995,1
277,13:43:14,997,1
278,13:43:14,1000,1
279,13:43:14,1002,1
280,13:43:14,1005,1
281,13:43:14,1007,1
282,13:43:14,1010,1
283,13:43:14,1012,1
284,13:43:14,1015,1
285,13:43:14,1017,1
286,13:43:14,1020,1
287,13:43:14,1022,1
288,13:43:14,1025,1
289,13:43:14,1027,1
290,13:43:14,1030,1
291,13:43:14,1032,1
292,13:43:14,1034,1
293,13:43:14,1037,1
294,13:43:14,1039,1
295,13:43:14,1042,1
296,13:43:14,1044,1
297,13:43:14,1047,1
298,13:43:14,1049,1
299,13:43:14,1052,1
300,13:43:14,1054,1
301,13:43:14,1057,1
302,13:43:14,1059,1
303,13:43:14,1062,1
304,13:43:14,1064,1
305,13:43:14,1067,1
306,13:43:14,1069,1
307,13:43:14,1072,1
308,13:43:14,1074,1
309,13:43:14,1077,1
310,13:43:14,1079,1
311,13:43:14,1082,1
312,13:43:14,1084,1
313,13:43:14,1087,1
314,13:43:14,1089,1
315,13:43:14,1092,1
316,13:43:14,1094,1
317,13:43:14,1097,1
318,13:43:14,1099,1
319,13:43:14,1102,1
320,13:43:14,1104,1
321,13:43:14,1107,1
322,13:43:14,1109,1
323,13:43:14,1112,1
324,13:43:14,1114,1
325,13:43:14,1117,1
326,13:43:14,1119,1
327,13:43:14,1122,1
328,13:43:14,1124,1
329,13:43:14,1127,1
330,13:43:14,1129,1
331,13:43:14,1132,1
332,13:43:14,1134,1
333,13:43:14,1137,1
334,13:43:14,1139,1
335,13:43:14,1142,1
336,13:43:14,1144,1
337,13:43:14,1147,1
338,13:43:14,1149,1
339,13:43:14,1152,1
340,13:43:14,1154,1
341,13:43:14,1157,1
342,13:43:14,1159,1
343,13:43:14,1161,1
344,13:43:14,1164,1
345,13:43:14,1166,1
346,13:43:14,1169,1
347,13:43:14,1171,1
348,13:43:14,1174,1
349,13:43:14,1176,1
350,13:43:14,1179,1
351,13:43:14,1181,1
352,13:43:14,1184,1
353,13:43:14,1186,1
354,13:43:14,1189,1
355,13:43:14,1191,1
356,13:43:14,1194,1
357,13:43:14,1196,1
358,13:43:14,1199,1
359,13:43:14,1201,1
360,13:43:14,1204,1
361,13:43:14,1206,1
362,13:43:14,1209,1
363,13:43:14,1211,1
364,13:43:14,1214,1
365,13:43:14,1216,1
366,13:43:14,1219,1
367,13:43:14,1221,1
368,13:43:14,1224,1
369,13:43:14,1226,1
370,13:43:14,1229,1
371,13:43:14,1231,1
372,13:43:14,1234,1
373,13:43:14,1236,1
374,13:43:14,1239,1
375,13:43:14,1241,1
376,13:43:14,1244,1
377,13:43:14,1246,1
378,13:43:14,1249,1
379,13:43:14,1251,1
380,13:43:14,1254,1
381,13:43:14,1256,1
382,13:43:14,1259,1
383,13:43:14,1261,1
384,13:43:14,1264,1
385,13:43:14,1266,1
386,13:43:14,1269,1
387,13:43:14,1271,1
388,13:43:14,1274,1
389,13:43:14,1276,1
390,13:43:14,1279,1
391,13:43:14,1281,1
392,13:43:14,1283,1
393,13:43:14,1286,1
394,13:43:14,1288,1
395,13:43:14,1291,1
396,13:43:14,1293,1
397,13:43:14,1296,1
398,13:43:14,1298,1
399,13:43:14,1301,1
400,13:43:14,1303,1
401,13:43:14,1306,1
402,13:43:14,1308,1
403,13:43:14,1311,1
404,13:43:14,1313,1
405,13:43:14,1316,1
406,13:43:14,1318,1
407,13:43:14,1321,1
408,13:43:14,1323,1
409,13:43:14,1326,1
410,13:43:14,1328,1
411,13:43:14,1331,1
412,13:43:14,1333,1
413,13:43:14,1336,1
414,13:43:14,1338,1
415,13:43:14,1341,1
416,13:43:14,1343,1
417,13:43:14,1346,1
418,13:43:14,1348,1
419,13:43:14,1351,1
420,13:43:14,1353,1
421,13:43:14,1356,1
422,13:43:14,1358,1
423,13:43:14,1361,1
424,13:43:14,1363,1
425,13:43:14,1366,1
426,13:43:14,1368,1
427,13:43:14,1371,1
428,13:43:14,1373,1
429,13:43:14,1376,1
430,13:43:14,1378,1
431,13:43:14,1381,1
432,13:43:14,1383,1
433,13:43:14,1386,1
434,13:43:14,1388,1
435,13:43:14,1391,1
436,13:43:14,1393,1
437,13:43:14,1396,1
438,13:43:14,1398,1
439,13:43:14,1401,1
440,13:43:14,1403,1
441,13:43:14,1406,1
442,13:43:14,1408,1
443,13:43:14,1410,1
444,13:43:14,1413,1
445,13:43:14,1415,1
446,13:43:14,1418,1
447,13:43:14,1420,1
448,13:43:14,1423,1
449,13:43:14,1425,1
450,13:43:14,1428,1
451,13:43:14,1430,1
452,13:43:14,1433,1
453,13:43:14,1435,1
454,13:43:14,1438,1
455,13:43:14,1440,1
456,13:43:14,1443,1
457,13:43:14,1445,1
458,13:43:14,1448,1
459,13:43:14,1450,1
460,13:43:14,1453,1
461,13:43:14,1455,1
462,13:43:14,1458,1
463,13:43:14,1460,1
464,13:43:14,1463,1
465,13:43:14,1465,1
466,13:43:14,1468,1
467,13:43:14,1470,1
468,13:43:14,1473,1
469,13:43:14,1475,1
470,13:43:14,1478,1
471,13:43:14,1480,1
472,13:43:14,1483,1
473,13:43:14,1485,1
474,13:43:14,1488,1
475,13:43:14,1490,1
476,13:43:14,1493,1
477,13:43:14,1495,1
478,13:43:14,1498,1
479,13:43:14,1500,1
480,13:43:14,1503,1
481,13:43:14,1505,1
482,13:43:14,1508,1
483,13:43:14,1510,1
484,13:43:14,1513,1
485,13:43:14,1515,1
486,13:43:14,1518,1
487,13:43:14,1520,1
488,13:43:14,1523,1
489,13:43:14,1525,1
490,13:43:14,1528,1
491,13:43:14,1530,1
492,13:43:14,1532,1
493,13:43:14,1535,1
494,13:43:14,1537,1
495,13:43:14,1540,1
496,13:43:14,1542,1
497,13:43:14,1545,1
498,13:43:14,1547,1
499,13:43:14,1550,1
500,13:43:14,1552,1
501,13:43:14,1555,1
502,13:43:14,1557,1
503,13:43:14,1560,1
504,13:43:14,1562,1
505,13:43:14,1565,1
506,13:43:14,1567,1
507,13:43:14,1570,1
508,13:43:14,1572,1
509,13:43:14,1575,1
510,13:43:14,1577,1
511,13:43:14,1580,1
512,13:43:14,1582,1
513,13:43:14,1585,1
514,13:43:14,1587,1
515,13:43:14,1590,1
516,13:43:14,1592,1
517,13:43:14,1595,1
518,13:43:14,1597,1
519,13:43:14,1600,1
520,13:43:14,1602,1
521,13:43:14,1605,1
522,13:43:14,1607,1
523,13:43:14,1610,1
524,13:43:14,1612,1
525,13:43:14,1615,1
526,13:43:14,1617,1
527,13:43:14,1620,1
528,13:43:14,1622,1
529,13:43:14,1625,1
530,13:43:14,1627,1
531,13:43:14,1630,1
532,13:43:14,1632,1
533,13:43:14,1635,1
534,13:43:14,1637,1
535,13:43:14,1640,1
536,13:43:14,1642,1
537,13:43:14,1645,1
538,13:43:14,1647,1
539,13:43:14,1650,1
540,13:43:14,1652,1
541,13:43:14,1655,1
542,13:43:14,1657,1
543,13:43:14,1659,1
544,13:43:14,1662,1
545,13:43:14,1664,1
546,13:43:14,1667,1
547,13:43:14,1669,1
548,13:43:14,1672,1
549,13:43:14,1674,1
550,13:43:14,1677,1
551,13:43:14,1679,1
552,13:43:14,1682,1
553,13:43:14,1684,1
554,13:43:14,1687,1
555,13:43:14,1689,1
556,13:43:14,1692,1
557,13:43:14,1694,1
558,13:43:14,1697,1
559,13:43:14,1699,1
560,13:43:14,1702,1
561,13:43:14,1704,1
562,13:43:14,1707,1
563,13:43:14,1709,1
564,13:43:14,1712,1
565,13:43:14,1714,1
566,13:43:14,1717,1
567,13:43:14,1719,1
568,13:43:14,1722,1
569,13:43:14,1724,1
570,13:43:14,1727,1
571,13:43:14,1729,1
572,13:43:14,1732,1
573,13:43:14,1734,1
574,13:43:14,1737,1
575,13:43:14,1739,1
576,13:43:14,1742,1
577,13:43:14,1744,1
578,13:43:14,1747,1
579,13:43:14,1749,1
580,13:43:14,1752,1
581,13:43:14,1754,1
582,13:43:14,1757,1
583,13:43:14,1759,1
584,13:43:14,1762,1
585,13:43:14,1764,1
586,13:43:14,1767,1
587,13:43:14,1769,1
588,13:43:14,1772,1
589,13:43:14,1774,1
590,13:43:14,1777,1
591,13:43:14,1779,1
592,13:43:14,1781,1
593,13:43:14,1784,1
594,13:43:14,1786,1
595,13:43:14,1789,1
596,13:43:14,1791,1
597,13:43:14,1794,1
598,13:43:14,1796,1
599,13:43:14,1799,1
600,13:43:14,1801,1
601,13:43:14,1804,1
602,13:43:14,1806,1
603,13:43:14,1809,1
604,13:43:14,1811,1
605,13:43:14,1814,1
606,13:43:14,1816,1
607,13:43:14,1819,1
608,13:43:14,1821,1
609,13:43:14,1824,1
610,13:43:14,1826,1
611,13:43:14,1829,1
612,13:43:14,1831,1
613,13:43:14,1834,1
614,13:43:14,1836,1
615,13:43:14,1839,1
616,13:43:14,1841,1
617,13:43:14,1844,1
618,13:43:14,1846,1
619,13:43:14,1849,1
620,13:43:14,1851,1
621,13:43:14,1854,1
622,13:43:14,1856,1
623,13:43:14,1859,1
624,13:43:14,1861,1
625,13:43:14,1864,1
626,13:43:14,1866,1
627,13:43:14,1869,1
628,13:43:14,1871,1
629,13:43:14,1874,1
630,13:43:14,1876,1
631,13:43:14,1879,1
632,13:43:14,1881,1
633,13:43:14,1884,1
634,13:43:14,1886,1
635,13:43:14,1889,1
636,13:43:14,1891,1
637,13:43:14,1894,1
638,13:43:14,1896,1
639,13:43:14,1899,1
640,13:43:14,1901,1
641,13:43:14,1904,1
642,13:43:14,1906,1
643,13:43:14,1908,1
644,13:43:14,1911,1
645,13:43:14,1913,1
646,13:43:14,1916,1
647,13:43:14,1918,1
648,13:43:14,1921,1
649,13:43:14,1923,1
650,13:43:14,1926,1
651,13:43:14,1928,1
652,13:43:14,1931,1
653,13:43:15,1933,1
654,13:43:15,1936,1
655,13:43:15,1938,1
656,13:43:15,1941,1
657,13:43:15,1943,1
658,13:43:15,1946,1
659,13:43:15,1948,1
660,13:43:15,1951,1
661,13:43:15,1953,1
662,13:43:15,1956,1
663,13:43:15,1958,1
664,13:43:15,1961,1
665,13:43:15,1963,1
666,13:43:15,1966,1
667,13:43:15,1968,1
668,13:43:15,1971,1
669,13:43:15,1973,1
670,13:43:15,1976,1
671,13:43:15,1978,1
672,13:43:15,1981,1
673,13:43:15,1983,1
674,13:43:15,1986,1
675,13:43:15,1988,1
676,13:43:15,1991,1
677,13:43:15,1993,1
678,13:43:15,1996,1
679,13:43:15,1998,1
680,13:43:15,2001,1
681,13:43:15,2003,1
682,13:43:15,2006,1
683,13:43:15,2008,1
684,13:43:15,2011,1
685,13:43:15,2013,1
686,13:43:15,2016,1
687,13:43:15,2018,1
688,13:43:15,2021,1
689,13:43:15,2023,1
690,13:43:15,2026,1
691,13:43:15,2028,1
692,13:43:15,2030,1
693,13:43:15,2033,1
694,13:43:15,2035,1
695,13:43:15,2038,1
696,13:43:15,2040,1
697,13:43:15,2043,1
698,13:43:15,2045,1
699,13:43:15,2048,1
700,13:43:15,2050,1
701,13:43:15,2053,1
702,13:43:15,2055,1
703,13:43:15,2058,1
704,13:43:15,2060,1
705,13:43:15,2063,1
706,13:43:15,2065,1
707,13:43:15,2068,1
708,13:43:15,2070,1
709,13:43:15,2073,1
710,13:43:15,2075,1
711,13:43:15,2078,1
712,13:43:15,2080,1
713,13:43:15,2083,1
714,13:43:15,2085,1
715,13:43:15,2088,1
716,13:43:15,2090,1
717,13:43:15,2093,1
718,13:43:15,2095,1
719,13:43:15,2098,1
720,13:43:15,2100,1
721,13:43:15,2103,1
722,13:43:15,2105,1
723,13:43:15,2108,1
724,13:43:15,2110,1
725,13:43:15,2113,1
726,13:43:15,2115,1
727,13:43:15,2118,1
728,13:43:15,2120,1
729,13:43:15,2123,1
730,13:43:15,2125,1
731,13:43:15,2128,1
732,13:43:15,2130,1
733,13:43:15,2133,1
734,13:43:15,2135,1
735,13:43:15,2138,1
736,13:43:15,2140,1
737,13:43:15,2143,1
738,13:43:15,2145,1
739,13:43:15,2148,1
740,13:43:15,2150,1
741,13:43:15,2153,1
742,13:43:15,2155,1
743,13:43:15,2157,1
744,13:43:15,2160,1
745,13:43:15,2162,1
746,13:43:15,2165,1
747,13:43:15,2167,1
748,13:43:15,2170,1
749,13:43:15,2172,1
750,13:43:15,2175,1
751,13:43:15,2177,1
752,13:43:15,2180,1
753,13:43:15,2182,1
754,13:43:15,2185,1
755,13:43:15,2187,1
756,13:43:15,2190,1
757,13:43:15,2192,1
758,13:43:15,2195,1
759,13:43:15,2197,1
760,13:43:15,2200,1
761,13:43:15,2202,1
762,13:43:15,2205,1
763,13:43:15,2207,1
764,13:43:15,2210,1
765,13:43:15,2212,1
766,13:43:15,2215,1
767,13:43:15,2217,1
768,13:43:15,2220,1
769,13:43:15,2222,1
770,13:43:15,2225,1
771,13:43:15,2227,1
772,13:43:15,2230,1
773,13:43:15,2232,1
774,13:43:15,2235,1
775,13:43:15,2237,1
776,13:43:15,2240,1
777,13:43:15,2242,1
778,13:43:15,2245,1
779,13:43:15,2247,1
780,13:43:15,2250,1
781,13:43:15,2252,1
782,13:43:15,2255,1
783,13:43:15,2257,1
784,13:43:15,2260,1
785,13:43:15,2262,1
786,13:43:15,2265,1
787,13:43:15,2267,1
788,13:43:15,2270,1
789,13:43:15,2272,1
790,13:43:15,2275,1
791,13:43:15,2277,1
792,13:43:15,2279,1
793,13:43:15,2282,1
794,13:43:15,2284,1
795,13:43:15,2287,1
796,13:43:15,2289,1
797,13:43:15,2292,1
798,13:43:15,2294,1
799,13:43:15,2297,1
800,13:43:15,2299,1
801,13:43:15,2302,1
802,13:43:15,2304,1
803,13:43:15,2307,1
804,13:43:15,2309,1
805,13:43:15,2312,1
806,13:43:15,2314,1
807,13:43:15,2317,1
808,13:43:15,2319,1
809,13:43:15,2322,1
810,13:43:15,2324,1
811,13:43:15,2327,1
812,13:43:15,2329,1
813,13:43:15,2332,1
814,13:43:15,2334,1
815,13:43:15,2337,1
816,13:43:15,2339,1
817,13:43:15,2342,1
818,13:43:15,2344,1
819,13:43:15,2347,1
820,13:43:15,2349,1
821,13:43:15,2352,1
822,13:43:15,2354,1
823,13:43:15,2357,1
824,13:43:15,2359,1
825,13:43:15,2362,1
826,13:43:15,2364,1
827,13:43:15,2367,1
828,13:43:15,2369,1
829,13:43:15,2372,1
830,13:43:15,2374,1
831,13:43:15,2377,1
832,13:43:15,2379,1
833,13:43:15,2382,1
834,13:43:15,2384,1
835,13:43:15,2387,1
836,13:43:15,2389,1
837,13:43:15,2392,1
838,13:43:15,2394,1
839,13:43:15,2397,1
840,13:43:15,2399,1
841,13:43:15,2402,1
842,13:43:15,2404,1
843,13:43:15,2406,1
844,13:43:15,2409,1
845,13:43:15,2411,1
846,13:43:15,2414,1
847,13:43:15,2416,1
848,13:43:15,2419,1
849,13:43:15,2421,1
850,13:43:15,2424,1
851,13:43:15,2426,1
852,13:43:15,2429,1
853,13:43:15,2431,1
854,13:43:15,2434,1
855,13:43:15,2436,1
856,13:43:15,2439,1
857,13:43:15,2441,1
858,13:43:15,2444,1
859,13:43:15,2446,1
860,13:43:15,2449,1
861,13:43:15,2451,1
862,13:43:15,2454,1
863,13:43:15,2456,1
864,13:43:15,2459,1
865,13:43:15,2461,1
866,13:43:15,2464,1
867,13:43:15,2466,1
868,13:43:15,2469,1
869,13:43:15,2471,1
870,13:43:15,2474,1
871,13:43:15,2476,1
872,13:43:15,2479,1
873,13:43:15,2481,1
874,13:43:15,2484,1
875,13:43:15,2486,1
876,13:43:15,2489,1
877,13:43:15,2491,1
878,13:43:15,2494,1
879,13:43:15,2496,1
880,13:43:15,2499,1
881,13:43:15,2501,1
882,13:43:15,2504,1
883,13:43:15,2506,1
884,13:43:15,2509,1
885,13:43:15,2511,1
886,13:43:15,2514,1
887,13:43:15,2516,1
888,13:43:15,2519,1
889,13:43:15,2521,1
890,13:43:15,2524,1
891,13:43:15,2526,1
892,13:43:15,2528,1
893,13:43:15,2531,1
894,13:43:15,2533,1
895,13:43:15,2536,1
896,13:43:15,2538,1
897,13:43:15,2541,1
898,13:43:15,2543,1
899,13:43:15,2546,1
900,13:43:15,2548,1
901,13:43:15,2551,1
902,13:43:15,2553,1
903,13:43:15,2556,1
904,13:43:15,2558,1
905,13:43:15,2561,1
906,13:43:15,2563,1
907,13:43:15,2566,1
908,13:43:15,2568,1
909,13:43:15,2571,1
910,13:43:15,2573,1
911,13:43:15,2576,1
912,13:43:15,2578,1
913,13:43:15,2581,1
914,13:43:15,2583,1
915,13:43:15,2586,1
916,13:43:15,2588,1
917,13:43:15,2591,1
918,13:43:15,2593,1
919,13:43:15,2596,1
920,13:43:15,2598,1
921,13:43:15,2601,1
922,13:43:15,2603,1
923,13:43:15,2606,1
924,13:43:15,2608,1
925,13:43:15,2611,1
926,13:43:15,2613,1
927,13:43:15,2616,1
928,13:43:15,2618,1
929,13:43:15,2621,1
930,13:43:15,2623,1
931,13:43:15,2626,1
932,13:43:15,2628,1
933,13:43:15,2631,1
934,13:43:15,2633,1
935,13:43:15,2636,1
936,13:43:15,2638,1
937,13:43:15,2641,1
938,13:43:15,2643,1
939,13:43:15,2646,1
940,13:43:15,2648,1
941,13:43:15,2651,1
942,13:43:15,2653,1
943,13:43:15,2655,1
944,13:43:15,2658,1
945,13:43:15,2660,1
946,13:43:15,2663,1
947,13:43:15,2665,1
948,13:43:15,2668,1
949,13:43:15,2670,1
950,13:43:15,2673,1
951,13:43:15,2675,1
952,13:43:15,2678,1
953,13:43:15,2680,1
954,13:43:15,2683,1
955,13:43:15,2685,1
956,13:43:15,2688,1
957,13:43:15,2690,1
958,13:43:15,2693,1
959,13:43:15,2695,1
960,13:43:15,2698,1
961,13:43:15,2700,1
962,13:43:15,2703,1
963,13:43:15,2705,1
964,13:43:15,2708,1
965,13:43:15,2710,1
966,13:43:15,2713,1
967,13:43:15,2715,1
968,13:43:15,2718,1
969,13:43:15,2720,1
970,13:43:15,2723,1
971,13:43:15,2725,1
972,13:43:15,2728,1
973,13:43:15,2730,1
974,13:43:15,2733,1
975,13:43:15,2735,1
976,13:43:15,2738,1
977,13:43:15,2740,1
978,13:43:15,2743,1
979,13:43:15,2745,1
980,13:43:15,2748,1
981,13:43:15,2750,1
982,13:43:15,2753,1
983,13:43:15,2755,1
984,13:43:15,2758,1
985,13:43:15,2760,1
986,13:43:15,2763,1
987,13:43:15,2765,1
988,13:43:15,2768,1
989,13:43:15,2770,1
990,13:43:15,2773,1
991,13:43:15,2775,1
992,13:43:15,2777,1
993,13:43:15,2780,1
994,13:43:15,2782,1
995,13:43:15,2785,1
996,13:43:15,2787,1
997,13:43:15,2790,1
998,13:43:15,2792,1
999,13:43:15,2795,1
1000,13:43:15,2797,1
1001,13:43:15,2800,1
1002,13:43:15,2802,1
1003,13:43:15,2805,1
1004,13:43:15,2807,1
1005,13:43:15,2810,1
1006,13:43:15,2812,1
1007,13:43:15,2815,1
1008,13:43:15,2817,1
1009,13:43:15,2820,1
1010,13:43:15,2822,1
1011,13:43:15,2825,1
1012,13:43:15,2827,1
1013,13:43:15,2830,1
1014,13:43:15,2832,1
1015,13:43:15,2835,1
1016,13:43:15,2837,1
1017,13:43:15,2840,1
1018,13:43:15,2842,1
1019,13:43:15,2845,1
1020,13:43:15,2847,1
1021,13:43:15,2850,1
1022,13:43:15,2852,1
1023,13:43:15,2855,1
1024,13:43:15,2857,1
1025,13:43:15,2860,1
1026,13:43:15,2862,1
1027,13:43:15,2865,1
1028,13:43:15,2867,1
1029,13:43:15,2870,1
1030,13:43:15,2872,1
1031,13:43:15,2875,1
1032,13:43:15,2877,1
1033,13:43:15,2880,1
1034,13:43:15,2882,1
1035,13:43:15,2885,1
1036,13:43:15,2887,1
1037,13:43:15,2890,1
1038,13:43:15,2892,1
1039,13:43:15,2895,1
1040,13:43:15,2897,1
1041,13:43:15,2900,1
1042,13:43:15,2902,1
1043,13:43:15,2904,1
1044,13:43:15,2907,1
1045,13:43:15,2909,1
1046,13:43:15,2912,1
1047,13:43:15,2914,1
1048,13:43:15,2917,1
1049,13:43:15,2919,1
1050,13:43:15,2922,1
1051,13:43:15,2924,1
1052,13:43:15,2927,1
1053,13:43:16,2929,1
1054,13:43:16,2932,1
1055,13:43:16,2934,1
1056,13:43:16,2937,1
1057,13:43:16,2939,1
1058,13:43:16,2942,1
1059,13:43:16,2944,1
1060,13:43:16,2947,1
1061,13:43:16,2949,1
1062,13:43:16,2952,1
1063,13:43:16,2954,1
1064,13:43:16,2957,1
1065,13:43:16,2959,1
1066,13:43:16,2962,1
1067,13:43:16,2964,1
1068,13:43:16,2967,1
1069,13:43:16,2969,1
1070,13:43:16,2972,1
1071,13:43:16,2974,1
1072,13:43:16,2977,1
1073,13:43:16,2979,1
1074,13:43:16,2982,1
1075,13:43:16,2984,1
1076,13:43:16,2987,1
1077,13:43:16,2989,1
1078,13:43:16,2992,1
1079,13:43:16,2994,1
1080,13:43:16,2997,1
1081,13:43:16,2999,1
1082,13:43:16,3002,1
1083,13:43:16,3004,1
1084,13:43:16,3007,1
1085,13:43:16,3009,1
1086,13:43:16,3012,1
1087,13:43:16,3014,1
1088,13:43:16,3017,1
1089,13:43:16,3019,1
1090,13:43:16,3022,1
1091,13:43:16,3024,1
1092,13:43:16,3026,1
1093,13:43:16,3029,1
1094,13:43:16,3031,1
1095,13:43:16,3034,1
1096,13:43:16,3036,1
1097,13:43:16,3039,1
1098,13:43:16,3041,1
1099,13:43:16,3044,1
1100,13:43:16,3046,1
1101,13:43:16,3049,1
1102,13:43:16,3051,1
1103,13:43:16,3054,1
1104,13:43:16,3056,1
1105,13:43:16,3059,1
1106,13:43:16,3061,1
1107,13:43:16,3064,1
1108,13:43:16,3066,1
1109,13:43:16,3069,1
1110,13:43:16,3071,1
1111,13:43:16,3074,1
1112,13:43:16,3076,1
1113,13:43:16,3079,1
1114,13:43:16,3081,1
1115,13:43:16,3084,1
1116,13:43:16,3086,1
1117,13:43:16,3089,1
1118,13:43:16,3091,1
1119,13:43:16,3094,1
1120,13:43:16,3096,1
1121,13:43:16,3099,1
1122,13:43:16,3101,1
1123,13:43:16,3104,1
1124,13:43:16,3106,1
1125,13:43:16,3109,1
1126,13:43:16,3111,1
1127,13:43:16,3114,1
1128,13:43:16,3116,1
1129,13:43:16,3119,1
1130,13:43:16,3121,1
1131,13:43:16,3124,1
1132,13:43:16,3126,1
1133,13:43:16,3129,1
1134,13:43:16,3131,1
1135,13:43:16,3134,1
1136,13:43:16,3136,1
1137,13:43:16,3139,1
1138,13:43:16,3141,1
1139,13:43:16,3144,1
1140,13:43:16,3146,1
1141,13:43:16,3149,1
1142,13:43:16,3151,1
1143,13:43:16,3153,1
1144,13:43:16,3156,1
1145,13:43:16,3158,1
1146,13:43:16,3161,1
1147,13:43:16,3163,1
1148,13:43:16,3166,1
1149,13:43:16,3168,1
1150,13:43:16,3171,1
1151,13:43:16,3173,1
1152,13:43:16,3176,1
1153,13:43:16,3178,1
1154,13:43:16,3181,1
1155,13:43:16,3183,1
1156,13:43:16,3186,1
1157,13:43:16,3188,1
1158,13:43:16,3191,1
1159,13:43:16,3193,1
1160,13:43:16,3196,1
1161,13:43:16,3198,1
1162,13:43:16,3201,1
1163,13:43:16,3203,1
1164,13:43:16,3206,1
1165,13:43:16,3208,1
1166,13:43:16,3211,1
1167,13:43:16,3213,1
1168,13:43:16,3216,1
1169,13:43:16,3218,1
1170,13:43:16,3221,1
1171,13:43:16,3223,1
1172,13:43:16,3226,1
1173,13:43:16,3228,1
1174,13:43:16,3231,1
1175,13:43:16,3233,1
1176,13:43:16,3236,1
1177,13:43:16,3238,1
1178,13:43:16,3241,1
1179,13:43:16,3243,1
1180,13:43:16,3246,1
1181,13:43:16,3248,1
1182,13:43:16,3251,1
1183,13:43:16,3253,1
1184,13:43:16,3256,1
1185,13:43:16,3258,1
1186,13:43:16,3261,1
1187,13:43:16,3263,1
1188,13:43:16,3266,1
1189,13:43:16,3268,1
1190,13:43:16,3271,1
1191,13:43:16,3273,1
1192,13:43:16,3275,1
1193,13:43:16,3278,1
1194,13:43:16,3280,1
1195,13:43:16,3283,1
1196,13:43:16,3285,1
1197,13:43:16,3288,1
1198,13:43:16,3290,1
1199,13:43:16,3293,1
1200,13:43:16,3295,1
1201,13:43:16,3298,1
1202,13:43:16,3300,1
1203,13:43:16,3303,1
1204,13:43:16,3305,1
1205,13:43:16,3308,1
1206,13:43:16,3310,1
1207,13:43:16,3313,1
1208,13:43:16,3315,1
1209,13:43:16,3318,1
1210,13:43:16,3320,1
1211,13:43:16,3323,1
1212,13:43:16,3325,1
1213,13:43:16,3328,1
1214,13:43:16,3330,1
1215,13:43:16,3333,1
1216,13:43:16,3335,1
1217,13:43:16,3338,1
1218,13:43:16,3340,1
1219,13:43:16,3343,1
1220,13:43:16,3345,1
1221,13:43:16,3348,1
1222,13:43:16,3350,1
1223,13:43:16,3353,1
1224,13:43:16,3355,1
1225,13:43:16,3358,1
1226,13:43:16,3360,1
1227,13:43:16,3363,1
1228,13:43:16,3365,1
1229,13:43:16,3368,1
1230,13:43:16,3370,1
1231,13:43:16,3373,1
1232,13:43:16,3375,1
1233,13:43:16,3378,1
1234,13:43:16,3380,1
1235,13:43:16,3383,1
1236,13:43:16,3385,1
1237,13:43:16,3388,1
1238,13:43:16,3390,1
1239,13:43:16,3393,1
1240,13:43:16,3395,1
1241,13:43:16,3398,1
1242,13:43:16,3400,1
1243,13:43:16,3402,1
1244,13:43:16,3405,1
1245,13:43:16,3407,1
1246,13:43:16,3410,1
1247,13:43:16,3412,1
1248,13:43:16,3415,1
1249,13:43:16,3417,1
1250,13:43:16,3420,1
1251,13:43:16,3422,1
1252,13:43:16,3425,1
1253,13:43:16,3427,1
1254,13:43:16,3430,1
1255,13:43:16,3432,1
1256,13:43:16,3435,1
1257,13:43:16,3437,1
1258,13:43:16,3440,1
1259,13:43:16,3442,1
1260,13:43:16,3445,1
1261,13:43:16,3447,1
1262,13:43:16,3450,1
1263,13:43:16,3452,1
1264,13:43:16,3455,1
1265,13:43:16,3457,1
1266,13:43:16,3460,1
1267,13:43:16,3462,1
1268,13:43:16,3465,1
1269,13:43:16,3467,1
1270,13:43:16,3470,1
1271,13:43:16,3472,1
1272,13:43:16,3475,1
1273,13:43:16,3477,1
1274,13:43:16,3480,1
1275,13:43:16,3482,1
1276,13:43:16,3485,1
1277,13:43:16,3487,1
1278,13:43:16,3490,1
1279,13:43:16,3492,1
1280,13:43:16,3495,1
1281,13:43:16,3497,1
1282,13:43:16,3500,1
1283,13:43:16,3502,1
1284,13:43:16,3505,1
1285,13:43:16,3507,1
1286,13:43:16,3510,1
1287,13:43:16,3512,1
1288,13:43:16,3515,1
1289,13:43:16,3517,1
1290,13:43:16,3520,1
1291,13:43:16,3522,1
1292,13:43:16,3524,1
1293,13:43:16,3527,1
1294,13:43:16,3529,1
1295,13:43:16,3532,1
1296,13:43:16,3534,1
1297,13:43:16,3537,1
1298,13:43:16,3539,1
1299,13:43:16,3542,1
1300,13:43:16,3544,1
1301,13:43:16,3547,1
1302,13:43:16,3549,1
1303,13:43:16,3552,1
1304,13:43:16,3554,1
1305,13:43:16,3557,1
1306,13:43:16,3559,1
1307,13:43:16,3562,1
1308,13:43:16,3564,1
1309,13:43:16,3567,1
1310,13:43:16,3569,1
1311,13:43:16,3572,1
1312,13:43:16,3574,1
1313,13:43:16,3577,1
1314,13:43:16,3579,1
1315,13:43:16,3582,1
1316,13:43:16,3584,1
1317,13:43:16,3587,1
1318,13:43:16,3589,1
1319,13:43:16,3592,1
1320,13:43:16,3594,1
1321,13:43:16,3597,1
1322,13:43:16,3599,1
1323,13:43:16,3602,1
1324,13:43:16,3604,1
1325,13:43:16,3607,1
1326,13:43:16,3609,1
1327,13:43:16,3612,1
1328,13:43:16,3614,1
1329,13:43:16,3617,1
1330,13:43:16,3619,1
1331,13:43:16,3622,1
1332,13:43:16,3624,1
1333,13:43:16,3627,1
1334,13:43:16,3629,1
1335,13:43:16,3632,1
1336,13:43:16,3634,1
1337,13:43:16,3637,1
1338,13:43:16,3639,1
1339,13:43:16,3642,1
1340,13:43:16,3644,1
1341,13:43:16,3647,1
1342,13:43:16,3649,1
1343,13:43:16,3651,1
1344,13:43:16,3654,1
1345,13:43:16,3656,1
1346,13:43:16,3659,1
1347,13:43:16,3661,1
1348,13:43:16,3664,1
1349,13:43:16,3666,1
1350,13:43:16,3669,1
1351,13:43:16,3671,1
1352,13:43:16,3674,1
1353,13:43:16,3676,1
1354,13:43:16,3679,1
1355,13:43:16,3681,1
1356,13:43:16,3684,1
1357,13:43:16,3686,1
1358,13:43:16,3689,1
1359,13:43:16,3691,1
1360,13:43:16,3694,1
1361,13:43:16,3696,1
1362,13:43:16,3699,1
1363,13:43:16,3701,1
1364,13:43:16,3704,1
1365,13:43:16,3706,1
1366,13:43:16,3709,1
1367,13:43:16,3711,1
1368,13:43:16,3714,1
1369,13:43:16,3716,1
1370,13:43:16,3719,1
1371,13:43:16,3721,1
1372,13:43:16,3724,1
1373,13:43:16,3726,1
1374,13:43:16,3729,1
1375,13:43:16,3731,1
1376,13:43:16,3734,1
1377,13:43:16,3736,1
1378,13:43:16,3739,1
1379,13:43:16,3741,1
1380,13:43:16,3744,1
1381,13:43:16,3746,1
1382,13:43:16,3749,1
1383,13:43:16,3751,1
1384,13:43:16,3754,1
1385,13:43:16,3756,1
1386,13:43:16,3759,1
1387,13:43:16,3761,1
1388,13:43:16,3764,1
1389,13:43:16,3766,1
1390,13:43:16,3769,1
1391,13:43:16,3771,1
1392,13:43:16,3773,1
1393,13:43:16,3776,1
1394,13:43:16,3778,1
1395,13:43:16,3781,1
1396,13:43:16,3783,1
1397,13:43:16,3786,1
1398,13:43:16,3788,1
1399,13:43:16,3791,1
1400,13:43:16,3793,1
1401,13:43:16,3796,1
1402,13:43:16,3798,1
1403,13:43:16,3801,1
1404,13:43:16,3803,1
1405,13:43:16,3806,1
1406,13:43:16,3808,1
1407,13:43:16,3811,1
1408,13:43:16,3813,1
1409,13:43:16,3816,1
1410,13:43:16,3818,1
1411,13:43:16,3821,1
1412,13:43:16,3823,1
1413,13:43:16,3826,1
1414,13:43:16,3828,1
1415,13:43:16,3831,1
1416,13:43:16,3833,1
1417,13:43:16,3836,1
1418,13:43:16,3838,1
1419,13:43:16,3841,1
1420,13:43:16,3843,1
1421,13:43:16,3846,1
1422,13:43:16,3848,1
1423,13:43:16,3851,1
1424,13:43:16,3853,1
1425,13:43:16,3856,1
1426,13:43:16,3858,1
1427,13:43:16,3861,1
1428,13:43:16,3863,1
1429,13:43:16,3866,1
1430,13:43:16,3868,1
1431,13:43:16,3871,1
1432,13:43:16,3873,1
1433,13:43:16,3876,1
1434,13:43:16,3878,1
1435,13:43:16,3881,1
1436,13:43:16,3883,1
1437,13:43:16,3886,1
1438,13:43:16,3888,1
1439,13:43:16,3891,1
1440,13:43:16,3893,1
1441,13:43:16,3896,1
1442,13:43:16,3898,1
1443,13:43:16,3900,1
1444,13:43:16,3903,1
1445,13:43:16,3905,1
1446,13:43:16,3908,1
1447,13:43:16,3910,1
1448,13:43:16,3913,1
1449,13:43:16,3915,1
1450,13:43:16,3918,1
1451,13:43:16,3920,1
1452,13:43:16,3923,1
1453,13:43:16,3925,1
1454,13:43:17,3928,1
1455,13:43:17,3930,1
1456,13:43:17,3933,1
1457,13:43:17,3935,1
1458,13:43:17,3938,1
1459,13:43:17,3940,1
1460,13:43:17,3943,1
1461,13:43:17,3945,1
1462,13:43:17,3948,1
1463,13:43:17,3950,1
1464,13:43:17,3953,1
1465,13:43:17,3955,1
1466,13:43:17,3958,1
1467,13:43:17,3960,1
1468,13:43:17,3963,1
1469,13:43:17,3965,1
1470,13:43:17,3968,1
1471,13:43:17,3970,1
1472,13:43:17,3973,1
1473,13:43:17,3975,1
1474,13:43:17,3978,1
1475,13:43:17,3980,1
1476,13:43:17,3983,1
1477,13:43:17,3985,1
1478,13:43:17,3988,1
1479,13:43:17,3990,1
1480,13:43:17,3993,1
1481,13:43:17,3995,1
1482,13:43:17,3998,1
1483,13:43:17,4000,1
1484,13:43:17,4003,1
1485,13:43:17,4005,1
1486,13:43:17,4008,1
1487,13:43:17,4010,1
1488,13:43:17,4013,1
1489,13:43:17,4015,1
1490,13:43:17,4018,1
1491,13:43:17,4020,1
1492,13:43:17,4022,1
1493,13:43:17,4025,1
1494,13:43:17,4027,1
1495,13:43:17,4030,1
1496,13:43:17,4032,1
1497,13:43:17,4035,1
1498,13:43:17,4037,1
1499,13:43:17,4040,1
1500,13:43:17,4042,1
1501,13:43:17,4045,1
1502,13:43:17,4047,1
1503,13:43:17,4050,1
1504,13:43:17,4052,1
1505,13:43:17,4055,1
1506,13:43:17,4057,1
1507,13:43:17,4060,1
1508,13:43:17,4062,1
1509,13:43:17,4065,1
1510,13:43:17,4067,1
1511,13:43:17,4070,1
1512,13:43:17,4072,1
1513,13:43:17,4075,1
1514,13:43:17,4077,1
1515,13:43:17,4080,1
1516,13:43:17,4082,1
1517,13:43:17,4085,1
1518,13:43:17,4087,1
1519,13:43:17,4090,1
1520,13:43:17,4092,1
1521,13:43:17,4095,1
1522,13:43:17,4097,1
1523,13:43:17,4100,1
1524,13:43:17,4102,1
1525,13:43:17,4105,1
1526,13:43:17,4107,1
1527,13:43:17,4110,1
1528,13:43:17,4112,1
1529,13:43:17,4115,1
1530,13:43:17,4117,1
1531,13:43:17,4120,1
1532,13:43:17,4122,1
1533,13:43:17,4125,1
1534,13:43:17,4127,1
1535,13:43:17,4130,1
1536,13:43:17,4132,1
1537,13:43:17,4135,1
1538,13:43:17,4137,1
1539,13:43:17,4140,1
1540,13:43:17,4142,1
1541,13:43:17,4145,1
1542,13:43:17,4147,1
1543,13:43:17,4149,1
1544,13:43:17,4152,1
1545,13:43:17,4154,1
1546,13:43:17,4157,1
1547,13:43:17,4159,1
1548,13:43:17,4162,1
1549,13:43:17,4164,1
1550,13:43:17,4167,1
1551,13:43:17,4169,1
1552,13:43:17,4172,1
1553,13:43:17,4174,1
1554,13:43:17,4177,1
1555,13:43:17,4179,1
1556,13:43:17,4182,1
1557,13:43:17,4184,1
1558,13:43:17,4187,1
1559,13:43:17,4189,1
1560,13:43:17,4192,1
1561,13:43:17,4194,1
1562,13:43:17,4197,1
1563,13:43:17,4199,1
1564,13:43:17,4202,1
1565,13:43:17,4204,1
1566,13:43:17,4207,1
1567,13:43:17,4209,1
1568,13:43:17,4212,1
1569,13:43:17,4214,1
1570,13:43:17,4217,1
1571,13:43:17,4219,1
1572,13:43:17,4222,1
1573,13:43:17,4224,1
1574,13:43:17,4227,1
1575,13:43:17,4229,1
1576,13:43:17,4232,1
1577,13:43:17,4234,1
1578,13:43:17,4237,1
1579,13:43:17,4239,1
1580,13:43:17,4242,1
1581,13:43:17,4244,1
1582,13:43:17,4247,1
1583,13:43:17,4249,1
1584,13:43:17,4252,1
1585,13:43:17,4254,1
1586,13:43:17,4257,1
1587,13:43:17,4259,1
1588,13:43:17,4262,1
1589,13:43:17,4264,1
1590,13:43:17,4267,1
1591,13:43:17,4269,1
1592,13:43:17,4271,1
1593,13:43:17,4274,1
1594,13:43:17,4276,1
1595,13:43:17,4279,1
1596,13:43:17,4281,1
1597,13:43:17,4284,1
1598,13:43:17,4286,1
1599,13:43:17,4289,1
1600,13:43:17,4291,1
1601,13:43:17,4294,1
1602,13:43:17,4296,1
1603,13:43:17,4299,1
1604,13:43:17,4301,1
1605,13:43:17,4304,1
1606,13:43:17,4306,1
1607,13:43:17,4309,1
1608,13:43:17,4311,1
1609,13:43:17,4314,1
1610,13:43:17,4316,1
1611,13:43:17,4319,1
1612,13:43:17,4321,1
1613,13:43:17,4324,1
1614,13:43:17,4326,1
1615,13:43:17,4329,1
1616,13:43:17,4331,1
1617,13:43:17,4334,1
1618,13:43:17,4336,1
1619,13:43:17,4339,1
1620,13:43:17,4341,1
1621,13:43:17,4344,1
1622,13:43:17,4346,1
1623,13:43:17,4349,1
1624,13:43:17,4351,1
1625,13:43:17,4354,1
1626,13:43:17,4356,1
1627,13:43:17,4359,1
1628,13:43:17,4361,1
1629,13:43:17,4364,1
1630,13:43:17,4366,1
1631,13:43:17,4369,1
1632,13:43:17,4371,1
1633,13:43:17,4374,1
1634,13:43:17,4376,1
1635,13:43:17,4379,1
1636,13:43:17,4381,1
1637,13:43:17,4384,1
1638,13:43:17,4386,1
1639,13:43:17,4389,1
1640,13:43:17,4391,1
1641,13:43:17,4394,1
1642,13:43:17,4396,1
1643,13:43:17,4398,1
1644,13:43:17,4401,1
1645,13:43:17,4403,1
1646,13:43:17,4406,1
1647,13:43:17,4408,1
1648,13:43:17,4411,1
1649,13:43:17,4413,1
1650,13:43:17,4416,1
1651,13:43:17,4418,1
1652,13:43:17,4421,1
1653,13:43:17,4423,1
1654,13:43:17,4426,1
1655,13:43:17,4428,1
1656,13:43:17,4431,1
1657,13:43:17,4433,1
1658,13:43:17,4436,1
1659,13:43:17,4438,1
1660,13:43:17,4441,1
1661,13:43:17,4443,1
1662,13:43:17,4446,1
1663,13:43:17,4448,1
1664,13:43:17,4451,1
1665,13:43:17,4453,1
1666,13:43:17,4456,1
1667,13:43:17,4458,1
1668,13:43:17,4461,1
1669,13:43:17,4463,1
1670,13:43:17,4466,1
1671,13:43:17,4468,1
1672,13:43:17,4471,1
1673,13:43:17,4473,1
1674,13:43:17,4476,1
1675,13:43:17,4478,1
1676,13:43:17,4481,1
1677,13:43:17,4483,1
1678,13:43:17,4486,1
1679,13:43:17,4488,1
1680,13:43:17,4491,1
1681,13:43:17,4493,1
1682,13:43:17,4496,1
1683,13:43:17,4498,1
1684,13:43:17,4501,1
1685,13:43:17,4503,1
1686,13:43:17,4506,1
1687,13:43:17,4508,1
1688,13:43:17,4511,1
1689,13:43:17,4513,1
1690,13:43:17,4516,1
1691,13:43:17,4518,1
1692,13:43:17,4520,1
1693,13:43:17,4523,1
1694,13:43:17,4525,1
1695,13:43:17,4528,1
1696,13:43:17,4530,1
1697,13:43:17,4533,1
1698,13:43:17,4535,1
1699,13:43:17,4538,1
1700,13:43:17,4540,1
1701,13:43:17,4543,1
1702,13:43:17,4545,1
1703,13:43:17,4548,1
1704,13:43:17,4550,1
1705,13:43:17,4553,1
1706,13:43:17,4555,1
1707,13:43:17,4558,1
1708,13:43:17,4560,1
1709,13:43:17,4563,1
1710,13:43:17,4565,1
1711,13:43:17,4568,1
1712,13:43:17,4570,1
1713,13:43:17,4573,1
1714,13:43:17,4575,1
1715,13:43:17,4578,1
1716,13:43:17,4580,1
1717,13:43:17,4583,1
1718,13:43:17,4585,1
1719,13:43:17,4588,1
1720,13:43:17,4590,1
1721,13:43:17,4593,1
1722,13:43:17,4595,1
1723,13:43:17,4598,1
1724,13:43:17,4600,1
1725,13:43:17,4603,1
1726,13:43:17,4605,1
1727,13:43:17,4608,1
1728,13:43:17,4610,1
1729,13:43:17,4613,1
1730,13:43:17,4615,1
1731,13:43:17,4618,1
1732,13:43:17,4620,1
1733,13:43:17,4623,1
1734,13:43:17,4625,1
1735,13:43:17,4628,1
1736,13:43:17,4630,1
1737,13:43:17,4633,1
1738,13:43:17,4635,1
1739,13:43:17,4638,1
1740,13:43:17,4640,1
1741,13:43:17,4643,1
1742,13:43:17,4645,1
1743,13:43:17,4647,1
1744,13:43:17,4650,1
1745,13:43:17,4652,1
1746,13:43:17,4655,1
1747,13:43:17,4657,1
1748,13:43:17,4660,1
1749,13:43:17,4662,1
1750,13:43:17,4665,1
1751,13:43:17,4667,1
1752,13:43:17,4670,1
1753,13:43:17,4672,1
1754,13:43:17,4675,1
1755,13:43:17,4677,1
1756,13:43:17,4680,1
1757,13:43:17,4682,1
1758,13:43:17,4685,1
1759,13:43:17,4687,1
1760,13:43:17,4690,1
1761,13:43:17,4692,1
1762,13:43:17,4695,1
1763,13:43:17,4697,1
1764,13:43:17,4700,1
1765,13:43:17,4702,1
1766,13:43:17,4705,1
1767,13:43:17,4707,1
1768,13:43:17,4710,1
1769,13:43:17,4712,1
1770,13:43:17,4715,1
1771,13:43:17,4717,1
1772,13:43:17,4720,1
1773,13:43:17,4722,1
1774,13:43:17,4725,1
1775,13:43:17,4727,1
1776,13:43:17,4730,1
1777,13:43:17,4732,1
1778,13:43:17,4735,1
1779,13:43:17,4737,1
1780,13:43:17,4740,1
1781,13:43:17,4742,1
1782,13:43:17,4745,1
1783,13:43:17,4747,1
1784,13:43:17,4750,1
1785,13:43:17,4752,1
1786,13:43:17,4755,1
1787,13:43:17,4757,1
1788,13:43:17,4760,1
1789,13:43:17,4762,1
1790,13:43:17,4765,1
1791,13:43:17,4767,1
1792,13:43:17,4769,1
1793,13:43:17,4772,1
1794,13:43:17,4774,1
1795,13:43:17,4777,1
1796,13:43:17,4779,1
1797,13:43:17,4782,1
1798,13:43:17,4784,1
1799,13:43:17,4787,1
1800,13:43:17,4789,1
1801,13:43:17,4792,1
1802,13:43:17,4794,1
1803,13:43:17,4797,1
1804,13:43:17,4799,1
1805,13:43:17,4802,1
1806,13:43:17,4804,1
1807,13:43:17,4807,1
1808,13:43:17,4809,1
1809,13:43:17,4812,1
1810,13:43:17,4814,1
1811,13:43:17,4817,1
1812,13:43:17,4819,1
1813,13:43:17,4822,1
1814,13:43:17,4824,1
1815,13:43:17,4827,1
1816,13:43:17,4829,1
1817,13:43:17,4832,1
1818,13:43:17,4834,1
1819,13:43:17,4837,1
1820,13:43:17,4839,1
1821,13:43:17,4842,1
1822,13:43:17,4844,1
1823,13:43:17,4847,1
1824,13:43:17,4849,1
1825,13:43:17,4852,1
1826,13:43:17,4854,1
1827,13:43:17,4857,1
1828,13:43:17,4859,1
1829,13:43:17,4862,1
1830,13:43:17,4864,1
1831,13:43:17,4867,1
1832,13:43:17,4869,1
1833,13:43:17,4872,1
1834,13:43:17,4874,1
1835,13:43:17,4877,1
1836,13:43:17,4879,1
1837,13:43:17,4882,1
1838,13:43:17,4884,1
1839,13:43:17,4887,1
1840,13:43:17,4889,1
1841,13:43:17,4892,1
1842,13:43:17,4894,1
1843,13:43:17,4896,1
1844,13:43:17,4899,1
1845,13:43:17,4901,1
1846,13:43:17,4904,1
1847,13:43:17,4906,1
1848,13:43:17,4909,1
1849,13:43:17,4911,1
1850,13:43:17,4914,1
1851,13:43:17,4916,1
1852,13:43:17,4919,1
1853,13:43:17,4921,1
1854,13:43:17,4924,1
1855,13:43:17,4926,1
1856,13:43:18,4929,1
1857,13:43:18,4931,1
1858,13:43:18,4934,1
1859,13:43:18,4936,1
1860,13:43:18,4939,1
1861,13:43:18,4941,1
1862,13:43:18,4944,1
1863,13:43:18,4946,1
1864,13:43:18,4949,1
1865,13:43:18,4951,1
1866,13:43:18,4954,1
1867,13:43:18,4956,1
1868,13:43:18,4959,1
1869,13:43:18,4961,1
1870,13:43:18,4964,1
1871,13:43:18,4966,1
1872,13:43:18,4969,1
1873,13:43:18,4971,1
1874,13:43:18,4974,1
1875,13:43:18,4976,1
1876,13:43:18,4979,1
1877,13:43:18,4981,1
1878,13:43:18,4984,1
1879,13:43:18,4986,1
1880,13:43:18,4989,1
1881,13:43:18,4991,1
1882,13:43:18,4994,1
1883,13:43:18,4996,1
1884,13:43:18,4999,1
1885,13:43:18,5001,1
1886,13:43:18,5004,1
1887,13:43:18,5006,1
1888,13:43:18,5009,1
1889,13:43:18,5011,1
1890,13:43:18,5014,1
1891,13:43:18,5016,1
1892,13:43:18,5018,1
1893,13:43:18,5021,1
1894,13:43:18,5023,1
1895,13:43:18,5026,1
1896,13:43:18,5028,1
1897,13:43:18,5031,1
1898,13:43:18,5033,1
1899,13:43:18,5036,1
1900,13:43:18,5038,1
1901,13:43:18,5041,1
1902,13:43:18,5043,1
1903,13:43:18,5046,1
1904,13:43:18,5048,1
1905,13:43:18,5051,1
1906,13:43:18,5053,1
1907,13:43:18,5056,1
1908,13:43:18,5058,1
1909,13:43:18,5061,1
1910,13:43:18,5063,1
1911,13:43:18,5066,1
1912,13:43:18,5068,1
1913,13:43:18,5071,1
1914,13:43:18,5073,1
1915,13:43:18,5076,1
1916,13:43:18,5078,1
1917,13:43:18,5081,1
1918,13:43:18,5083,1
1919,13:43:18,5086,1
1920,13:43:18,5088,1
1921,13:43:18,5091,1
1922,13:43:18,5093,1
1923,13:43:18,5096,1
1924,13:43:18,5098,1
1925,13:43:18,5101,1
1926,13:43:18,5103,1
1927,13:43:18,5106,1
1928,13:43:18,5108,1
1929,13:43:18,5111,1
1930,13:43:18,5113,1
1931,13:43:18,5116,1
1932,13:43:18,5118,1
1933,13:43:18,5121,1
1934,13:43:18,5123,1
1935,13:43:18,5126,1
1936,13:43:18,5128,1
1937,13:43:18,5131,1
1938,13:43:18,5133,1
1939,13:43:18,5136,1
1940,13:43:18,5138,1
1941,13:43:18,5141,1
1942,13:43:18,5143,1
1943,13:43:18,5145,1
1944,13:43:18,5148,1
1945,13:43:18,5150,1
1946,13:43:18,5153,1
1947,13:43:18,5155,1
1948,13:43:18,5158,1
1949,13:43:18,5160,1
1950,13:43:18,5163,1
1951,13:43:18,5165,1
1952,13:43:18,5168,1
1953,13:43:18,5170,1
1954,13:43:18,5173,1
1955,13:43:18,5175,1
1956,13:43:18,5178,1
1957,13:43:18,5180,1
1958,13:43:18,5183,1
1959,13:43:18,5185,1
1960,13:43:18,5188,1
1961,13:43:18,5190,1
1962,13:43:18,5193,1
1963,13:43:18,5195,1
1964,13:43:18,5198,1
1965,13:43:18,5200,1
1966,13:43:18,5203,1
1967,13:43:18,5205,1
1968,13:43:18,5208,1
1969,13:43:18,5210,1
1970,13:43:18,5213,1
1971,13:43:18,5215,1
1972,13:43:18,5218,1
1973,13:43:18,5220,1
1974,13:43:18,5223,1
1975,13:43:18,5225,1
1976,13:43:18,5228,1
1977,13:43:18,5230,1
1978,13:43:18,5233,1
1979,13:43:18,5235,1
1980,13:43:18,5238,1
1981,13:43:18,5240,1
1982,13:43:18,5243,1
1983,13:43:18,5245,1
1984,13:43:18,5248,1
1985,13:43:18,5250,1
1986,13:43:18,5253,1
1987,13:43:18,5255,1
1988,13:43:18,5258,1
1989,13:43:18,5260,1
1990,13:43:18,5263,1
1991,13:43:18,5265,1
1992,13:43:18,5267,1
1993,13:43:18,5270,1
1994,13:43:18,5272,1
1995,13:43:18,5275,1
1996,13:43:18,5277,1
1997,13:43:18,5280,1
1998,13:43:18,5282,1
1999,13:43:18,5285,1
2000,13:43:18,5287,1
2001,13:43:18,5290,1
2002,13:43:18,5292,1
2003,13:43:18,5295,1
2004,13:43:18,5297,1
2005,13:43:18,5300,1
2006,13:43:18,5302,1
2007,13:43:18,5305,1
2008,13:43:18,5307,1
2009,13:43:18,5310,1
2010,13:43:18,5312,1
2011,13:43:18,5315,1
2012,13:43:18,5317,1
2013,13:43:18,5320,1
2014,13:43:18,5322,1
2015,13:43:18,5325,1
2016,13:43:18,5327,1
2017,13:43:18,5330,1
2018,13:43:18,5332,1
2019,13:43:18,5335,1
2020,13:43:18,5337,1
2021,13:43:18,5340,1
2022,13:43:18,5342,1
2023,13:43:18,5345,1
2024,13:43:18,5347,1
2025,13:43:18,5350,1
2026,13:43:18,5352,1
2027,13:43:18,5355,1
2028,13:43:18,5357,1
2029,13:43:18,5360,1
2030,13:43:18,5362,1
2031,13:43:18,5365,1
2032,13:43:18,5367,1
2033,13:43:18,5370,1
2034,13:43:18,5372,1
2035,13:43:18,5375,1
2036,13:43:18,5377,1
2037,13:43:18,5380,1
2038,13:43:18,5382,1
2039,13:43:18,5385,1
2040,13:43:18,5387,1
2041,13:43:18,5390,1
2042,13:43:18,5392,1
2043,13:43:18,5394,1
2044,13:43:18,5397,1
2045,13:43:18,5399,1
2046,13:43:18,5402,1
2047,13:43:18,5404,1
2048,13:43:18,5407,1
2049,13:43:18,5409,1
2050,13:43:18,5412,1
2051,13:43:18,5414,1
2052,13:43:18,5417,1
2053,13:43:18,5419,1
2054,13:43:18,5422,1
2055,13:43:18,5424,1
2056,13:43:18,5427,1
2057,13:43:18,5429,1
2058,13:43:18,5432,1
2059,13:43:18,5434,1
2060,13:43:18,5437,1
2061,13:43:18,5439,1
2062,13:43:18,5442,1
2063,13:43:18,5444,1
2064,13:43:18,5447,1
2065,13:43:18,5449,1
2066,13:43:18,5452,1
2067,13:43:18,5454,1
2068,13:43:18,5457,1
2069,13:43:18,5459,1
2070,13:43:18,5462,1
2071,13:43:18,5464,1
2072,13:43:18,5467,1
2073,13:43:18,5469,1
2074,13:43:18,5472,1
2075,13:43:18,5474,1
2076,13:43:18,5477,1
2077,13:43:18,5479,1
2078,13:43:18,5482,1
2079,13:43:18,5484,1
2080,13:43:18,5487,1
2081,13:43:18,5489,1
2082,13:43:18,5492,1
2083,13:43:18,5494,1
2084,13:43:18,5497,1
2085,13:43:18,5499,1
2086,13:43:18,5502,1
2087,13:43:18,5504,1
2088,13:43:18,5507,1
2089,13:43:18,5509,1
2090,13:43:18,5512,1
2091,13:43:18,5514,1
2092,13:43:18,5516,1
2093,13:43:18,5519,1
2094,13:43:18,5521,1
2095,13:43:18,5524,1
2096,13:43:18,5526,1
2097,13:43:18,5529,1
2098,13:43:18,5531,1
2099,13:43:18,5534,1
2100,13:43:18,5536,1
2101,13:43:18,5539,1
2102,13:43:18,5541,1
2103,13:43:18,5544,1
2104,13:43:18,5546,1
2105,13:43:18,5549,1
2106,13:43:18,5551,1
2107,13:43:18,5554,1
2108,13:43:18,5556,1
2109,13:43:18,5559,1
2110,13:43:18,5561,1
2111,13:43:18,5564,1
2112,13:43:18,5566,1
2113,13:43:18,5569,1
2114,13:43:18,5571,1
2115,13:43:18,5574,1
2116,13:43:18,5576,1
2117,13:43:18,5579,1
2118,13:43:18,5581,1
2119,13:43:18,5584,1
2120,13:43:18,5586,1
2121,13:43:18,5589,1
2122,13:43:18,5591,1
2123,13:43:18,5594,1
2124,13:43:18,5596,1
2125,13:43:18,5599,1
2126,13:43:18,5601,1
2127,13:43:18,5604,1
2128,13:43:18,5606,1
2129,13:43:18,5609,1
2130,13:43:18,5611,1
2131,13:43:18,5614,1
2132,13:43:18,5616,1
2133,13:43:18,5619,1
2134,13:43:18,5621,1
2135,13:43:18,5624,1
2136,13:43:18,5626,1
2137,13:43:18,5629,1
2138,13:43:18,5631,1
2139,13:43:18,5634,1
2140,13:43:18,5636,1
2141,13:43:18,5639,1
2142,13:43:18,5641,1
2143,13:43:18,5643,1
2144,13:43:18,5646,1
2145,13:43:18,5648,1
2146,13:43:18,5651,1
2147,13:43:18,5653,1
2148,13:43:18,5656,1
2149,13:43:18,5658,1
2150,13:43:18,5661,1
2151,13:43:18,5663,1
2152,13:43:18,5666,1
2153,13:43:18,5668,1
2154,13:43:18,5671,1
2155,13:43:18,5673,1
2156,13:43:18,5676,1
2157,13:43:18,5678,1
2158,13:43:18,5681,1
2159,13:43:18,5683,1
2160,13:43:18,5686,1
2161,13:43:18,5688,1
2162,13:43:18,5691,1
2163,13:43:18,5693,1
2164,13:43:18,5696,1
2165,13:43:18,5698,1
2166,13:43:18,5701,1
2167,13:43:18,5703,1
2168,13:43:18,5706,1
2169,13:43:18,5708,1
2170,13:43:18,5711,1
2171,13:43:18,5713,1
2172,13:43:18,5716,1
2173,13:43:18,5718,1
2174,13:43:18,5721,1
2175,13:43:18,5723,1
2176,13:43:18,5726,1
2177,13:43:18,5728,1
2178,13:43:18,5731,1
2179,13:43:18,5733,1
2180,13:43:18,5736,1
2181,13:43:18,5738,1
2182,13:43:18,5741,1
2183,13:43:18,5743,1
2184,13:43:18,5746,1
2185,13:43:18,5748,1
2186,13:43:18,5751,1
2187,13:43:18,5753,1
2188,13:43:18,5756,1
2189,13:43:18,5758,1
2190,13:43:18,5761,1
2191,13:43:18,5763,1
2192,13:43:18,5765,1
2193,13:43:18,5768,1
2194,13:43:18,5770,1
2195,13:43:18,5773,1
2196,13:43:18,5775,1
2197,13:43:18,5778,1
2198,13:43:18,5780,1
2199,13:43:18,5783,1
2200,13:43:18,5785,1
2201,13:43:18,5788,1
2202,13:43:18,5790,1
2203,13:43:18,5793,1
2204,13:43:18,5795,1
2205,13:43:18,5798,1
2206,13:43:18,5800,1
2207,13:43:18,5803,1
2208,13:43:18,5805,1
2209,13:43:18,5808,1
2210,13:43:18,5810,1
2211,13:43:18,5813,1
2212,13:43:18,5815,1
2213,13:43:18,5818,1
2214,13:43:18,5820,1
2215,13:43:18,5823,1
2216,13:43:18,5825,1
2217,13:43:18,5828,1
2218,13:43:18,5830,1
2219,13:43:18,5833,1
2220,13:43:18,5835,1
2221,13:43:18,5838,1
2222,13:43:18,5840,1
2223,13:43:18,5843,1
2224,13:43:18,5845,1
2225,13:43:18,5848,1
2226,13:43:18,5850,1
2227,13:43:18,5853,1
2228,13:43:18,5855,1
2229,13:43:18,5858,1
2230,13:43:18,5860,1
2231,13:43:18,5863,1
2232,13:43:18,5865,1
2233,13:43:18,5868,1
2234,13:43:18,5870,1
2235,13:43:18,5873,1
2236,13:43:18,5875,1
2237,13:43:18,5878,1
2238,13:43:18,5880,1
2239,13:43:18,5883,1
2240,13:43:18,5885,1
2241,13:43:18,5888,1
2242,13:43:18,5890,1
2243,13:43:18,5892,1
2244,13:43:18,5895,1
2245,13:43:18,5897,1
2246,13:43:18,5900,1
2247,13:43:18,5902,1
2248,13:43:18,5905,1
2249,13:43:18,5907,1
2250,13:43:18,5910,1
2251,13:43:18,5912,1
2252,13:43:18,5915,1
2253,13:43:18,5917,1
2254,13:43:18,5920,1
2255,13:43:18,5922,1
2256,13:43:18,5925,1
2257,13:43:19,5927,1
2258,13:43:19,5930,1
2259,13:43:19,5932,1
2260,13:43:19,5935,1
2261,13:43:19,5937,1
2262,13:43:19,5940,1
2263,13:43:19,5942,1
2264,13:43:19,5945,1
2265,13:43:19,5947,1
2266,13:43:19,5950,1
2267,13:43:19,5952,1
2268,13:43:19,5955,1
2269,13:43:19,5957,1
2270,13:43:19,5960,1
2271,13:43:19,5962,1
2272,13:43:19,5965,1
2273,13:43:19,5967,1
2274,13:43:19,5970,1
2275,13:43:19,5972,1
2276,13:43:19,5975,1
2277,13:43:19,5977,1
2278,13:43:19,5980,1
2279,13:43:19,5982,1
2280,13:43:19,5985,1
2281,13:43:19,5987,1
2282,13:43:19,5990,1
2283,13:43:19,5992,1
2284,13:43:19,5995,1
2285,13:43:19,5997,1
2286,13:43:19,6000,1
2287,13:43:19,6002,1
2288,13:43:19,6005,1
2289,13:43:19,6007,1
2290,13:43:19,6010,1
2291,13:43:19,6012,1
2292,13:43:19,6014,1
2293,13:43:19,6017,1
2294,13:43:19,6019,1
2295,13:43:19,6022,1
2296,13:43:19,6024,1
2297,13:43:19,6027,1
2298,13:43:19,6029,1
2299,13:43:19,6032,1
2300,13:43:19,6034,1
2301,13:43:19,6037,1
2302,13:43:19,6039,1
2303,13:43:19,6042,1
2304,13:43:19,6044,1
2305,13:43:19,6047,1
2306,13:43:19,6049,1
2307,13:43:19,6052,1
2308,13:43:19,6054,1
2309,13:43:19,6057,1
2310,13:43:19,6059,1
2311,13:43:19,6062,1
2312,13:43:19,6064,1
2313,13:43:19,6067,1
2314,13:43:19,6069,1
2315,13:43:19,6072,1
2316,13:43:19,6074,1
2317,13:43:19,6077,1
2318,13:43:19,6079,1
2319,13:43:19,6082,1
2320,13:43:19,6084,1
2321,13:43:19,6087,1
2322,13:43:19,6089,1
2323,13:43:19,6092,1
2324,13:43:19,6094,1
2325,13:43:19,6097,1
2326,13:43:19,6099,1
2327,13:43:19,6102,1
2328,13:43:19,6104,1
2329,13:43:19,6107,1
2330,13:43:19,6109,1
2331,13:43:19,6112,1
2332,13:43:19,6114,1
2333,13:43:19,6117,1
2334,13:43:19,6119,1
2335,13:43:19,6122,1
2336,13:43:19,6124,1
2337,13:43:19,6127,1
2338,13:43:19,6129,1
2339,13:43:19,6132,1
2340,13:43:19,6134,1
2341,13:43:19,6137,1
2342,13:43:19,6139,1
2343,13:43:19,6141,1
2344,13:43:19,6144,1
2345,13:43:19,6146,1
2346,13:43:19,6149,1
2347,13:43:19,6151,1
2348,13:43:19,6154,1
2349,13:43:19,6156,1
2350,13:43:19,6159,1
2351,13:43:19,6161,1
2352,13:43:19,6164,1
2353,13:43:19,6166,1
2354,13:43:19,6169,1
2355,13:43:19,6171,1
2356,13:43:19,6174,1
2357,13:43:19,6176,1
2358,13:43:19,6179,1
2359,13:43:19,6181,1
2360,13:43:19,6184,1
2361,13:43:19,6186,1
2362,13:43:19,6189,1
2363,13:43:19,6191,1
2364,13:43:19,6194,1
2365,13:43:19,6196,1
2366,13:43:19,6199,1
2367,13:43:19,6201,1
2368,13:43:19,6204,1
2369,13:43:19,6206,1
2370,13:43:19,6209,1
2371,13:43:19,6211,1
2372,13:43:19,6214,1
2373,13:43:19,6216,1
2374,13:43:19,6219,1
2375,13:43:19,6221,1
2376,13:43:19,6224,1
2377,13:43:19,6226,1
2378,13:43:19,6229,1
2379,13:43:19,6231,1
2380,13:43:19,6234,1
2381,13:43:19,6236,1
2382,13:43:19,6239,1
2383,13:43:19,6241,1
2384,13:43:19,6244,1
2385,13:43:19,6246,1
2386,13:43:19,6249,1
2387,13:43:19,6251,1
2388,13:43:19,6254,1
2389,13:43:19,6256,1
2390,13:43:19,6259,1
2391,13:43:19,6261,1
2392,13:43:19,6263,1
2393,13:43:19,6266,1
2394,13:43:19,6268,1
2395,13:43:19,6271,1
2396,13:43:19,6273,1
2397,13:43:19,6276,1
2398,13:43:19,6278,1
2399,13:43:19,6281,1
2400,13:43:19,6283,1
2401,13:43:19,6286,1
2402,13:43:19,6288,1
2403,13:43:19,6291,1
2404,13:43:19,6293,1
2405,13:43:19,6296,1
2406,13:43:19,6298,1
2407,13:43:19,6301,1
2408,13:43:19,6303,1
2409,13:43:19,6306,1
2410,13:43:19,6308,1
2411,13:43:19,6311,1
2412,13:43:19,6313,1
2413,13:43:19,6316,1
2414,13:43:19,6318,1
2415,13:43:19,6321,1
2416,13:43:19,6323,1
2417,13:43:19,6326,1
2418,13:43:19,6328,1
2419,13:43:19,6331,1
2420,13:43:19,6333,1
2421,13:43:19,6336,1
2422,13:43:19,6338,1
2423,13:43:19,6341,1
2424,13:43:19,6343,1
2425,13:43:19,6346,1
2426,13:43:19,6348,1
2427,13:43:19,6351,1
2428,13:43:19,6353,1
2429,13:43:19,6356,1
2430,13:43:19,6358,1
2431,13:43:19,6361,1
2432,13:43:19,6363,1
2433,13:43:19,6366,1
2434,13:43:19,6368,1
2435,13:43:19,6371,1
2436,13:43:19,6373,1
2437,13:43:19,6376,1
2438,13:43:19,6378,1
2439,13:43:19,6381,1
2440,13:43:19,6383,1
2441,13:43:19,6386,1
2442,13:43:19,6388,1
2443,13:43:19,6390,1
2444,13:43:19,6393,1
2445,13:43:19,6395,1
2446,13:43:19,6398,1
2447,13:43:19,6400,1
2448,13:43:19,6403,1
2449,13:43:19,6405,1
2450,13:43:19,6408,1
2451,13:43:19,6410,1
2452,13:43:19,6413,1
2453,13:43:19,6415,1
2454,13:43:19,6418,1
2455,13:43:19,6420,1
2456,13:43:19,6423,1
2457,13:43:19,6425,1
2458,13:43:19,6428,1
2459,13:43:19,6430,1
2460,13:43:19,6433,1
2461,13:43:19,6435,1
2462,13:43:19,6438,1
2463,13:43:19,6440,1
2464,13:43:19,6443,1
2465,13:43:19,6445,1
2466,13:43:19,6448,1
2467,13:43:19,6450,1
2468,13:43:19,6453,1
2469,13:43:19,6455,1
2470,13:43:19,6458,1
2471,13:43:19,6460,1
2472,13:43:19,6463,1
2473,13:43:19,6465,1
2474,13:43:19,6468,1
2475,13:43:19,6470,1
2476,13:43:19,6473,1
2477,13:43:19,6475,1
2478,13:43:19,6478,1
2479,13:43:19,6480,1
2480,13:43:19,6483,1
2481,13:43:19,6485,1
2482,13:43:19,6488,1
2483,13:43:19,6490,1
2484,13:43:19,6493,1
2485,13:43:19,6495,1
2486,13:43:19,6498,1
2487,13:43:19,6500,1
2488,13:43:19,6503,1
2489,13:43:19,6505,1
2490,13:43:19,6508,1
2491,13:43:19,6510,1
2492,13:43:19,6512,1
2493,13:43:19,6515,1
2494,13:43:19,6517,1
2495,13:43:19,6520,1
2496,13:43:19,6522,1
2497,13:43:19,6525,1
2498,13:43:19,6527,1
2499,13:43:19,6530,1
2500,13:43:19,6532,1
2501,13:43:19,6535,1
2502,13:43:19,6537,1
2503,13:43:19,6540,1
2504,13:43:19,6542,1
2505,13:43:19,6545,1
2506,13:43:19,6547,1
2507,13:43:19,6550,1
2508,13:43:19,6552,1
2509,13:43:19,6555,1
2510,13:43:19,6557,1
2511,13:43:19,6560,1
2512,13:43:19,6562,1
2513,13:43:19,6565,1
2514,13:43:19,6567,1
2515,13:43:19,6570,1
2516,13:43:19,6572,1
2517,13:43:19,6575,1
2518,13:43:19,6577,1
2519,13:43:19,6580,1
2520,13:43:19,6582,1
2521,13:43:19,6585,1
2522,13:43:19,6587,1
2523,13:43:19,6590,1
2524,13:43:19,6592,1
2525,13:43:19,6595,1
2526,13:43:19,6597,1
2527,13:43:19,6600,1
2528,13:43:19,6602,1
2529,13:43:19,6605,1
2530,13:43:19,6607,1
2531,13:43:19,6610,1
2532,13:43:19,6612,1
2533,13:43:19,6615,1
2534,13:43:19,6617,1
2535,13:43:19,6620,1
2536,13:43:19,6622,1
2537,13:43:19,6625,1
2538,13:43:19,6627,1
2539,13:43:19,6630,1
2540,13:43:19,6632,1
2541,13:43:19,6635,1
2542,13:43:19,6637,1
2543,13:43:19,6639,1
2544,13:43:19,6642,1
2545,13:43:19,6644,1
2546,13:43:19,6647,1
2547,13:43:19,6649,1
2548,13:43:19,6652,1
2549,13:43:19,6654,1
2550,13:43:19,6657,1
2551,13:43:19,6659,1
2552,13:43:19,6662,1
2553,13:43:19,6664,1
2554,13:43:19,6667,1
2555,13:43:19,6669,1
2556,13:43:19,6672,1
2557,13:43:19,6674,1
2558,13:43:19,6677,1
2559,13:43:19,6679,1
2560,13:43:19,6682,1
2561,13:43:19,6684,1
2562,13:43:19,6687,1
2563,13:43:19,6689,1
2564,13:43:19,6692,1
2565,13:43:19,6694,1
2566,13:43:19,6697,1
2567,13:43:19,6699,1
2568,13:43:19,6702,1
2569,13:43:19,6704,1
2570,13:43:19,6707,1
2571,13:43:19,6709,1
2572,13:43:19,6712,1
2573,13:43:19,6714,1
2574,13:43:19,6717,1
2575,13:43:19,6719,1
2576,13:43:19,6722,1
2577,13:43:19,6724,1
2578,13:43:19,6727,1
2579,13:43:19,6729,1
2580,13:43:19,6732,1
2581,13:43:19,6734,1
2582,13:43:19,6737,1
2583,13:43:19,6739,1
2584,13:43:19,6742,1
2585,13:43:19,6744,1
2586,13:43:19,6747,1
2587,13:43:19,6749,1
2588,13:43:19,6752,1
2589,13:43:19,6754,1
2590,13:43:19,6757,1
2591,13:43:19,6759,1
2592,13:43:19,6761,1
2593,13:43:19,6764,1
2594,13:43:19,6766,1
2595,13:43:19,6769,1
2596,13:43:19,6771,1
2597,13:43:19,6774,1
2598,13:43:19,6776,1
2599,13:43:19,6779,1
2600,13:43:19,6781,1
2601,13:43:19,6784,1
2602,13:43:19,6786,1
2603,13:43:19,6789,1
2604,13:43:19,6791,1
2605,13:43:19,6794,1
2606,13:43:19,6796,1
2607,13:43:19,6799,1
2608,13:43:19,6801,1
2609,13:43:19,6804,1
2610,13:43:19,6806,1
2611,13:43:19,6809,1
2612,13:43:19,6811,1
2613,13:43:19,6814,1
2614,13:43:19,6816,1
2615,13:43:19,6819,1
2616,13:43:19,6821,1
2617,13:43:19,6824,1
2618,13:43:19,6826,1
2619,13:43:19,6829,1
2620,13:43:19,6831,1
2621,13:43:19,6834,1
2622,13:43:19,6836,1
2623,13:43:19,6839,1
2624,13:43:19,6841,1
2625,13:43:19,6844,1
2626,13:43:19,6846,1
2627,13:43:19,6849,1
2628,13:43:19,6851,1
2629,13:43:19,6854,1
2630,13:43:19,6856,1
2631,13:43:19,6859,1
2632,13:43:19,6861,1
2633,13:43:19,6864,1
2634,13:43:19,6866,1
2635,13:43:19,6869,1
2636,13:43:19,6871,1
2637,13:43:19,6874,1
2638,13:43:19,6876,1
2639,13:43:19,6879,1
2640,13:43:19,6881,1
2641,13:43:19,6884,1
2642,13:43:19,6886,1
2643,13:43:19,6888,1
2644,13:43:19,6891,1
2645,13:43:19,6893,1
2646,13:43:19,6896,1
2647,13:43:19,6898,1
2648,13:43:19,6901,1
2649,13:43:19,6903,1
2650,13:43:19,6906,1
2651,13:43:19,6908,1
2652,13:43:19,6911,1
2653,13:43:19,6913,1
2654,13:43:19,6916,1
2655,13:43:19,6918,1
2656,13:43:19,6921,1
2657,13:43:19,6923,1
2658,13:43:19,6926,1
2659,13:43:20,6928,1
2660,13:43:20,6931,1
2661,13:43:20,6933,1
2662,13:43:20,6936,1
2663,13:43:20,6938,1
2664,13:43:20,6941,1
2665,13:43:20,6943,1
2666,13:43:20,6946,1
2667,13:43:20,6948,1
2668,13:43:20,6951,1
2669,13:43:20,6953,1
2670,13:43:20,6956,1
2671,13:43:20,6958,1
2672,13:43:20,6961,1
2673,13:43:20,6963,1
2674,13:43:20,6966,1
2675,13:43:20,6968,1
2676,13:43:20,6971,1
2677,13:43:20,6973,1
2678,13:43:20,6976,1
2679,13:43:20,6978,1
2680,13:43:20,6981,1
2681,13:43:20,6983,1
2682,13:43:20,6986,1
2683,13:43:20,6988,1
2684,13:43:20,6991,1
2685,13:43:20,6993,1
2686,13:43:20,6996,1
2687,13:43:20,6998,1
2688,13:43:20,7001,1
2689,13:43:20,7003,1
2690,13:43:20,7006,1
2691,13:43:20,7008,1
2692,13:43:20,7010,1
2693,13:43:20,7013,1
2694,13:43:20,7015,1
2695,13:43:20,7018,1
2696,13:43:20,7020,1
2697,13:43:20,7023,1
2698,13:43:20,7025,1
2699,13:43:20,7028,1
2700,13:43:20,7030,1
2701,13:43:20,7033,1
2702,13:43:20,7035,1
2703,13:43:20,7038,1
2704,13:43:20,7040,1
2705,13:43:20,7043,1
2706,13:43:20,7045,1
2707,13:43:20,7048,1
2708,13:43:20,7050,1
2709,13:43:20,7053,1
2710,13:43:20,7055,1
2711,13:43:20,7058,1
2712,13:43:20,7060,1
2713,13:43:20,7063,1
2714,13:43:20,7065,1
2715,13:43:20,7068,1
2716,13:43:20,7070,1
2717,13:43:20,7073,1
2718,13:43:20,7075,1
2719,13:43:20,7078,1
2720,13:43:20,7080,1
2721,13:43:20,7083,1
2722,13:43:20,7085,1
2723,13:43:20,7088,1
2724,13:43:20,7090,1
2725,13:43:20,7093,1
2726,13:43:20,7095,1
2727,13:43:20,7098,1
2728,13:43:20,7100,1
2729,13:43:20,7103,1
2730,13:43:20,7105,1
2731,13:43:20,7108,1
2732,13:43:20,7110,1
2733,13:43:20,7113,1
2734,13:43:20,7115,1
2735,13:43:20,7118,1
2736,13:43:20,7120,1
2737,13:43:20,7123,1
2738,13:43:20,7125,1
2739,13:43:20,7128,1
2740,13:43:20,7130,1
2741,13:43:20,7133,1
2742,13:43:20,7135,1
2743,13:43:20,7137,1
2744,13:43:20,7140,1
2745,13:43:20,7142,1
2746,13:43:20,7145,1
2747,13:43:20,7147,1
2748,13:43:20,7150,1
2749,13:43:20,7152,1
2750,13:43:20,7155,1
2751,13:43:20,7157,1
2752,13:43:20,7160,1
2753,13:43:20,7162,1
2754,13:43:20,7165,1
2755,13:43:20,7167,1
2756,13:43:20,7170,1
2757,13:43:20,7172,1
2758,13:43:20,7175,1
2759,13:43:20,7177,1
2760,13:43:20,7180,1
2761,13:43:20,7182,1
2762,13:43:20,7185,1
2763,13:43:20,7187,1
2764,13:43:20,7190,1
2765,13:43:20,7192,1
2766,13:43:20,7195,1
2767,13:43:20,7197,1
2768,13:43:20,7200,1
2769,13:43:20,7202,1
2770,13:43:20,7205,1
2771,13:43:20,7207,1
2772,13:43:20,7210,1
2773,13:43:20,7212,1
2774,13:43:20,7215,1
2775,13:43:20,7217,1
2776,13:43:20,7220,1
2777,13:43:20,7222,1
2778,13:43:20,7225,1
2779,13:43:20,7227,1
2780,13:43:20,7230,1
2781,13:43:20,7232,1
2782,13:43:20,7235,1
2783,13:43:20,7237,1
2784,13:43:20,7240,1
2785,13:43:20,7242,1
2786,13:43:20,7245,1
2787,13:43:20,7247,1
2788,13:43:20,7250,1
2789,13:43:20,7252,1
2790,13:43:20,7255,1
2791,13:43:20,7257,1
2792,13:43:20,7259,1
2793,13:43:20,7262,1
2794,13:43:20,7264,1
2795,13:43:20,7267,1
2796,13:43:20,7269,1
2797,13:43:20,7272,1
2798,13:43:20,7274,1
2799,13:43:20,7277,1
2800,13:43:20,7279,1
2801,13:43:20,7282,1
2802,13:43:20,7284,1
2803,13:43:20,7287,1
2804,13:43:20,7289,1
2805,13:43:20,7292,1
2806,13:43:20,7294,1
2807,13:43:20,7297,1
2808,13:43:20,7299,1
2809,13:43:20,7302,1
2810,13:43:20,7304,1
2811,13:43:20,7307,1
2812,13:43:20,7309,1
2813,13:43:20,7312,1
2814,13:43:20,7314,1
2815,13:43:20,7317,1
2816,13:43:20,7319,1
2817,13:43:20,7322,1
2818,13:43:20,7324,1
2819,13:43:20,7327,1
2820,13:43:20,7329,1
2821,13:43:20,7332,1
2822,13:43:20,7334,1
2823,13:43:20,7337,1
2824,13:43:20,7339,1
2825,13:43:20,7342,1
2826,13:43:20,7344,1
2827,13:43:20,7347,1
2828,13:43:20,7349,1
2829,13:43:20,7352,1
2830,13:43:20,7354,1
2831,13:43:20,7357,1
2832,13:43:20,7359,1
2833,13:43:20,7362,1
2834,13:43:20,7364,1
2835,13:43:20,7367,1
2836,13:43:20,7369,1
2837,13:43:20,7372,1
2838,13:43:20,7374,1
2839,13:43:20,7377,1
2840,13:43:20,7379,1
2841,13:43:20,7382,1
2842,13:43:20,7384,1
2843,13:43:20,7386,1
2844,13:43:20,7389,1
2845,13:43:20,7391,1
2846,13:43:20,7394,1
2847,13:43:20,7396,1
2848,13:43:20,7399,1
2849,13:43:20,7401,1
2850,13:43:20,7404,1
2851,13:43:20,7406,1
2852,13:43:20,7409,1
2853,13:43:20,7411,1
2854,13:43:20,7414,1
2855,13:43:20,7416,1
2856,13:43:20,7419,1
2857,13:43:20,7421,1
2858,13:43:20,7424,1
2859,13:43:20,7426,1
2860,13:43:20,7429,1
2861,13:43:20,7431,1
2862,13:43:20,7434,1
2863,13:43:20,7436,1
2864,13:43:20,7439,1
2865,13:43:20,7441,1
2866,13:43:20,7444,1
2867,13:43:20,7446,1
2868,13:43:20,7449,1
2869,13:43:20,7451,1
2870,13:43:20,7454,1
2871,13:43:20,7456,1
2872,13:43:20,7459,1
2873,13:43:20,7461,1
2874,13:43:20,7464,1
2875,13:43:20,7466,1
2876,13:43:20,7469,1
2877,13:43:20,7471,1
2878,13:43:20,7474,1
2879,13:43:20,7476,1
2880,13:43:20,7479,1
2881,13:43:20,7481,1
2882,13:43:20,7484,1
2883,13:43:20,7486,1
2884,13:43:20,7489,1
2885,13:43:20,7491,1
2886,13:43:20,7494,1
2887,13:43:20,7496,1
2888,13:43:20,7499,1
2889,13:43:20,7501,1
2890,13:43:20,7504,1
2891,13:43:20,7506,1
2892,13:43:20,7508,1
2893,13:43:20,7511,1
2894,13:43:20,7513,1
2895,13:43:20,7516,1
2896,13:43:20,7518,1
2897,13:43:20,7521,1
2898,13:43:20,7523,1
2899,13:43:20,7526,1
2900,13:43:20,7528,1
2901,13:43:20,7531,1
2902,13:43:20,7533,1
2903,13:43:20,7536,1
2904,13:43:20,7538,1
2905,13:43:20,7541,1
2906,13:43:20,7543,1
2907,13:43:20,7546,1
2908,13:43:20,7548,1
2909,13:43:20,7551,1
2910,13:43:20,7553,1
2911,13:43:20,7556,1
2912,13:43:20,7558,1
2913,13:43:20,7561,1
2914,13:43:20,7563,1
2915,13:43:20,7566,1
2916,13:43:20,7568,1
2917,13:43:20,7571,1
2918,13:43:20,7573,1
2919,13:43:20,7576,1
2920,13:43:20,7578,1
2921,13:43:20,7581,1
2922,13:43:20,7583,1
2923,13:43:20,7586,1
2924,13:43:20,7588,1
2925,13:43:20,7591,1
2926,13:43:20,7593,1
2927,13:43:20,7596,1
2928,13:43:20,7598,1
2929,13:43:20,7601,1
2930,13:43:20,7603,1
2931,13:43:20,7606,1
2932,13:43:20,7608,1
2933,13:43:20,7611,1
2934,13:43:20,7613,1
2935,13:43:20,7616,1
2936,13:43:20,7618,1
2937,13:43:20,7621,1
2938,13:43:20,7623,1
2939,13:43:20,7626,1
2940,13:43:20,7628,1
2941,13:43:20,7631,1
2942,13:43:20,7633,1
2943,13:43:20,7635,1
2944,13:43:20,7638,1
2945,13:43:20,7640,1
2946,13:43:20,7643,1
2947,13:43:20,7645,1
2948,13:43:20,7648,1
2949,13:43:20,7650,1
2950,13:43:20,7653,1
2951,13:43:20,7655,1
2952,13:43:20,7658,1
2953,13:43:20,7660,1
2954,13:43:20,7663,1
2955,13:43:20,7665,1
2956,13:43:20,7668,1
2957,13:43:20,7670,1
2958,13:43:20,7673,1
2959,13:43:20,7675,1
2960,13:43:20,7678,1
2961,13:43:20,7680,1
2962,13:43:20,7683,1
2963,13:43:20,7685,1
2964,13:43:20,7688,1
2965,13:43:20,7690,1
2966,13:43:20,7693,1
2967,13:43:20,7695,1
2968,13:43:20,7698,1
2969,13:43:20,7700,1
2970,13:43:20,7703,1
2971,13:43:20,7705,1
2972,13:43:20,7708,1
2973,13:43:20,7710,1
2974,13:43:20,7713,1
2975,13:43:20,7715,1
2976,13:43:20,7718,1
2977,13:43:20,7720,1
2978,13:43:20,7723,1
2979,13:43:20,7725,1
2980,13:43:20,7728,1
2981,13:43:20,7730,1
2982,13:43:20,7733,1
2983,13:43:20,7735,1
2984,13:43:20,7738,1
2985,13:43:20,7740,1
2986,13:43:20,7743,1
2987,13:43:20,7745,1
2988,13:43:20,7748,1
2989,13:43:20,7750,1
2990,13:43:20,7753,1
2991,13:43:20,7755,1
2992,13:43:20,7757,1
2993,13:43:20,7760,1
2994,13:43:20,7762,1
2995,13:43:20,7765,1
2996,13:43:20,7767,1
2997,13:43:20,7770,1
2998,13:43:20,7772,1
2999,13:43:20,7775,1
3000,13:43:20,7777,1
3001,13:43:20,7780,1
3002,13:43:20,7782,1
3003,13:43:20,7785,1
3004,13:43:20,7787,1
3005,13:43:20,7790,1
3006,13:43:20,7792,1
3007,13:43:20,7795,1
3008,13:43:20,7797,1
3009,13:43:20,7800,1
3010,13:43:20,7802,1
3011,13:43:20,7805,1
3012,13:43:20,7807,1
3013,13:43:20,7810,1
3014,13:43:20,7812,1
3015,13:43:20,7815,1
3016,13:43:20,7817,1
3017,13:43:20,7820,1
3018,13:43:20,7822,1
3019,13:43:20,7825,1
3020,13:43:20,7827,1
3021,13:43:20,7830,1
3022,13:43:20,7832,1
3023,13:43:20,7835,1
3024,13:43:20,7837,1
3025,13:43:20,7840,1
3026,13:43:20,7842,1
3027,13:43:20,7845,1
3028,13:43:20,7847,1
3029,13:43:20,7850,1
3030,13:43:20,7852,1
3031,13:43:20,7855,1
3032,13:43:20,7857,1
3033,13:43:20,7860,1
3034,13:43:20,7862,1
3035,13:43:20,7865,1
3036,13:43:20,7867,1
3037,13:43:20,7870,1
3038,13:43:20,7872,1
3039,13:43:20,7875,1
3040,13:43:20,7877,1
3041,13:43:20,7880,1
3042,13:43:20,7882,1
3043,13:43:20,7884,1
3044,13:43:20,7887,1
3045,13:43:20,7889,1
3046,13:43:20,7892,1
3047,13:43:20,7894,1
3048,13:43:20,7897,1
3049,13:43:20,7899,1
3050,13:43:20,7902,1
3051,13:43:20,7904,1
3052,13:43:20,7907,1
3053,13:43:20,7909,1
3054,13:43:20,7912,1
3055,13:43:20,7914,1
3056,13:43:20,7917,1
3057,13:43:20,7919,1
3058,13:43:20,7922,1
3059,13:43:20,7924,1
3060,13:43:20,7927,1
3061,13:43:21,7929,1
3062,13:43:21,7932,1
3063,13:43:21,7934,1
3064,13:43:21,7937,1
3065,13:43:21,7939,1
3066,13:43:21,7942,1
3067,13:43:21,7944,1
3068,13:43:21,7947,1
3069,13:43:21,7949,1
3070,13:43:21,7952,1
3071,13:43:21,7954,1
3072,13:43:21,7957,1
3073,13:43:21,7959,1
3074,13:43:21,7962,1
3075,13:43:21,7964,1
3076,13:43:21,7967,1
3077,13:43:21,7969,1
3078,13:43:21,7972,1
3079,13:43:21,7974,1
3080,13:43:21,7977,1
3081,13:43:21,7979,1
3082,13:43:21,7982,1
3083,13:43:21,7984,1
3084,13:43:21,7987,1
3085,13:43:21,7989,1
3086,13:43:21,7992,1
3087,13:43:21,7994,1
3088,13:43:21,7997,1
3089,13:43:21,7999,1
3090,13:43:21,8002,1
3091,13:43:21,8004,1
3092,13:43:21,8006,1
3093,13:43:21,8009,1
3094,13:43:21,8011,1
3095,13:43:21,8014,1
3096,13:43:21,8016,1
3097,13:43:21,8019,1
3098,13:43:21,8021,1
3099,13:43:21,8024,1
3100,13:43:21,8026,1
3101,13:43:21,8029,1
3102,13:43:21,8031,1
3103,13:43:21,8034,1
3104,13:43:21,8036,1
3105,13:43:21,8039,1
3106,13:43:21,8041,1
3107,13:43:21,8044,1
3108,13:43:21,8046,1
3109,13:43:21,8049,1
3110,13:43:21,8051,1
3111,13:43:21,8054,1
3112,13:43:21,8056,1
3113,13:43:21,8059,1
3114,13:43:21,8061,1
3115,13:43:21,8064,1
3116,13:43:21,8066,1
3117,13:43:21,8069,1
3118,13:43:21,8071,1
3119,13:43:21,8074,1
3120,13:43:21,8076,1
3121,13:43:21,8079,1
3122,13:43:21,8081,1
3123,13:43:21,8084,1
3124,13:43:21,8086,1
3125,13:43:21,8089,1
3126,13:43:21,8091,1
3127,13:43:21,8094,1
3128,13:43:21,8096,1
3129,13:43:21,8099,1
3130,13:43:21,8101,1
3131,13:43:21,8104,1
3132,13:43:21,8106,1
3133,13:43:21,8109,1
3134,13:43:21,8111,1
3135,13:43:21,8114,1
3136,13:43:21,8116,1
3137,13:43:21,8119,1
3138,13:43:21,8121,1
3139,13:43:21,8124,1
3140,13:43:21,8126,1
3141,13:43:21,8129,1
3142,13:43:21,8131,1
3143,13:43:21,8133,1
3144,13:43:21,8136,1
3145,13:43:21,8138,1
3146,13:43:21,8141,1
3147,13:43:21,8143,1
3148,13:43:21,8146,1
3149,13:43:21,8148,1
3150,13:43:21,8151,1
3151,13:43:21,8153,1
3152,13:43:21,8156,1
3153,13:43:21,8158,1
3154,13:43:21,8161,1
3155,13:43:21,8163,1
3156,13:43:21,8166,1
3157,13:43:21,8168,1
3158,13:43:21,8171,1
3159,13:43:21,8173,1
3160,13:43:21,8176,1
3161,13:43:21,8178,1
3162,13:43:21,8181,1
3163,13:43:21,8183,1
3164,13:43:21,8186,1
3165,13:43:21,8188,1
3166,13:43:21,8191,1
3167,13:43:21,8193,1
3168,13:43:21,8196,1
3169,13:43:21,8198,1
3170,13:43:21,8201,1
3171,13:43:21,8203,1
3172,13:43:21,8206,1
3173,13:43:21,8208,1
3174,13:43:21,8211,1
3175,13:43:21,8213,1
3176,13:43:21,8216,1
3177,13:43:21,8218,1
3178,13:43:21,8221,1
3179,13:43:21,8223,1
3180,13:43:21,8226,1
3181,13:43:21,8228,1
3182,13:43:21,8231,1
3183,13:43:21,8233,1
3184,13:43:21,8236,1
3185,13:43:21,8238,1
3186,13:43:21,8241,1
3187,13:43:21,8243,1
3188,13:43:21,8246,1
3189,13:43:21,8248,1
3190,13:43:21,8251,1
3191,13:43:21,8253,1
3192,13:43:21,8255,1
3193,13:43:21,8258,1
3194,13:43:21,8260,1
3195,13:43:21,8263,1
3196,13:43:21,8265,1
3197,13:43:21,8268,1
3198,13:43:21,8270,1
3199,13:43:21,8273,1
3200,13:43:21,8275,1
3201,13:43:21,8278,1
3202,13:43:21,8280,1
3203,13:43:21,8283,1
3204,13:43:21,8285,1
3205,13:43:21,8288,1
3206,13:43:21,8290,1
3207,13:43:21,8293,1
3208,13:43:21,8295,1
3209,13:43:21,8298,1
3210,13:43:21,8300,1
3211,13:43:21,8303,1
3212,13:43:21,8305,1
3213,13:43:21,8308,1
3214,13:43:21,8310,1
3215,13:43:21,8313,1
3216,13:43:21,8315,1
3217,13:43:21,8318,1
3218,13:43:21,8320,1
3219,13:43:21,8323,1
3220,13:43:21,8325,1
3221,13:43:21,8328,1
3222,13:43:21,8330,1
3223,13:43:21,8333,1
3224,13:43:21,8335,1
3225,13:43:21,8338,1
3226,13:43:21,8340,1
3227,13:43:21,8343,1
3228,13:43:21,8345,1
3229,13:43:21,8348,1
3230,13:43:21,8350,1
3231,13:43:21,8353,1
3232,13:43:21,8355,1
3233,13:43:21,8358,1
3234,13:43:21,8360,1
3235,13:43:21,8363,1
3236,13:43:21,8365,1
3237,13:43:21,8368,1
3238,13:43:21,8370,1
3239,13:43:21,8373,1
3240,13:43:21,8375,1
3241,13:43:21,8378,1
3242,13:43:21,8380,1
3243,13:43:21,8382,1
3244,13:43:21,8385,1
3245,13:43:21,8387,1
3246,13:43:21,8390,1
3247,13:43:21,8392,1
3248,13:43:21,8395,1
3249,13:43:21,8397,1
3250,13:43:21,8400,1
3251,13:43:21,8402,1
3252,13:43:21,8405,1
3253,13:43:21,8407,1
3254,13:43:21,8410,1
3255,13:43:21,8412,1
3256,13:43:21,8415,1
3257,13:43:21,8417,1
3258,13:43:21,8420,1
3259,13:43:21,8422,1
3260,13:43:21,8425,1
3261,13:43:21,8427,1
3262,13:43:21,8430,1
3263,13:43:21,8432,1
3264,13:43:21,8435,1
3265,13:43:21,8437,1
3266,13:43:21,8440,1
3267,13:43:21,8442,1
3268,13:43:21,8445,1
3269,13:43:21,8447,1
3270,13:43:21,8450,1
3271,13:43:21,8452,1
3272,13:43:21,8455,1
3273,13:43:21,8457,1
3274,13:43:21,8460,1
3275,13:43:21,8462,1
3276,13:43:21,8465,1
3277,13:43:21,8467,1
3278,13:43:21,8470,1
3279,13:43:21,8472,1
3280,13:43:21,8475,1
3281,13:43:21,8477,1
3282,13:43:21,8480,1
3283,13:43:21,8482,1
3284,13:43:21,8485,1
3285,13:43:21,8487,1
3286,13:43:21,8490,1
3287,13:43:21,8492,1
3288,13:43:21,8495,1
3289,13:43:21,8497,1
3290,13:43:21,8500,1
3291,13:43:21,8502,1
3292,13:43:21,8504,1
3293,13:43:21,8507,1
3294,13:43:21,8509,1
3295,13:43:21,8512,1
3296,13:43:21,8514,1
3297,13:43:21,8517,1
3298,13:43:21,8519,1
3299,13:43:21,8522,1
3300,13:43:21,8524,1
3301,13:43:21,8527,1
3302,13:43:21,8529,1
3303,13:43:21,8532,1
3304,13:43:21,8534,1
3305,13:43:21,8537,1
3306,13:43:21,8539,1
3307,13:43:21,8542,1
3308,13:43:21,8544,1
3309,13:43:21,8547,1
3310,13:43:21,8549,1
3311,13:43:21,8552,1
3312,13:43:21,8554,1
3313,13:43:21,8557,1
3314,13:43:21,8559,1
3315,13:43:21,8562,1
3316,13:43:21,8564,1
3317,13:43:21,8567,1
3318,13:43:21,8569,1
3319,13:43:21,8572,1
3320,13:43:21,8574,1
3321,13:43:21,8577,1
3322,13:43:21,8579,1
3323,13:43:21,8582,1
3324,13:43:21,8584,1
3325,13:43:21,8587,1
3326,13:43:21,8589,1
3327,13:43:21,8592,1
3328,13:43:21,8594,1
3329,13:43:21,8597,1
3330,13:43:21,8599,1
3331,13:43:21,8602,1
3332,13:43:21,8604,1
3333,13:43:21,8607,1
3334,13:43:21,8609,1
3335,13:43:21,8612,1
3336,13:43:21,8614,1
3337,13:43:21,8617,1
3338,13:43:21,8619,1
3339,13:43:21,8622,1
3340,13:43:21,8624,1
3341,13:43:21,8627,1
3342,13:43:21,8629,1
3343,13:43:21,8631,1
3344,13:43:21,8634,1
3345,13:43:21,8636,1
3346,13:43:21,8639,1
3347,13:43:21,8641,1
3348,13:43:21,8644,1
3349,13:43:21,8646,1
3350,13:43:21,8649,1
3351,13:43:21,8651,1
3352,13:43:21,8654,1
3353,13:43:21,8656,1
3354,13:43:21,8659,1
3355,13:43:21,8661,1
3356,13:43:21,8664,1
3357,13:43:21,8666,1
3358,13:43:21,8669,1
3359,13:43:21,8671,1
3360,13:43:21,8674,1
3361,13:43:21,8676,1
3362,13:43:21,8679,1
3363,13:43:21,8681,1
3364,13:43:21,8684,1
3365,13:43:21,8686,1
3366,13:43:21,8689,1
3367,13:43:21,8691,1
3368,13:43:21,8694,1
3369,13:43:21,8696,1
3370,13:43:21,8699,1
3371,13:43:21,8701,1
3372,13:43:21,8704,1
3373,13:43:21,8706,1
3374,13:43:21,8709,1
3375,13:43:21,8711,1
3376,13:43:21,8714,1
3377,13:43:21,8716,1
3378,13:43:21,8719,1
3379,13:43:21,8721,1
3380,13:43:21,8724,1
3381,13:43:21,8726,1
3382,13:43:21,8729,1
3383,13:43:21,8731,1
3384,13:43:21,8734,1
3385,13:43:21,8736,1
3386,13:43:21,8739,1
3387,13:43:21,8741,1
3388,13:43:21,8744,1
3389,13:43:21,8746,1
3390,13:43:21,8749,1
3391,13:43:21,8751,1
3392,13:43:21,8753,1
3393,13:43:21,8756,1
3394,13:43:21,8758,1
3395,13:43:21,8761,1
3396,13:43:21,8763,1
3397,13:43:21,8766,1
3398,13:43:21,8768,1
3399,13:43:21,8771,1
3400,13:43:21,8773,1
3401,13:43:21,8776,1
3402,13:43:21,8778,1
3403,13:43:21,8781,1
3404,13:43:21,8783,1
3405,13:43:21,8786,1
3406,13:43:21,8788,1
3407,13:43:21,8791,1
3408,13:43:21,8793,1
3409,13:43:21,8796,1
3410,13:43:21,8798,1
3411,13:43:21,8801,1
3412,13:43:21,8803,1
3413,13:43:21,8806,1
3414,13:43:21,8808,1
3415,13:43:21,8811,1
3416,13:43:21,8813,1
3417,13:43:21,8816,1
3418,13:43:21,8818,1
3419,13:43:21,8821,1
3420,13:43:21,8823,1
3421,13:43:21,8826,1
3422,13:43:21,8828,1
3423,13:43:21,8831,1
3424,13:43:21,8833,1
3425,13:43:21,8836,1
3426,13:43:21,8838,1
3427,13:43:21,8841,1
3428,13:43:21,8843,1
3429,13:43:21,8846,1
3430,13:43:21,8848,1
3431,13:43:21,8851,1
3432,13:43:21,8853,1
3433,13:43:21,8856,1
3434,13:43:21,8858,1
3435,13:43:21,8861,1
3436,13:43:21,8863,1
3437,13:43:21,8866,1
3438,13:43:21,8868,1
3439,13:43:21,8871,1
3440,13:43:21,8873,1
3441,13:43:21,8876,1
3442,13:43:21,8878,1
3443,13:43:21,8880,1
3444,13:43:21,8883,1
3445,13:43:21,8885,1
3446,13:43:21,8888,1
3447,13:43:21,8890,1
3448,13:43:21,8893,1
3449,13:43:21,8895,1
3450,13:43:21,8898,1
3451,13:43:21,8900,1
3452,13:43:21,8903,1
3453,13:43:21,8905,1
3454,13:43:21,8908,1
3455,13:43:21,8910,1
3456,13:43:21,8913,1
3457,13:43:21,8915,1
3458,13:43:21,8918,1
3459,13:43:21,8920,1
3460,13:43:21,8923,1
3461,13:43:21,8925,1
3462,13:43:22,8928,1
3463,13:43:22,8930,1
3464,13:43:22,8933,1
3465,13:43:22,8935,1
3466,13:43:22,8938,1
3467,13:43:22,8940,1
3468,13:43:22,8943,1
3469,13:43:22,8945,1
3470,13:43:22,8948,1
3471,13:43:22,8950,1
3472,13:43:22,8953,1
3473,13:43:22,8955,1
3474,13:43:22,8958,1
3475,13:43:22,8960,1
3476,13:43:22,8963,1
3477,13:43:22,8965,1
3478,13:43:22,8968,1
3479,13:43:22,8970,1
3480,13:43:22,8973,1
3481,13:43:22,8975,1
3482,13:43:22,8978,1
3483,13:43:22,8980,1
3484,13:43:22,8983,1
3485,13:43:22,8985,1
3486,13:43:22,8988,1
3487,13:43:22,8990,1
3488,13:43:22,8993,1
3489,13:43:22,8995,1
3490,13:43:22,8998,1
3491,13:43:22,9000,1
3492,13:43:22,9002,1
3493,13:43:22,9005,1
3494,13:43:22,9007,1
3495,13:43:22,9010,1
3496,13:43:22,9012,1
3497,13:43:22,9015,1
3498,13:43:22,9017,1
3499,13:43:22,9020,1
3500,13:43:22,9022,1
3501,13:43:22,9025,1
3502,13:43:22,9027,1
3503,13:43:22,9030,1
3504,13:43:22,9032,1
3505,13:43:22,9035,1
3506,13:43:22,9037,1
3507,13:43:22,9040,1
3508,13:43:22,9042,1
3509,13:43:22,9045,1
3510,13:43:22,9047,1
3511,13:43:22,9050,1
3512,13:43:22,9052,1
3513,13:43:22,9055,1
3514,13:43:22,9057,1
3515,13:43:22,9060,1
3516,13:43:22,9062,1
3517,13:43:22,9065,1
3518,13:43:22,9067,1
3519,13:43:22,9070,1
3520,13:43:22,9072,1
3521,13:43:22,9075,1
3522,13:43:22,9077,1
3523,13:43:22,9080,1
3524,13:43:22,9082,1
3525,13:43:22,9085,1
3526,13:43:22,9087,1
3527,13:43:22,9090,1
3528,13:43:22,9092,1
3529,13:43:22,9095,1
3530,13:43:22,9097,1
3531,13:43:22,9100,1
3532,13:43:22,9102,1
3533,13:43:22,9105,1
3534,13:43:22,9107,1
3535,13:43:22,9110,1
3536,13:43:22,9112,1
3537,13:43:22,9115,1
3538,13:43:22,9117,1
3539,13:43:22,9120,1
3540,13:43:22,9122,1
3541,13:43:22,9125,1
3542,13:43:22,9127,1
3543,13:43:22,9129,1
3544,13:43:22,9132,1
3545,13:43:22,9134,1
3546,13:43:22,9137,1
3547,13:43:22,9139,1
3548,13:43:22,9142,1
3549,13:43:22,9144,1
3550,13:43:22,9147,1
3551,13:43:22,9149,1
3552,13:43:22,9152,1
3553,13:43:22,9154,1
3554,13:43:22,9157,1
3555,13:43:22,9159,1
3556,13:43:22,9162,1
3557,13:43:22,9164,1
3558,13:43:22,9167,1
3559,13:43:22,9169,1
3560,13:43:22,9172,1
3561,13:43:22,9174,1
3562,13:43:22,9177,1
3563,13:43:22,9179,1
3564,13:43:22,9182,1
3565,13:43:22,9184,1
3566,13:43:22,9187,1
3567,13:43:22,9189,1
3568,13:43:22,9192,1
3569,13:43:22,9194,1
3570,13:43:22,9197,1
3571,13:43:22,9199,1
3572,13:43:22,9202,1
3573,13:43:22,9204,1
3574,13:43:22,9207,1
3575,13:43:22,9209,1
3576,13:43:22,9212,1
3577,13:43:22,9214,1
3578,13:43:22,9217,1
3579,13:43:22,9219,1
3580,13:43:22,9222,1
3581,13:43:22,9224,1
3582,13:43:22,9227,1
3583,13:43:22,9229,1
3584,13:43:22,9232,1
3585,13:43:22,9234,1
3586,13:43:22,9237,1
3587,13:43:22,9239,1
3588,13:43:22,9242,1
3589,13:43:22,9244,1
3590,13:43:22,9247,1
3591,13:43:22,9249,1
3592,13:43:22,9251,1
3593,13:43:22,9254,1
3594,13:43:22,9256,1
3595,13:43:22,9259,1
3596,13:43:22,9261,1
3597,13:43:22,9264,1
3598,13:43:22,9266,1
3599,13:43:22,9269,1
3600,13:43:22,9271,1
3601,13:43:22,9274,1
3602,13:43:22,9276,1
3603,13:43:22,9279,1
3604,13:43:22,9281,1
3605,13:43:22,9284,1
3606,13:43:22,9286,1
3607,13:43:22,9289,1
3608,13:43:22,9291,1
3609,13:43:22,9294,1
3610,13:43:22,9296,1
3611,13:43:22,9299,1
3612,13:43:22,9301,1
3613,13:43:22,9304,1
3614,13:43:22,9306,1
3615,13:43:22,9309,1
3616,13:43:22,9311,1
3617,13:43:22,9314,1
3618,13:43:22,9316,1
3619,13:43:22,9319,1
3620,13:43:22,9321,1
3621,13:43:22,9324,1
3622,13:43:22,9326,1
3623,13:43:22,9329,1
3624,13:43:22,9331,1
3625,13:43:22,9334,1
3626,13:43:22,9336,1
3627,13:43:22,9339,1
3628,13:43:22,9341,1
3629,13:43:22,9344,1
3630,13:43:22,9346,1
3631,13:43:22,9349,1
3632,13:43:22,9351,1
3633,13:43:22,9354,1
3634,13:43:22,9356,1
3635,13:43:22,9359,1
3636,13:43:22,9361,1
3637,13:43:22,9364,1
3638,13:43:22,9366,1
3639,13:43:22,9369,1
3640,13:43:22,9371,1
3641,13:43:22,9374,1
3642,13:43:22,9376,1
3643,13:43:22,9378,1
3644,13:43:22,9381,1
3645,13:43:22,9383,1
3646,13:43:22,9386,1
3647,13:43:22,9388,1
3648,13:43:22,9391,1
3649,13:43:22,9393,1
3650,13:43:22,9396,1
3651,13:43:22,9398,1
3652,13:43:22,9401,1
3653,13:43:22,9403,1
3654,13:43:22,9406,1
3655,13:43:22,9408,1
3656,13:43:22,9411,1
3657,13:43:22,9413,1
3658,13:43:22,9416,1
3659,13:43:22,9418,1
3660,13:43:22,9421,1
3661,13:43:22,9423,1
3662,13:43:22,9426,1
3663,13:43:22,9428,1
3664,13:43:22,9431,1
3665,13:43:22,9433,1
3666,13:43:22,9436,1
3667,13:43:22,9438,1
3668,13:43:22,9441,1
3669,13:43:22,9443,1
3670,13:43:22,9446,1
3671,13:43:22,9448,1
3672,13:43:22,9451,1
3673,13:43:22,9453,1
3674,13:43:22,9456,1
3675,13:43:22,9458,1
3676,13:43:22,9461,1
3677,13:43:22,9463,1
3678,13:43:22,9466,1
3679,13:43:22,9468,1
3680,13:43:22,9471,1
3681,13:43:22,9473,1
3682,13:43:22,9476,1
3683,13:43:22,9478,1
3684,13:43:22,9481,1
3685,13:43:22,9483,1
3686,13:43:22,9486,1
3687,13:43:22,9488,1
3688,13:43:22,9491,1
3689,13:43:22,9493,1
3690,13:43:22,9496,1
3691,13:43:22,9498,1
3692,13:43:22,9500,1
3693,13:43:22,9503,1
3694,13:43:22,9505,1
3695,13:43:22,9508,1
3696,13:43:22,9510,1
3697,13:43:22,9513,1
3698,13:43:22,9515,1
3699,13:43:22,9518,1
3700,13:43:22,9520,1
3701,13:43:22,9523,1
3702,13:43:22,9525,1
3703,13:43:22,9528,1
3704,13:43:22,9530,1
3705,13:43:22,9533,1
3706,13:43:22,9535,1
3707,13:43:22,9538,1
3708,13:43:22,9540,1
3709,13:43:22,9543,1
3710,13:43:22,9545,1
3711,13:43:22,9548,1
3712,13:43:22,9550,1
3713,13:43:22,9553,1
3714,13:43:22,9555,1
3715,13:43:22,9558,1
3716,13:43:22,9560,1
3717,13:43:22,9563,1
3718,13:43:22,9565,1
3719,13:43:22,9568,1
3720,13:43:22,9570,1
3721,13:43:22,9573,1
3722,13:43:22,9575,1
3723,13:43:22,9578,1
3724,13:43:22,9580,1
3725,13:43:22,9583,1
3726,13:43:22,9585,1
3727,13:43:22,9588,1
3728,13:43:22,9590,1
3729,13:43:22,9593,1
3730,13:43:22,9595,1
3731,13:43:22,9598,1
3732,13:43:22,9600,1
3733,13:43:22,9603,1
3734,13:43:22,9605,1
3735,13:43:22,9608,1
3736,13:43:22,9610,1
3737,13:43:22,9613,1
3738,13:43:22,9615,1
3739,13:43:22,9618,1
3740,13:43:22,9620,1
3741,13:43:22,9623,1
3742,13:43:22,9625,1
3743,13:43:22,9627,1
3744,13:43:22,9630,1
3745,13:43:22,9632,1
3746,13:43:22,9635,1
3747,13:43:22,9637,1
3748,13:43:22,9640,1
3749,13:43:22,9642,1
3750,13:43:22,9645,1
3751,13:43:22,9647,1
3752,13:43:22,9650,1
3753,13:43:22,9652,1
3754,13:43:22,9655,1
3755,13:43:22,9657,1
3756,13:43:22,9660,1
3757,13:43:22,9662,1
3758,13:43:22,9665,1
3759,13:43:22,9667,1
3760,13:43:22,9670,1
3761,13:43:22,9672,1
3762,13:43:22,9675,1
3763,13:43:22,9677,1
3764,13:43:22,9680,1
3765,13:43:22,9682,1
3766,13:43:22,9685,1
3767,13:43:22,9687,1
3768,13:43:22,9690,1
3769,13:43:22,9692,1
3770,13:43:22,9695,1
3771,13:43:22,9697,1
3772,13:43:22,9700,1
3773,13:43:22,9702,1
3774,13:43:22,9705,1
3775,13:43:22,9707,1
3776,13:43:22,9710,1
3777,13:43:22,9712,1
3778,13:43:22,9715,1
3779,13:43:22,9717,1
3780,13:43:22,9720,1
3781,13:43:22,9722,1
3782,13:43:22,9725,1
3783,13:43:22,9727,1
3784,13:43:22,9730,1
3785,13:43:22,9732,1
3786,13:43:22,9735,1
3787,13:43:22,9737,1
3788,13:43:22,9740,1
3789,13:43:22,9742,1
3790,13:43:22,9745,1
3791,13:43:22,9747,1
3792,13:43:22,9749,1
3793,13:43:22,9752,1
3794,13:43:22,9754,1
3795,13:43:22,9757,1
3796,13:43:22,9759,1
3797,13:43:22,9762,1
3798,13:43:22,9764,1
3799,13:43:22,9767,1
3800,13:43:22,9769,1
3801,13:43:22,9772,1
3802,13:43:22,9774,1
3803,13:43:22,9777,1
3804,13:43:22,9779,1
3805,13:43:22,9782,1
3806,13:43:22,9784,1
3807,13:43:22,9787,1
3808,13:43:22,9789,1
3809,13:43:22,9792,1
3810,13:43:22,9794,1
3811,13:43:22,9797,1
3812,13:43:22,9799,1
3813,13:43:22,9802,1
3814,13:43:22,9804,1
3815,13:43:22,9807,1
3816,13:43:22,9809,1
3817,13:43:22,9812,1
3818,13:43:22,9814,1
3819,13:43:22,9817,1
3820,13:43:22,9819,1
3821,13:43:22,9822,1
3822,13:43:22,9824,1
3823,13:43:22,9827,1
3824,13:43:22,9829,1
3825,13:43:22,9832,1
3826,13:43:22,9834,1
3827,13:43:22,9837,1
3828,13:43:22,9839,1
3829,13:43:22,9842,1
3830,13:43:22,9844,1
3831,13:43:22,9847,1
3832,13:43:22,9849,1
3833,13:43:22,9852,1
3834,13:43:22,9854,1
3835,13:43:22,9857,1
3836,13:43:22,9859,1
3837,13:43:22,9862,1
3838,13:43:22,9864,1
3839,13:43:22,9867,1
3840,13:43:22,9869,1
3841,13:43:22,9872,1
3842,13:43:22,9874,1
3843,13:43:22,9876,1
3844,13:43:22,9879,1
3845,13:43:22,9881,1
3846,13:43:22,9884,1
3847,13:43:22,9886,1
3848,13:43:22,9889,1
3849,13:43:22,9891,1
3850,13:43:22,9894,1
3851,13:43:22,9896,1
3852,13:43:22,9899,1
3853,13:43:22,9901,1
3854,13:43:22,9904,1
3855,13:43:22,9906,1
3856,13:43:22,9909,1
3857,13:43:22,9911,1
3858,13:43:22,9914,1
3859,13:43:22,9916,1
3860,13:43:22,9919,1
3861,13:43:22,9921,1
3862,13:43:22,9924,1
3863,13:43:22,9926,1
3864,13:43:23,9929,1
3865,13:43:23,9931,1
3866,13:43:23,9934,1
3867,13:43:23,9936,1
3868,13:43:23,9939,1
3869,13:43:23,9941,1
3870,13:43:23,9944,1
3871,13:43:23,9946,1
3872,13:43:23,9949,1
3873,13:43:23,9951,1
3874,13:43:23,9954,1
3875,13:43:23,9956,1
3876,13:43:23,9959,1
3877,13:43:23,9961,1
3878,13:43:23,9964,1
3879,13:43:23,9966,1
3880,13:43:23,9969,1
3881,13:43:23,9971,1
3882,13:43:23,9974,1
3883,13:43:23,9976,1
3884,13:43:23,9979,1
3885,13:43:23,9981,1
3886,13:43:23,9984,1
3887,13:43:23,9986,1
3888,13:43:23,9989,1
3889,13:43:23,9991,1
3890,13:43:23,9994,1
3891,13:43:23,9996,1
3892,13:43:23,9998,1
3893,13:43:23,10001,1
3894,13:43:23,10003,1
3895,13:43:23,10006,1
3896,13:43:23,10008,1
3897,13:43:23,10011,1
3898,13:43:23,10013,1
3899,13:43:23,10016,1
3900,13:43:23,10018,1
3901,13:43:23,10021,1
3902,13:43:23,10023,1
3903,13:43:23,10026,1
3904,13:43:23,10028,1
3905,13:43:23,10031,1
3906,13:43:23,10033,1
3907,13:43:23,10036,1
3908,13:43:23,10038,1
3909,13:43:23,10041,1
3910,13:43:23,10043,1
3911,13:43:23,10046,1
3912,13:43:23,10048,1
3913,13:43:23,10051,1
3914,13:43:23,10053,1
3915,13:43:23,10056,1
3916,13:43:23,10058,1
3917,13:43:23,10061,1
3918,13:43:23,10063,1
3919,13:43:23,10066,1
3920,13:43:23,10068,1
3921,13:43:23,10071,1
3922,13:43:23,10073,1
3923,13:43:23,10076,1
3924,13:43:23,10078,1
3925,13:43:23,10081,1
3926,13:43:23,10083,1
3927,13:43:23,10086,1
3928,13:43:23,10088,1
3929,13:43:23,10091,1
3930,13:43:23,10093,1
3931,13:43:23,10096,1
3932,13:43:23,10098,1
3933,13:43:23,10101,1
3934,13:43:23,10103,1
3935,13:43:23,10106,1
3936,13:43:23,10108,1
3937,13:43:23,10111,1
3938,13:43:23,10113,1
3939,13:43:23,10116,1
3940,13:43:23,10118,1
3941,13:43:23,10121,1
3942,13:43:23,10123,1
3943,13:43:23,10125,1
3944,13:43:23,10128,1
3945,13:43:23,10130,1
3946,13:43:23,10133,1
3947,13:43:23,10135,1
3948,13:43:23,10138,1
3949,13:43:23,10140,1
3950,13:43:23,10143,1
3951,13:43:23,10145,1
3952,13:43:23,10148,1
3953,13:43:23,10150,1
3954,13:43:23,10153,1
3955,13:43:23,10155,1
3956,13:43:23,10158,1
3957,13:43:23,10160,1
3958,13:43:23,10163,1
3959,13:43:23,10165,1
3960,13:43:23,10168,1
3961,13:43:23,10170,1
3962,13:43:23,10173,1
3963,13:43:23,10175,1
3964,13:43:23,10178,1
3965,13:43:23,10180,1
3966,13:43:23,10183,1
3967,13:43:23,10185,1
3968,13:43:23,10188,1
3969,13:43:23,10190,1
3970,13:43:23,10193,1
3971,13:43:23,10195,1
3972,13:43:23,10198,1
3973,13:43:23,10200,1
3974,13:43:23,10203,1
3975,13:43:23,10205,1
3976,13:43:23,10208,1
3977,13:43:23,10210,1
3978,13:43:23,10213,1
3979,13:43:23,10215,1
3980,13:43:23,10218,1
3981,13:43:23,10220,1
3982,13:43:23,10223,1
3983,13:43:23,10225,1
3984,13:43:23,10228,1
3985,13:43:23,10230,1
3986,13:43:23,10233,1
3987,13:43:23,10235,1
3988,13:43:23,10238,1
3989,13:43:23,10240,1
3990,13:43:23,10243,1
3991,13:43:23,10245,1
3992,13:43:23,10247,1
3993,13:43:23,10250,1
3994,13:43:23,10252,1
3995,13:43:23,10255,1
3996,13:43:23,10257,1
3997,13:43:23,10260,1
3998,13:43:23,10262,1
3999,13:43:23,10265,1
4000,13:43:23,10267,1
4001,13:43:23,10270,1
4002,13:43:23,10272,1
4003,13:43:23,10275,1
4004,13:43:23,10277,1
4005,13:43:23,10280,1
4006,13:43:23,10282,1
4007,13:43:23,10285,1
4008,13:43:23,10287,1
4009,13:43:23,10290,1
4010,13:43:23,10292,1
4011,13:43:23,10295,1
4012,13:43:23,10297,1
4013,13:43:23,10300,1
4014,13:43:23,10302,1
4015,13:43:23,10305,1
4016,13:43:23,10307,1
4017,13:43:23,10310,1
4018,13:43:23,10312,1
4019,13:43:23,10315,1
4020,13:43:23,10317,1
4021,13:43:23,10320,1
4022,13:43:23,10322,1
4023,13:43:23,10325,1
4024,13:43:23,10327,1
4025,13:43:23,10330,1
4026,13:43:23,10332,1
4027,13:43:23,10335,1
4028,13:43:23,10337,1
4029,13:43:23,10340,1
4030,13:43:23,10342,1
4031,13:43:23,10345,1
4032,13:43:23,10347,1
4033,13:43:23,10350,1
4034,13:43:23,10352,1
4035,13:43:23,10355,1
4036,13:43:23,10357,1
4037,13:43:23,10360,1
4038,13:43:23,10362,1
4039,13:43:23,10365,1
4040,13:43:23,10367,1
4041,13:43:23,10370,1
4042,13:43:23,10372,1
4043,13:43:23,10374,1
4044,13:43:23,10377,1
4045,13:43:23,10379,1
4046,13:43:23,10382,1
4047,13:43:23,10384,1
4048,13:43:23,10387,1
4049,13:43:23,10389,1
4050,13:43:23,10392,1
4051,13:43:23,10394,1
4052,13:43:23,10397,1
4053,13:43:23,10399,1
4054,13:43:23,10402,1
4055,13:43:23,10404,1
4056,13:43:23,10407,1
4057,13:43:23,10409,1
4058,13:43:23,10412,1
4059,13:43:23,10414,1
4060,13:43:23,10417,1
4061,13:43:23,10419,1
4062,13:43:23,10422,1
4063,13:43:23,10424,1
4064,13:43:23,10427,1
4065,13:43:23,10429,1
4066,13:43:23,10432,1
4067,13:43:23,10434,1
4068,13:43:23,10437,1
4069,13:43:23,10439,1
4070,13:43:23,10442,1
4071,13:43:23,10444,1
4072,13:43:23,10447,1
4073,13:43:23,10449,1
4074,13:43:23,10452,1
4075,13:43:23,10454,1
4076,13:43:23,10457,1
4077,13:43:23,10459,1
4078,13:43:23,10462,1
4079,13:43:23,10464,1
4080,13:43:23,10467,1
4081,13:43:23,10469,1
4082,13:43:23,10472,1
4083,13:43:23,10474,1
4084,13:43:23,10477,1
4085,13:43:23,10479,1
4086,13:43:23,10482,1
4087,13:43:23,10484,1
4088,13:43:23,10487,1
4089,13:43:23,10489,1
4090,13:43:23,10492,1
4091,13:43:23,10494,1
4092,13:43:23,10496,1
4093,13:43:23,10499,1
4094,13:43:23,10501,1
4095,13:43:23,10504,1
4096,13:43:23,10506,1
4097,13:43:23,10509,1
4098,13:43:23,10511,1
4099,13:43:23,10514,1
4100,13:43:23,10516,1
4101,13:43:23,10519,1
4102,13:43:23,10521,1
4103,13:43:23,10524,1
4104,13:43:23,10526,1
4105,13:43:23,10529,1
4106,13:43:23,10531,1
4107,13:43:23,10534,1
4108,13:43:23,10536,1
4109,13:43:23,10539,1
4110,13:43:23,10541,1
4111,13:43:23,10544,1
4112,13:43:23,10546,1
4113,13:43:23,10549,1
4114,13:43:23,10551,1
4115,13:43:23,10554,1
4116,13:43:23,10556,1
4117,13:43:23,10559,1
4118,13:43:23,10561,1
4119,13:43:23,10564,1
4120,13:43:23,10566,1
