Timestamp,Index
310,1
312,2
315,3
317,4
320,5
322,6
325,7
327,8
330,9
332,10
335,11
337,12
340,13
342,14
345,15
347,16
350,17
352,18
355,19
357,20
360,21
362,22
365,23
367,24
370,25
372,26
375,27
377,28
380,29
382,30
385,31
387,32
390,33
392,34
395,35
397,36
400,37
402,38
405,39
407,40
410,41
412,42
414,43
417,44
419,45
422,46
424,47
427,48
429,49
432,50
434,51
437,52
439,53
442,54
444,55
447,56
449,57
452,58
454,59
457,60
459,61
462,62
464,63
467,64
469,65
472,66
474,67
477,68
479,69
482,70
484,71
487,72
489,73
492,74
494,75
497,76
499,77
502,78
504,79
507,80
509,81
512,82
514,83
517,84
519,85
522,86
524,87
527,88
529,89
532,90
534,91
536,92
539,93
541,94
544,95
546,96
549,97
551,98
554,99
556,100
559,101
561,102
564,103
566,104
569,105
571,106
574,107
576,108
579,109
581,110
584,111
586,112
589,113
591,114
594,115
596,116
599,117
601,118
604,119
606,120
609,121
611,122
614,123
616,124
619,125
621,126
624,127
626,128
629,129
631,130
634,131
636,132
639,133
641,134
644,135
646,136
649,137
651,138
654,139
656,140
659,141
661,142
663,143
666,144
668,145
671,146
673,147
676,148
678,149
681,150
683,151
686,152
688,153
691,154
693,155
696,156
698,157
701,158
703,159
706,160
708,161
711,162
713,163
716,164
718,165
721,166
723,167
726,168
728,169
731,170
733,171
736,172
738,173
741,174
743,175
746,176
748,177
751,178
753,179
756,180
758,181
761,182
763,183
766,184
768,185
771,186
773,187
776,188
778,189
781,190
783,191
785,192
788,193
790,194
793,195
795,196
798,197
800,198
803,199
805,200
808,201
810,202
813,203
815,204
818,205
820,206
823,207
825,208
828,209
830,210
833,211
835,212
838,213
840,214
843,215
845,216
848,217
850,218
853,219
855,220
858,221
860,222
863,223
865,224
868,225
870,226
873,227
875,228
878,229
880,230
883,231
885,232
888,233
890,234
893,235
895,236
898,237
900,238
903,239
905,240
908,241
910,242
912,243
915,244
917,245
920,246
922,247
925,248
927,249
930,250
932,251
935,252
937,253
940,254
942,255
945,256
947,257
950,258
952,259
955,260
957,261
960,262
962,263
965,264
967,265
970,266
972,267
975,268
977,269
980,270
982,271
985,272
987,273
990,274
992,275
995,276
997,277
1000,278
1002,279
1005,280
1007,281
1010,282
1012,283
1015,284
1017,285
1020,286
1022,287
1025,288
1027,289
1030,290
1032,291
1034,292
1037,293
1039,294
1042,295
1044,296
1047,297
1049,298
1052,299
1054,300
1057,301
1059,302
1062,303
1064,304
1067,305
1069,306
1072,307
1074,308
1077,309
1079,310
1082,311
1084,312
1087,313
1089,314
1092,315
1094,316
1097,317
1099,318
1102,319
1104,320
1107,321
1109,322
1112,323
1114,324
1117,325
1119,326
1122,327
1124,328
1127,329
1129,330
1132,331
1134,332
1137,333
1139,334
1142,335
1144,336
1147,337
1149,338
1152,339
1154,340
1157,341
1159,342
1161,343
1164,344
1166,345
1169,346
1171,347
1174,348
1176,349
1179,350
1181,351
1184,352
1186,353
1189,354
1191,355
1194,356
1196,357
1199,358
1201,359
1204,360
1206,361
1209,362
1211,363
1214,364
1216,365
1219,366
1221,367
1224,368
1226,369
1229,370
1231,371
1234,372
1236,373
1239,374
1241,375
1244,376
1246,377
1249,378
1251,379
1254,380
1256,381
1259,382
1261,383
1264,384
1266,385
1269,386
1271,387
1274,388
1276,389
1279,390
1281,391
1283,392
1286,393
1288,394
1291,395
1293,396
1296,397
1298,398
1301,399
1303,400
1306,401
1308,402
1311,403
1313,404
1316,405
1318,406
1321,407
1323,408
1326,409
1328,410
1331,411
1333,412
1336,413
1338,414
1341,415
1343,416
1346,417
1348,418
1351,419
1353,420
1356,421
1358,422
1361,423
1363,424
1366,425
1368,426
1371,427
1373,428
1376,429
1378,430
1381,431
1383,432
1386,433
1388,434
1391,435
1393,436
1396,437
1398,438
1401,439
1403,440
1406,441
1408,442
1410,443
1413,444
1415,445
1418,446
1420,447
1423,448
1425,449
1428,450
1430,451
1433,452
1435,453
1438,454
1440,455
1443,456
1445,457
1448,458
1450,459
1453,460
1455,461
1458,462
1460,463
1463,464
1465,465
1468,466
1470,467
1473,468
1475,469
1478,470
1480,471
1483,472
1485,473
1488,474
1490,475
1493,476
1495,477
1498,478
1500,479
1503,480
1505,481
1508,482
1510,483
1513,484
1515,485
1518,486
1520,487
1523,488
1525,489
1528,490
1530,491
1532,492
1535,493
1537,494
1540,495
1542,496
1545,497
1547,498
1550,499
1552,500
1555,501
1557,502
1560,503
1562,504
1565,505
1567,506
1570,507
1572,508
1575,509
1577,510
1580,511
1582,512
1585,513
1587,514
1590,515
1592,516
1595,517
1597,518
1600,519
1602,520
1605,521
1607,522
1610,523
1612,524
1615,525
1617,526
1620,527
1622,528
1625,529
1627,530
1630,531
1632,532
1635,533
1637,534
1640,535
1642,536
1645,537
1647,538
1650,539
1652,540
1655,541
1657,542
1659,543
1662,544
1664,545
1667,546
1669,547
1672,548
1674,549
1677,550
1679,551
1682,552
1684,553
1687,554
1689,555
1692,556
1694,557
1697,558
1699,559
1702,560
1704,561
1707,562
1709,563
1712,564
1714,565
1717,566
1719,567
1722,568
1724,569
1727,570
1729,571
1732,572
1734,573
1737,574
1739,575
1742,576
1744,577
1747,578
1749,579
1752,580
1754,581
1757,582
1759,583
1762,584
1764,585
1767,586
1769,587
1772,588
1774,589
1777,590
1779,591
1781,592
1784,593
1786,594
1789,595
1791,596
1794,597
1796,598
1799,599
1801,600
1804,601
1806,602
1809,603
1811,604
1814,605
1816,606
1819,607
1821,608
1824,609
1826,610
1829,611
1831,612
1834,613
1836,614
1839,615
1841,616
1844,617
1846,618
1849,619
1851,620
1854,621
1856,622
1859,623
1861,624
1864,625
1866,626
1869,627
1871,628
1874,629
1876,630
1879,631
1881,632
1884,633
1886,634
1889,635
1891,636
1894,637
1896,638
1899,639
1901,640
1904,641
1906,642
1908,643
1911,644
1913,645
1916,646
1918,647
1921,648
1923,649
1926,650
1928,651
1931,652
1933,653
1936,654
1938,655
1941,656
1943,657
1946,658
1948,659
1951,660
1953,661
1956,662
1958,663
1961,664
1963,665
1966,666
1968,667
1971,668
1973,669
1976,670
1978,671
1981,672
1983,673
1986,674
1988,675
1991,676
1993,677
1996,678
1998,679
2001,680
2003,681
2006,682
2008,683
2011,684
2013,685
2016,686
2018,687
2021,688
2023,689
2026,690
2028,691
2030,692
2033,693
2035,694
2038,695
2040,696
2043,697
2045,698
2048,699
2050,700
2053,701
2055,702
2058,703
2060,704
2063,705
2065,706
2068,707
2070,708
2073,709
2075,710
2078,711
2080,712
2083,713
2085,714
2088,715
2090,716
2093,717
2095,718
2098,719
2100,720
2103,721
2105,722
2108,723
2110,724
2113,725
2115,726
2118,727
2120,728
2123,729
2125,730
2128,731
2130,732
2133,733
2135,734
2138,735
2140,736
2143,737
2145,738
2148,739
2150,740
2153,741
2155,742
2157,743
2160,744
2162,745
2165,746
2167,747
2170,748
2172,749
2175,750
2177,751
2180,752
2182,753
2185,754
2187,755
2190,756
2192,757
2195,758
2197,759
2200,760
2202,761
2205,762
2207,763
2210,764
2212,765
2215,766
2217,767
2220,768
2222,769
2225,770
2227,771
2230,772
2232,773
2235,774
2237,775
2240,776
2242,777
2245,778
2247,779
2250,780
2252,781
2255,782
2257,783
2260,784
2262,785
2265,786
2267,787
2270,788
2272,789
2275,790
2277,791
2279,792
2282,793
2284,794
2287,795
2289,796
2292,797
2294,798
2297,799
2299,800
2302,801
2304,802
2307,803
2309,804
2312,805
2314,806
2317,807
2319,808
2322,809
2324,810
2327,811
2329,812
2332,813
2334,814
2337,815
2339,816
2342,817
2344,818
2347,819
2349,820
2352,821
2354,822
2357,823
2359,824
2362,825
2364,826
2367,827
2369,828
2372,829
2374,830
2377,831
2379,832
2382,833
2384,834
2387,835
2389,836
2392,837
2394,838
2397,839
2399,840
2402,841
2404,842
2406,843
2409,844
2411,845
2414,846
2416,847
2419,848
2421,849
2424,850
2426,851
2429,852
2431,853
2434,854
2436,855
2439,856
2441,857
2444,858
2446,859
2449,860
2451,861
2454,862
2456,863
2459,864
2461,865
2464,866
2466,867
2469,868
2471,869
2474,870
2476,871
2479,872
2481,873
2484,874
2486,875
2489,876
2491,877
2494,878
2496,879
2499,880
2501,881
2504,882
2506,883
2509,884
2511,885
2514,886
2516,887
2519,888
2521,889
2524,890
2526,891
2528,892
2531,893
2533,894
2536,895
2538,896
2541,897
2543,898
2546,899
2548,900
2551,901
2553,902
2556,903
2558,904
2561,905
2563,906
2566,907
2568,908
2571,909
2573,910
2576,911
2578,912
2581,913
2583,914
2586,915
2588,916
2591,917
2593,918
2596,919
2598,920
2601,921
2603,922
2606,923
2608,924
2611,925
2613,926
2616,927
2618,928
2621,929
2623,930
2626,931
2628,932
2631,933
2633,934
2636,935
2638,936
2641,937
2643,938
2646,939
2648,940
2651,941
2653,942
2655,943
2658,944
2660,945
2663,946
2665,947
2668,948
2670,949
2673,950
2675,951
2678,952
2680,953
2683,954
2685,955
2688,956
2690,957
2693,958
2695,959
2698,960
2700,961
2703,962
2705,963
2708,964
2710,965
2713,966
2715,967
2718,968
2720,969
2723,970
2725,971
2728,972
2730,973
2733,974
2735,975
2738,976
2740,977
2743,978
2745,979
2748,980
2750,981
2753,982
2755,983
2758,984
2760,985
2763,986
2765,987
2768,988
2770,989
2773,990
2775,991
2777,992
2780,993
2782,994
2785,995
2787,996
2790,997
2792,998
2795,999
2797,1000
2800,1001
2802,1002
2805,1003
2807,1004
2810,1005
2812,1006
2815,1007
2817,1008
2820,1009
2822,1010
2825,1011
2827,1012
2830,1013
2832,1014
2835,1015
2837,1016
2840,1017
2842,1018
2845,1019
2847,1020
2850,1021
2852,1022
2855,1023
2857,1024
2860,1025
2862,1026
2865,1027
2867,1028
2870,1029
2872,1030
2875,1031
2877,1032
2880,1033
2882,1034
2885,1035
2887,1036
2890,1037
2892,1038
2895,1039
2897,1040
2900,1041
2902,1042
2904,1043
2907,1044
2909,1045
2912,1046
2914,1047
2917,1048
2919,1049
2922,1050
2924,1051
2927,1052
2929,1053
2932,1054
2934,1055
2937,1056
2939,1057
2942,1058
2944,1059
2947,1060
2949,1061
2952,1062
2954,1063
2957,1064
2959,1065
2962,1066
2964,1067
2967,1068
2969,1069
2972,1070
2974,1071
2977,1072
2979,1073
2982,1074
2984,1075
2987,1076
2989,1077
2992,1078
2994,1079
2997,1080
3041,1098
3044,1099
3046,1100
3049,1101
3051,1102
3054,1103
3056,1104
3059,1105
3061,1106
3064,1107
3066,1108
3069,1109
3071,1110
3074,1111
3076,1112
3079,1113
3081,1114
3084,1115
3086,1116
3089,1117
3091,1118
3094,1119
3096,1120
3099,1121
3101,1122
3104,1123
3106,1124
3109,1125
3111,1126
3114,1127
3116,1128
3119,1129
3121,1130
3124,1131
3126,1132
3129,1133
3131,1134
3134,1135
3136,1136
3139,1137
3141,1138
3144,1139
3146,1140
3149,1141
3151,1142
3153,1143
3156,1144
3158,1145
3161,1146
3163,1147
3166,1148
3168,1149
3171,1150
3173,1151
3176,1152
3178,1153
3181,1154
3183,1155
3186,1156
3188,1157
3191,1158
3193,1159
3196,1160
3198,1161
3201,1162
3203,1163
3206,1164
3208,1165
3211,1166
3213,1167
3216,1168
3218,1169
3221,1170
3223,1171
3226,1172
3228,1173
3231,1174
3233,1175
3236,1176
3238,1177
3241,1178
3243,1179
3246,1180
3248,1181
3251,1182
3253,1183
3256,1184
3258,1185
3261,1186
3263,1187
3266,1188
3268,1189
3271,1190
3273,1191
3275,1192
3278,1193
3280,1194
3283,1195
3285,1196
3288,1197
3290,1198
3293,1199
3295,1200
3298,1201
3300,1202
3303,1203
3305,1204
3308,1205
3310,1206
3315,1208
3318,1209
3320,1210
3323,1211
3325,1212
3328,1213
3330,1214
3333,1215
3335,1216
3338,1217
3340,1218
3343,1219
3345,1220
3348,1221
3350,1222
3353,1223
3355,1224
3358,1225
3360,1226
3363,1227
3365,1228
3368,1229
3370,1230
3373,1231
3375,1232
3378,1233
3380,1234
3383,1235
3385,1236
3388,1237
3390,1238
3393,1239
3395,1240
3398,1241
3400,1242
3402,1243
3405,1244
3407,1245
3410,1246
3412,1247
3415,1248
3417,1249
3420,1250
3422,1251
3425,1252
3427,1253
3430,1254
3432,1255
3435,1256
3437,1257
3440,1258
3442,1259
3447,1261
3450,1262
3452,1263
3455,1264
3457,1265
3460,1266
3462,1267
3465,1268
3467,1269
3470,1270
3472,1271
3475,1272
3477,1273
3480,1274
3482,1275
3485,1276
3487,1277
3490,1278
3492,1279
3495,1280
3497,1281
3500,1282
3502,1283
3505,1284
3507,1285
3510,1286
3512,1287
3515,1288
3517,1289
3520,1290
3522,1291
3524,1292
3527,1293
3529,1294
3532,1295
3534,1296
3537,1297
3539,1298
3542,1299
3544,1300
3547,1301
3549,1302
3552,1303
3554,1304
3557,1305
3559,1306
3562,1307
3564,1308
3567,1309
3569,1310
3572,1311
3574,1312
3577,1313
3579,1314
3582,1315
3584,1316
3587,1317
3589,1318
3592,1319
3594,1320
3597,1321
3599,1322
3602,1323
3604,1324
3607,1325
3609,1326
3612,1327
3614,1328
3617,1329
3619,1330
3622,1331
3624,1332
3627,1333
3629,1334
3632,1335
3634,1336
3637,1337
3647,1341
3699,1362
3704,1364
3706,1365
3709,1366
3711,1367
3714,1368
3716,1369
3719,1370
3721,1371
3724,1372
3726,1373
3729,1374
3731,1375
3734,1376
3736,1377
3739,1378
3741,1379
3744,1380
3746,1381
3749,1382
3751,1383
3754,1384
3756,1385
3759,1386
3761,1387
3764,1388
3766,1389
3769,1390
3771,1391
3773,1392
3776,1393
3778,1394
3781,1395
3783,1396
3786,1397
3788,1398
3791,1399
3793,1400
3796,1401
3798,1402
3801,1403
3803,1404
3806,1405
3808,1406
3811,1407
3813,1408
3816,1409
3818,1410
3821,1411
3823,1412
3826,1413
3828,1414
3831,1415
3833,1416
3836,1417
3838,1418
3841,1419
3843,1420
3846,1421
3848,1422
3851,1423
3853,1424
3856,1425
3858,1426
3861,1427
3863,1428
3866,1429
3868,1430
3871,1431
3873,1432
3876,1433
3878,1434
3881,1435
3883,1436
3886,1437
3888,1438
3891,1439
3893,1440
3896,1441
3898,1442
3900,1443
3903,1444
3905,1445
3908,1446
3910,1447
3913,1448
3915,1449
3918,1450
3920,1451
3923,1452
3925,1453
3928,1454
3930,1455
3933,1456
3935,1457
3938,1458
3940,1459
3943,1460
3945,1461
3948,1462
3950,1463
3953,1464
3955,1465
3958,1466
3960,1467
3963,1468
3965,1469
3968,1470
3970,1471
3973,1472
3975,1473
3978,1474
3980,1475
3983,1476
3985,1477
3988,1478
3990,1479
3993,1480
3995,1481
3998,1482
4000,1483
4003,1484
4005,1485
4008,1486
4010,1487
4013,1488
4015,1489
4018,1490
4020,1491
4022,1492
4025,1493
4027,1494
4030,1495
4032,1496
4035,1497
4037,1498
4040,1499
4042,1500
4045,1501
4047,1502
4050,1503
4052,1504
4055,1505
4057,1506
4060,1507
4062,1508
4065,1509
4067,1510
4070,1511
4072,1512
4075,1513
4077,1514
4080,1515
4082,1516
4085,1517
4087,1518
4090,1519
4092,1520
4095,1521
4097,1522
4100,1523
4102,1524
4105,1525
4107,1526
4110,1527
4112,1528
4115,1529
4117,1530
4120,1531
4122,1532
4125,1533
4127,1534
4130,1535
4132,1536
4135,1537
4137,1538
4140,1539
4142,1540
4145,1541
4147,1542
4149,1543
4152,1544
4154,1545
4157,1546
4159,1547
4162,1548
4164,1549
4167,1550
4169,1551
4172,1552
4174,1553
4177,1554
4179,1555
4182,1556
4184,1557
4187,1558
4189,1559
4192,1560
4194,1561
4197,1562
4199,1563
4202,1564
4204,1565
4207,1566
4209,1567
4212,1568
4214,1569
4217,1570
4219,1571
4222,1572
4224,1573
4227,1574
4229,1575
4232,1576
4234,1577
4237,1578
4239,1579
4242,1580
4244,1581
4247,1582
4249,1583
4252,1584
4254,1585
4257,1586
4259,1587
4262,1588
4264,1589
4267,1590
4269,1591
4271,1592
4274,1593
4276,1594
4279,1595
4281,1596
4284,1597
4286,1598
4289,1599
4291,1600
4294,1601
4296,1602
4299,1603
4301,1604
4304,1605
4306,1606
4309,1607
4311,1608
4314,1609
4316,1610
4319,1611
4321,1612
4324,1613
4326,1614
4329,1615
4331,1616
4334,1617
4336,1618
4339,1619
4341,1620
4344,1621
4346,1622
4349,1623
4351,1624
4354,1625
4356,1626
4359,1627
4361,1628
4364,1629
4366,1630
4369,1631
4371,1632
4374,1633
4376,1634
4379,1635
4381,1636
4384,1637
4386,1638
4389,1639
4391,1640
4394,1641
4396,1642
4398,1643
4401,1644
4403,1645
4406,1646
4408,1647
4411,1648
4413,1649
4416,1650
4418,1651
4421,1652
4423,1653
4426,1654
4428,1655
4431,1656
4433,1657
4436,1658
4438,1659
4441,1660
4443,1661
4446,1662
4448,1663
4451,1664
4453,1665
4456,1666
4458,1667
4461,1668
4463,1669
4466,1670
4468,1671
4471,1672
4473,1673
4476,1674
4478,1675
4481,1676
4483,1677
4486,1678
4488,1679
4491,1680
4493,1681
4496,1682
4498,1683
4501,1684
4503,1685
4506,1686
4508,1687
4511,1688
4513,1689
4516,1690
4518,1691
4520,1692
4523,1693
4525,1694
4528,1695
4530,1696
4533,1697
4535,1698
4538,1699
4540,1700
4543,1701
4545,1702
4548,1703
4550,1704
4553,1705
4555,1706
4558,1707
4560,1708
4563,1709
4565,1710
4568,1711
4570,1712
4573,1713
4575,1714
4578,1715
4580,1716
4583,1717
4585,1718
4588,1719
4590,1720
4593,1721
4595,1722
4598,1723
4600,1724
4603,1725
4605,1726
4608,1727
4610,1728
4613,1729
4615,1730
4618,1731
4620,1732
4623,1733
4625,1734
4628,1735
4630,1736
4633,1737
4635,1738
4638,1739
4640,1740
4643,1741
4645,1742
4647,1743
4650,1744
4652,1745
4655,1746
4657,1747
4660,1748
4662,1749
4665,1750
4667,1751
4670,1752
4672,1753
4675,1754
4677,1755
4680,1756
4682,1757
4685,1758
4687,1759
4690,1760
4692,1761
4695,1762
4697,1763
4700,1764
4702,1765
4705,1766
4707,1767
4710,1768
4712,1769
4715,1770
4717,1771
4720,1772
4722,1773
4725,1774
4727,1775
4730,1776
4732,1777
4735,1778
4737,1779
4740,1780
4742,1781
4745,1782
4747,1783
4750,1784
4752,1785
4755,1786
4757,1787
4760,1788
4762,1789
4765,1790
4767,1791
4769,1792
4772,1793
4774,1794
4777,1795
4779,1796
4782,1797
4784,1798
4787,1799
4789,1800
4792,1801
4794,1802
4797,1803
4799,1804
4802,1805
4804,1806
4807,1807
4809,1808
4812,1809
4814,1810
4817,1811
4819,1812
4822,1813
4824,1814
4827,1815
4829,1816
4832,1817
4834,1818
4837,1819
4839,1820
4842,1821
4844,1822
4847,1823
4849,1824
4852,1825
4854,1826
4857,1827
4859,1828
4862,1829
4864,1830
4867,1831
4869,1832
4872,1833
4874,1834
4877,1835
4879,1836
4882,1837
4884,1838
4887,1839
4889,1840
4892,1841
4894,1842
4896,1843
4899,1844
4901,1845
4904,1846
4906,1847
4909,1848
4911,1849
4914,1850
4916,1851
4919,1852
4921,1853
4924,1854
4926,1855
4929,1856
4931,1857
4934,1858
4936,1859
4939,1860
4941,1861
4944,1862
4946,1863
4949,1864
4951,1865
4954,1866
4956,1867
4959,1868
4961,1869
4964,1870
4966,1871
4969,1872
4971,1873
4974,1874
4976,1875
4979,1876
4981,1877
4984,1878
4986,1879
4989,1880
4991,1881
4994,1882
4996,1883
4999,1884
5001,1885
5004,1886
5006,1887
5009,1888
5011,1889
5014,1890
5016,1891
5018,1892
5021,1893
5023,1894
5026,1895
5028,1896
5031,1897
5033,1898
5036,1899
5038,1900
5041,1901
5043,1902
5046,1903
5048,1904
5051,1905
5053,1906
5056,1907
5058,1908
5061,1909
5063,1910
5066,1911
5068,1912
5071,1913
5073,1914
5076,1915
5078,1916
5081,1917
5083,1918
5086,1919
5088,1920
5091,1921
5093,1922
5096,1923
5098,1924
5101,1925
5103,1926
5106,1927
5108,1928
5111,1929
5113,1930
5116,1931
5118,1932
5121,1933
5123,1934
5126,1935
5128,1936
5131,1937
5133,1938
5136,1939
5138,1940
5141,1941
5143,1942
5145,1943
5148,1944
5150,1945
5153,1946
5155,1947
5158,1948
5160,1949
5163,1950
5165,1951
5168,1952
5170,1953
5173,1954
5175,1955
5178,1956
5180,1957
5183,1958
5185,1959
5188,1960
5190,1961
5193,1962
5195,1963
5198,1964
5200,1965
5203,1966
5205,1967
5208,1968
5210,1969
5213,1970
5215,1971
5218,1972
5220,1973
5223,1974
5225,1975
5228,1976
5230,1977
5233,1978
5235,1979
5238,1980
5240,1981
5243,1982
5245,1983
5248,1984
5250,1985
5253,1986
5255,1987
5258,1988
5260,1989
5263,1990
5265,1991
5267,1992
5270,1993
5272,1994
5275,1995
5277,1996
5280,1997
5282,1998
5285,1999
5287,2000
5290,2001
5292,2002
5295,2003
5297,2004
5300,2005
5302,2006
5305,2007
5307,2008
5310,2009
5312,2010
5315,2011
5317,2012
5320,2013
5322,2014
5325,2015
5327,2016
5330,2017
5332,2018
5335,2019
5337,2020
5340,2021
5342,2022
5345,2023
5347,2024
5350,2025
5352,2026
5355,2027
5357,2028
5360,2029
5362,2030
5365,2031
5367,2032
5370,2033
5372,2034
5375,2035
5377,2036
5380,2037
5382,2038
5385,2039
5387,2040
5390,2041
5392,2042
5394,2043
5397,2044
5399,2045
5402,2046
5404,2047
5407,2048
5409,2049
5412,2050
5414,2051
5417,2052
5419,2053
5422,2054
5424,2055
5427,2056
5429,2057
5432,2058
5434,2059
5437,2060
5439,2061
5442,2062
5444,2063
5447,2064
5449,2065
5452,2066
5454,2067
5457,2068
5459,2069
5462,2070
5464,2071
5467,2072
5469,2073
5472,2074
5474,2075
5477,2076
5479,2077
5482,2078
5484,2079
5487,2080
5489,2081
5492,2082
5494,2083
5497,2084
5499,2085
5502,2086
5504,2087
5507,2088
5509,2089
5512,2090
5514,2091
5516,2092
5519,2093
5521,2094
5524,2095
5526,2096
5529,2097
5531,2098
5534,2099
5536,2100
5539,2101
5541,2102
5544,2103
5546,2104
5549,2105
5551,2106
5554,2107
5556,2108
5559,2109
5561,2110
5564,2111
5566,2112
5569,2113
5571,2114
5574,2115
5576,2116
5579,2117
5581,2118
5584,2119
5586,2120
5589,2121
5591,2122
5594,2123
5596,2124
5599,2125
5601,2126
5604,2127
5606,2128
5609,2129
5611,2130
5614,2131
5616,2132
5619,2133
5621,2134
5624,2135
5626,2136
5629,2137
5631,2138
5634,2139
5636,2140
5639,2141
5641,2142
5643,2143
5646,2144
5648,2145
5651,2146
5653,2147
5656,2148
5658,2149
5661,2150
5663,2151
5666,2152
5668,2153
5671,2154
5673,2155
5676,2156
5678,2157
5681,2158
5683,2159
5686,2160
5688,2161
5691,2162
5693,2163
5696,2164
5698,2165
5701,2166
5703,2167
5706,2168
5708,2169
5711,2170
5713,2171
5716,2172
5718,2173
5721,2174
5723,2175
5726,2176
5728,2177
5731,2178
5733,2179
5736,2180
5738,2181
5741,2182
5743,2183
5746,2184
5748,2185
5751,2186
5753,2187
5756,2188
5758,2189
5761,2190
5763,2191
5765,2192
5768,2193
5770,2194
5773,2195
5775,2196
5778,2197
5780,2198
5783,2199
5785,2200
5788,2201
5790,2202
5793,2203
5795,2204
5798,2205
5800,2206
5803,2207
5805,2208
5808,2209
5810,2210
5813,2211
5815,2212
5818,2213
5820,2214
5823,2215
5825,2216
5828,2217
5830,2218
5833,2219
5835,2220
5838,2221
5840,2222
5843,2223
5845,2224
5848,2225
5850,2226
5853,2227
5855,2228
5858,2229
5860,2230
5863,2231
5865,2232
5868,2233
5870,2234
5873,2235
5875,2236
5878,2237
5880,2238
5883,2239
5885,2240
5888,2241
5890,2242
5892,2243
5895,2244
5897,2245
5900,2246
5902,2247
5905,2248
5907,2249
5910,2250
5912,2251
5915,2252
5917,2253
5920,2254
5922,2255
5925,2256
5927,2257
5930,2258
5932,2259
5935,2260
5937,2261
5940,2262
5942,2263
5945,2264
5947,2265
5950,2266
5952,2267
5955,2268
5957,2269
5960,2270
5962,2271
5965,2272
5967,2273
5970,2274
5972,2275
5975,2276
5977,2277
5980,2278
5982,2279
5985,2280
5987,2281
5990,2282
5992,2283
5995,2284
5997,2285
6000,2286
6002,2287
6005,2288
6007,2289
6010,2290
6012,2291
6014,2292
6017,2293
6019,2294
6022,2295
6024,2296
6027,2297
6029,2298
6032,2299
6034,2300
6037,2301
6039,2302
6042,2303
6044,2304
6047,2305
6049,2306
6052,2307
6054,2308
6057,2309
6059,2310
6062,2311
6064,2312
6067,2313
6069,2314
6072,2315
6074,2316
6077,2317
6079,2318
6082,2319
6084,2320
6087,2321
6089,2322
6092,2323
6094,2324
6097,2325
6099,2326
6102,2327
6104,2328
6107,2329
6109,2330
6112,2331
6114,2332
6117,2333
6119,2334
6122,2335
6124,2336
6127,2337
6129,2338
6132,2339
6134,2340
6137,2341
6139,2342
6141,2343
6144,2344
6146,2345
6149,2346
6151,2347
6154,2348
6156,2349
6159,2350
6161,2351
6164,2352
6166,2353
6169,2354
6171,2355
6174,2356
6176,2357
6179,2358
6181,2359
6184,2360
6186,2361
6189,2362
6191,2363
6194,2364
6196,2365
6199,2366
6201,2367
6204,2368
6206,2369
6209,2370
6211,2371
6214,2372
6216,2373
6219,2374
6221,2375
6224,2376
6226,2377
6229,2378
6231,2379
6234,2380
6236,2381
6239,2382
6241,2383
6244,2384
6246,2385
6249,2386
6251,2387
6254,2388
6256,2389
6259,2390
6261,2391
6263,2392
6266,2393
6268,2394
6271,2395
6273,2396
6276,2397
6278,2398
6281,2399
6283,2400
6286,2401
6288,2402
6291,2403
6293,2404
6296,2405
6298,2406
6301,2407
6303,2408
6306,2409
6308,2410
6311,2411
6313,2412
6316,2413
6318,2414
6321,2415
6323,2416
6326,2417
6328,2418
6331,2419
6333,2420
6336,2421
6338,2422
6341,2423
6343,2424
6346,2425
6348,2426
6351,2427
6353,2428
6356,2429
6358,2430
6361,2431
6363,2432
6366,2433
6368,2434
6371,2435
6373,2436
6376,2437
6378,2438
6381,2439
6383,2440
6386,2441
6388,2442
6390,2443
6393,2444
6395,2445
6398,2446
6400,2447
6403,2448
6405,2449
6408,2450
6410,2451
6413,2452
6415,2453
6418,2454
6420,2455
6423,2456
6425,2457
6428,2458
6430,2459
6433,2460
6435,2461
6438,2462
6440,2463
6443,2464
6445,2465
6448,2466
6450,2467
6453,2468
6455,2469
6458,2470
6460,2471
6463,2472
6465,2473
6468,2474
6470,2475
6473,2476
6475,2477
6478,2478
6480,2479
6483,2480
6485,2481
6488,2482
6490,2483
6493,2484
6495,2485
6498,2486
6500,2487
6503,2488
6505,2489
6508,2490
6510,2491
6512,2492
6515,2493
6517,2494
6520,2495
6522,2496
6525,2497
6527,2498
6530,2499
6532,2500
6535,2501
6537,2502
6540,2503
6542,2504
6545,2505
6547,2506
6550,2507
6552,2508
6555,2509
6557,2510
6560,2511
6562,2512
6565,2513
6567,2514
6570,2515
6572,2516
6575,2517
6577,2518
6580,2519
6582,2520
6585,2521
6587,2522
6590,2523
6592,2524
6595,2525
6597,2526
6600,2527
6602,2528
6605,2529
6607,2530
6610,2531
6612,2532
6615,2533
6617,2534
6620,2535
6622,2536
6625,2537
6627,2538
6630,2539
6632,2540
6635,2541
6637,2542
6639,2543
6642,2544
6644,2545
6647,2546
6649,2547
6652,2548
6654,2549
6657,2550
6659,2551
6662,2552
6664,2553
6667,2554
6669,2555
6672,2556
6674,2557
6677,2558
6679,2559
6682,2560
6684,2561
6687,2562
6689,2563
6692,2564
6694,2565
6697,2566
6699,2567
6702,2568
6704,2569
6707,2570
6709,2571
6712,2572
6714,2573
6717,2574
6719,2575
6722,2576
6724,2577
6727,2578
6729,2579
6732,2580
6734,2581
6737,2582
6739,2583
6742,2584
6744,2585
6747,2586
6749,2587
6752,2588
6754,2589
6757,2590
6759,2591
6761,2592
6764,2593
6766,2594
6769,2595
6771,2596
6774,2597
6776,2598
6779,2599
6781,2600
6784,2601
6786,2602
6789,2603
6791,2604
6794,2605
6796,2606
6799,2607
6801,2608
6804,2609
6806,2610
6809,2611
6811,2612
6814,2613
6816,2614
6819,2615
6821,2616
6824,2617
6826,2618
6829,2619
6831,2620
6834,2621
6836,2622
6839,2623
6841,2624
6844,2625
6846,2626
6849,2627
6851,2628
6854,2629
6856,2630
6859,2631
6861,2632
6864,2633
6866,2634
6869,2635
6871,2636
6874,2637
6876,2638
6879,2639
6881,2640
6884,2641
6886,2642
6888,2643
6891,2644
6893,2645
6896,2646
6898,2647
6901,2648
6903,2649
6906,2650
6908,2651
6911,2652
6913,2653
6916,2654
6918,2655
6921,2656
6923,2657
6926,2658
6928,2659
6931,2660
6933,2661
6936,2662
6938,2663
6941,2664
6943,2665
6946,2666
6948,2667
6951,2668
6953,2669
6956,2670
6958,2671
6961,2672
6963,2673
6966,2674
6968,2675
6971,2676
6973,2677
6976,2678
6978,2679
6981,2680
6983,2681
6986,2682
6988,2683
6991,2684
6993,2685
6996,2686
6998,2687
7001,2688
7003,2689
7006,2690
7008,2691
7010,2692
7013,2693
7015,2694
7018,2695
7020,2696
7023,2697
7025,2698
7028,2699
7030,2700
7033,2701
7035,2702
7038,2703
7040,2704
7043,2705
7045,2706
7048,2707
7050,2708
7053,2709
7055,2710
7058,2711
7060,2712
7063,2713
7065,2714
7068,2715
7070,2716
7073,2717
7075,2718
7078,2719
7080,2720
7083,2721
7085,2722
7088,2723
7090,2724
7093,2725
7095,2726
7098,2727
7100,2728
7103,2729
7105,2730
7108,2731
7110,2732
7113,2733
7115,2734
7118,2735
7120,2736
7123,2737
7125,2738
7128,2739
7130,2740
7133,2741
7135,2742
7137,2743
7140,2744
7142,2745
7145,2746
7147,2747
7150,2748
7152,2749
7155,2750
7157,2751
7160,2752
7162,2753
7165,2754
7167,2755
7170,2756
7172,2757
7175,2758
7177,2759
7180,2760
7182,2761
7185,2762
7187,2763
7190,2764
7192,2765
7195,2766
7197,2767
7200,2768
7202,2769
7205,2770
7207,2771
7210,2772
7212,2773
7215,2774
7217,2775
7220,2776
7222,2777
7225,2778
7227,2779
7230,2780
7232,2781
7235,2782
7237,2783
7240,2784
7242,2785
7245,2786
7247,2787
7250,2788
7252,2789
7255,2790
7257,2791
7259,2792
7262,2793
7264,2794
7267,2795
7269,2796
7272,2797
7274,2798
7277,2799
7279,2800
7282,2801
7284,2802
7287,2803
7289,2804
7292,2805
7294,2806
7297,2807
7299,2808
7302,2809
7304,2810
7307,2811
7309,2812
7312,2813
7314,2814
7317,2815
7319,2816
7322,2817
7324,2818
7327,2819
7329,2820
7332,2821
7334,2822
7337,2823
7339,2824
7342,2825
7344,2826
7347,2827
7349,2828
7352,2829
7354,2830
7357,2831
7359,2832
7362,2833
7364,2834
7367,2835
7369,2836
7372,2837
7374,2838
7377,2839
7379,2840
7382,2841
7384,2842
7386,2843
7389,2844
7391,2845
7394,2846
7396,2847
7399,2848
7401,2849
7404,2850
7406,2851
7409,2852
7411,2853
7414,2854
7416,2855
7419,2856
7421,2857
7424,2858
7426,2859
7429,2860
7431,2861
7434,2862
7436,2863
7439,2864
7441,2865
7444,2866
7446,2867
7449,2868
7451,2869
7454,2870
7456,2871
7459,2872
7461,2873
7464,2874
7466,2875
7469,2876
7471,2877
7474,2878
7476,2879
7479,2880
7481,2881
7484,2882
7486,2883
7489,2884
7491,2885
7494,2886
7496,2887
7499,2888
7501,2889
7504,2890
7506,2891
7508,2892
7511,2893
7513,2894
7516,2895
7518,2896
7521,2897
7523,2898
7526,2899
7528,2900
7531,2901
7533,2902
7536,2903
7538,2904
7541,2905
7543,2906
7546,2907
7548,2908
7551,2909
7553,2910
7556,2911
7558,2912
7561,2913
7563,2914
7566,2915
7568,2916
7571,2917
7573,2918
7576,2919
7578,2920
7581,2921
7583,2922
7586,2923
7588,2924
7591,2925
7593,2926
7596,2927
7598,2928
7601,2929
7603,2930
7606,2931
7608,2932
7611,2933
7613,2934
7616,2935
7618,2936
7621,2937
7623,2938
7626,2939
7628,2940
7631,2941
7633,2942
7635,2943
7638,2944
7640,2945
7643,2946
7645,2947
7648,2948
7650,2949
7653,2950
7655,2951
7658,2952
7660,2953
7663,2954
7665,2955
7668,2956
7670,2957
7673,2958
7675,2959
7678,2960
7680,2961
7683,2962
7685,2963
7688,2964
7690,2965
7693,2966
7695,2967
7698,2968
7700,2969
7703,2970
7705,2971
7708,2972
7710,2973
7713,2974
7715,2975
7718,2976
7720,2977
7723,2978
7725,2979
7728,2980
7730,2981
7733,2982
7735,2983
7738,2984
7740,2985
7743,2986
7745,2987
7748,2988
7750,2989
7753,2990
7755,2991
7757,2992
7760,2993
7762,2994
7765,2995
7767,2996
7770,2997
7772,2998
7775,2999
7777,3000
7780,3001
7782,3002
7785,3003
7787,3004
7790,3005
7792,3006
7795,3007
7797,3008
7800,3009
7802,3010
7805,3011
7807,3012
7810,3013
7812,3014
7815,3015
7817,3016
7820,3017
7822,3018
7825,3019
7827,3020
7830,3021
7832,3022
7835,3023
7837,3024
7840,3025
7842,3026
7845,3027
7847,3028
7850,3029
7852,3030
7855,3031
7857,3032
7860,3033
7862,3034
7865,3035
7867,3036
7870,3037
7872,3038
7875,3039
7877,3040
7880,3041
7882,3042
7884,3043
7887,3044
7889,3045
7892,3046
7894,3047
7897,3048
7899,3049
7902,3050
7904,3051
7907,3052
7909,3053
7912,3054
7914,3055
7917,3056
7919,3057
7922,3058
7924,3059
7927,3060
7929,3061
7932,3062
7934,3063
7937,3064
7939,3065
7942,3066
7944,3067
7947,3068
7949,3069
7952,3070
7954,3071
7957,3072
7959,3073
7962,3074
7964,3075
7967,3076
7969,3077
7972,3078
7974,3079
7977,3080
7979,3081
7982,3082
7984,3083
7987,3084
7989,3085
7992,3086
7994,3087
7997,3088
7999,3089
8002,3090
8004,3091
8006,3092
8009,3093
8011,3094
8014,3095
8016,3096
8019,3097
8021,3098
8024,3099
8026,3100
8029,3101
8031,3102
8034,3103
8036,3104
8039,3105
8041,3106
8044,3107
8046,3108
8049,3109
8051,3110
8054,3111
8056,3112
8059,3113
8061,3114
8064,3115
8066,3116
8069,3117
8071,3118
8074,3119
8076,3120
8079,3121
8081,3122
8084,3123
8086,3124
8089,3125
8091,3126
8094,3127
8096,3128
8099,3129
8101,3130
8104,3131
8106,3132
8109,3133
8111,3134
8114,3135
8116,3136
8119,3137
8121,3138
8124,3139
8126,3140
8129,3141
8131,3142
8133,3143
8136,3144
8138,3145
8141,3146
8143,3147
8146,3148
8148,3149
8151,3150
8153,3151
8156,3152
8158,3153
8161,3154
8163,3155
8166,3156
8168,3157
8171,3158
8173,3159
8176,3160
8178,3161
8181,3162
8183,3163
8186,3164
8188,3165
8191,3166
8193,3167
8196,3168
8198,3169
8201,3170
8203,3171
8206,3172
8208,3173
8211,3174
8213,3175
8216,3176
8218,3177
8221,3178
8223,3179
8226,3180
8228,3181
8231,3182
8233,3183
8236,3184
8238,3185
8241,3186
8243,3187
8246,3188
8248,3189
8251,3190
8253,3191
8255,3192
8258,3193
8260,3194
8263,3195
8265,3196
8268,3197
8270,3198
8273,3199
8275,3200
8278,3201
8280,3202
8283,3203
8285,3204
8288,3205
8290,3206
8293,3207
8295,3208
8298,3209
8300,3210
8303,3211
8305,3212
8308,3213
8310,3214
8313,3215
8315,3216
8318,3217
8320,3218
8323,3219
8325,3220
8328,3221
8330,3222
8333,3223
8335,3224
8338,3225
8340,3226
8343,3227
8345,3228
8348,3229
8350,3230
8353,3231
8355,3232
8358,3233
8360,3234
8363,3235
8365,3236
8368,3237
8370,3238
8373,3239
8375,3240
8378,3241
8380,3242
8382,3243
8385,3244
8387,3245
8390,3246
8392,3247
8395,3248
8397,3249
8400,3250
8402,3251
8405,3252
8407,3253
8410,3254
8412,3255
8415,3256
8417,3257
8420,3258
8422,3259
8425,3260
8427,3261
8430,3262
8432,3263
8435,3264
8437,3265
8440,3266
8442,3267
8445,3268
8447,3269
8450,3270
8452,3271
8455,3272
8457,3273
8460,3274
8462,3275
8465,3276
8467,3277
8470,3278
8472,3279
8475,3280
8477,3281
8480,3282
8482,3283
8485,3284
8487,3285
8490,3286
8492,3287
8495,3288
8497,3289
8500,3290
8502,3291
8504,3292
8507,3293
8509,3294
8512,3295
8514,3296
8517,3297
8519,3298
8522,3299
8524,3300
8527,3301
8529,3302
8532,3303
8534,3304
8537,3305
8539,3306
8542,3307
8544,3308
8547,3309
8549,3310
8552,3311
8554,3312
8557,3313
8559,3314
8562,3315
8564,3316
8567,3317
8569,3318
8572,3319
8574,3320
8577,3321
8579,3322
8582,3323
8584,3324
8587,3325
8589,3326
8592,3327
8594,3328
8597,3329
8599,3330
8602,3331
8604,3332
8607,3333
8609,3334
8612,3335
8614,3336
8617,3337
8619,3338
8622,3339
8624,3340
8627,3341
8629,3342
8631,3343
8634,3344
8636,3345
8639,3346
8641,3347
8644,3348
8646,3349
8649,3350
8651,3351
8654,3352
8656,3353
8659,3354
8661,3355
8664,3356
8666,3357
8669,3358
8671,3359
8674,3360
8676,3361
8679,3362
8681,3363
8684,3364
8686,3365
8689,3366
8691,3367
8694,3368
8696,3369
8699,3370
8701,3371
8704,3372
8706,3373
8709,3374
8711,3375
8714,3376
8716,3377
8719,3378
8721,3379
8724,3380
8726,3381
8729,3382
8731,3383
8734,3384
8736,3385
8739,3386
8741,3387
8744,3388
8746,3389
8749,3390
8751,3391
8753,3392
8756,3393
8758,3394
8761,3395
8763,3396
8766,3397
8768,3398
8771,3399
8773,3400
8776,3401
8778,3402
8781,3403
8783,3404
8786,3405
8788,3406
8791,3407
8793,3408
8796,3409
8798,3410
8801,3411
8803,3412
8806,3413
8808,3414
8811,3415
8813,3416
8816,3417
8818,3418
8821,3419
8823,3420
8826,3421
8828,3422
8831,3423
8833,3424
8836,3425
8838,3426
8841,3427
8843,3428
8846,3429
8848,3430
8851,3431
8853,3432
8856,3433
8858,3434
8861,3435
8863,3436
8866,3437
8868,3438
8871,3439
8873,3440
8876,3441
8878,3442
8880,3443
8883,3444
8885,3445
8888,3446
8890,3447
8893,3448
8895,3449
8898,3450
8900,3451
8903,3452
8905,3453
8908,3454
8910,3455
8913,3456
8915,3457
8918,3458
8920,3459
8923,3460
8925,3461
8928,3462
8930,3463
8933,3464
8935,3465
8938,3466
8940,3467
8943,3468
8945,3469
8948,3470
8950,3471
8953,3472
8955,3473
8958,3474
8960,3475
8963,3476
8965,3477
8968,3478
8970,3479
8973,3480
8975,3481
8978,3482
8980,3483
8983,3484
8985,3485
8988,3486
8990,3487
8993,3488
8995,3489
8998,3490
9000,3491
9002,3492
9005,3493
9007,3494
9010,3495
9012,3496
9015,3497
9017,3498
9020,3499
9022,3500
9025,3501
9027,3502
9030,3503
9032,3504
9035,3505
9037,3506
9040,3507
9042,3508
9045,3509
9047,3510
9050,3511
9052,3512
9055,3513
9057,3514
9060,3515
9062,3516
9065,3517
9067,3518
9070,3519
9072,3520
9075,3521
9077,3522
9080,3523
9082,3524
9085,3525
9087,3526
9090,3527
9092,3528
9095,3529
9097,3530
9100,3531
9102,3532
9105,3533
9107,3534
9110,3535
9112,3536
9115,3537
9117,3538
9120,3539
9122,3540
9125,3541
9127,3542
9129,3543
9132,3544
9134,3545
9137,3546
9139,3547
9142,3548
9144,3549
9147,3550
9149,3551
9152,3552
9154,3553
9157,3554
9159,3555
9162,3556
9164,3557
9167,3558
9169,3559
9172,3560
9174,3561
9177,3562
9179,3563
9182,3564
9184,3565
9187,3566
9189,3567
9192,3568
9194,3569
9197,3570
9199,3571
9202,3572
9204,3573
9207,3574
9209,3575
9212,3576
9214,3577
9217,3578
9219,3579
9222,3580
9224,3581
9227,3582
9229,3583
9232,3584
9234,3585
9237,3586
9239,3587
9242,3588
9244,3589
9247,3590
9249,3591
9251,3592
9254,3593
9256,3594
9259,3595
9261,3596
9264,3597
9266,3598
9269,3599
9271,3600
9274,3601
9276,3602
9279,3603
9281,3604
9284,3605
9286,3606
9289,3607
9291,3608
9294,3609
9296,3610
9299,3611
9301,3612
9304,3613
9306,3614
9309,3615
9311,3616
9314,3617
9316,3618
9319,3619
9321,3620
9324,3621
9326,3622
9329,3623
9331,3624
9334,3625
9336,3626
9339,3627
9341,3628
9344,3629
9346,3630
9349,3631
9351,3632
9354,3633
9356,3634
9359,3635
9361,3636
9364,3637
9366,3638
9369,3639
9371,3640
9374,3641
9376,3642
9378,3643
9381,3644
9383,3645
9386,3646
9388,3647
9391,3648
9393,3649
9396,3650
9398,3651
9401,3652
9403,3653
9406,3654
9408,3655
9411,3656
9413,3657
9416,3658
9418,3659
9421,3660
9423,3661
9426,3662
9428,3663
9431,3664
9433,3665
9436,3666
9438,3667
9441,3668
9443,3669
9446,3670
9448,3671
9451,3672
9453,3673
9456,3674
9458,3675
9461,3676
9463,3677
9466,3678
9468,3679
9471,3680
9473,3681
9476,3682
9478,3683
9481,3684
9483,3685
9486,3686
9488,3687
9491,3688
9493,3689
9496,3690
9498,3691
9500,3692
9503,3693
9505,3694
9508,3695
9510,3696
9513,3697
9515,3698
9518,3699
9520,3700
9523,3701
9525,3702
9528,3703
9530,3704
9533,3705
9535,3706
9538,3707
9540,3708
9543,3709
9545,3710
9548,3711
9550,3712
9553,3713
9555,3714
9558,3715
9560,3716
9563,3717
9565,3718
9568,3719
9570,3720
9573,3721
9575,3722
9578,3723
9580,3724
9583,3725
9585,3726
9588,3727
9590,3728
9593,3729
9595,3730
9598,3731
9600,3732
9603,3733
9605,3734
9608,3735
9610,3736
9613,3737
9615,3738
9618,3739
9620,3740
9623,3741
9625,3742
9627,3743
9630,3744
9632,3745
9635,3746
9637,3747
9640,3748
9642,3749
9645,3750
9647,3751
9650,3752
9652,3753
9655,3754
9657,3755
9660,3756
9662,3757
9665,3758
9667,3759
9670,3760
9672,3761
9675,3762
9677,3763
9680,3764
9682,3765
9685,3766
9687,3767
9690,3768
9692,3769
9695,3770
9697,3771
9700,3772
9702,3773
9705,3774
9707,3775
9710,3776
9712,3777
9715,3778
9717,3779
9720,3780
9722,3781
9725,3782
9727,3783
9730,3784
9732,3785
9735,3786
9737,3787
9740,3788
9742,3789
9745,3790
9747,3791
9749,3792
9752,3793
9754,3794
9757,3795
9759,3796
9762,3797
9764,3798
9767,3799
9769,3800
9772,3801
9774,3802
9777,3803
9779,3804
9782,3805
9784,3806
9787,3807
9789,3808
9792,3809
9794,3810
9797,3811
9799,3812
9802,3813
9804,3814
9807,3815
9809,3816
9812,3817
9814,3818
9817,3819
9819,3820
9822,3821
9824,3822
9827,3823
9829,3824
9832,3825
9834,3826
9837,3827
9839,3828
9842,3829
9844,3830
9847,3831
9849,3832
9852,3833
9854,3834
9857,3835
9859,3836
9862,3837
9864,3838
9867,3839
9869,3840
9872,3841
9874,3842
9876,3843
9879,3844
9881,3845
9884,3846
9886,3847
9889,3848
9891,3849
9894,3850
9896,3851
9899,3852
9901,3853
9904,3854
9906,3855
9909,3856
9911,3857
9914,3858
9916,3859
9919,3860
9921,3861
9924,3862
9926,3863
9929,3864
9931,3865
9934,3866
9936,3867
9939,3868
9941,3869
9944,3870
9946,3871
9949,3872
9951,3873
9954,3874
9956,3875
9959,3876
9961,3877
9964,3878
9966,3879
9969,3880
9971,3881
9974,3882
9976,3883
9979,3884
9981,3885
9984,3886
9986,3887
9989,3888
9991,3889
9994,3890
9996,3891
9998,3892
10001,3893
10003,3894
10006,3895
10008,3896
10011,3897
10013,3898
10016,3899
10018,3900
10021,3901
10023,3902
10026,3903
10028,3904
10031,3905
10033,3906
10036,3907
10038,3908
10041,3909
10043,3910
10046,3911
10048,3912
10051,3913
10053,3914
10056,3915
10058,3916
10061,3917
10063,3918
10066,3919
10068,3920
10071,3921
10073,3922
10076,3923
10078,3924
10081,3925
10083,3926
10086,3927
10088,3928
10091,3929
10093,3930
10096,3931
10098,3932
10101,3933
10103,3934
10106,3935
10108,3936
10111,3937
10113,3938
10116,3939
10118,3940
10121,3941
10123,3942
10125,3943
10128,3944
10130,3945
10133,3946
10135,3947
10138,3948
10140,3949
10143,3950
10145,3951
10148,3952
10150,3953
10153,3954
10155,3955
10158,3956
10160,3957
10163,3958
10165,3959
10168,3960
10170,3961
10173,3962
10175,3963
10178,3964
10180,3965
10183,3966
10185,3967
10188,3968
10190,3969
10193,3970
10195,3971
10198,3972
10200,3973
10203,3974
10205,3975
10208,3976
10210,3977
10213,3978
10215,3979
10218,3980
10220,3981
10223,3982
10225,3983
10228,3984
10230,3985
10233,3986
10235,3987
10238,3988
10240,3989
10243,3990
10245,3991
10247,3992
10250,3993
10252,3994
10255,3995
10257,3996
10260,3997
10262,3998
10265,3999
10267,4000
10270,4001
10272,4002
10275,4003
10277,4004
10280,4005
10282,4006
10285,4007
10287,4008
10290,4009
10292,4010
10295,4011
10297,4012
10300,4013
10302,4014
10305,4015
10307,4016
10310,4017
10312,4018
10315,4019
10317,4020
10320,4021
10322,4022
10325,4023
10327,4024
10330,4025
10332,4026
10335,4027
10337,4028
10340,4029
10342,4030
10345,4031
10347,4032
10350,4033
10352,4034
10355,4035
10357,4036
10360,4037
10362,4038
10365,4039
10367,4040
10370,4041
10372,4042
10374,4043
10377,4044
10379,4045
10382,4046
10384,4047
10387,4048
10389,4049
10392,4050
10394,4051
10397,4052
10399,4053
10402,4054
10404,4055
10407,4056
10409,4057
10412,4058
10414,4059
10417,4060
10419,4061
10422,4062
10424,4063
10427,4064
10429,4065
10432,4066
10434,4067
10437,4068
10439,4069
10442,4070
10444,4071
10447,4072
10449,4073
10452,4074
10454,4075
10457,4076
10459,4077
10462,4078
10464,4079
10467,4080
10469,4081
10472,4082
10474,4083
10477,4084
10479,4085
10482,4086
10484,4087
10487,4088
10489,4089
10492,4090
10494,4091
10496,4092
10499,4093
10501,4094
10504,4095
10506,4096
10509,4097
10511,4098
10514,4099
10516,4100
10519,4101
10521,4102
10524,4103
10526,4104
10529,4105
10531,4106
10534,4107
10536,4108
10539,4109
10541,4110
10544,4111
10546,4112
10549,4113
10551,4114
10554,4115
10556,4116
10559,4117
10561,4118
10564,4119
10566,4120
10569,4121
10571,4122
10574,4123
10576,4124
10579,4125
10581,4126
10584,4127
10586,4128
10589,4129
10591,4130
10594,4131
10596,4132
10599,4133
10601,4134
10604,4135
10606,4136
10609,4137
10611,4138
10614,4139
10616,4140
10619,4141
10621,4142
10623,4143
10626,4144
10628,4145
10631,4146
10633,4147
10636,4148
10638,4149
10641,4150
10643,4151
10646,4152
10648,4153
10651,4154
10653,4155
10656,4156
10658,4157
10661,4158
10663,4159
10666,4160
10668,4161
10671,4162
10673,4163
10676,4164
10678,4165
10681,4166
10683,4167
10686,4168
10688,4169
10691,4170
10693,4171
10696,4172
10698,4173
10701,4174
10703,4175
10706,4176
10708,4177
10711,4178
10713,4179
10716,4180
10718,4181
10721,4182
10723,4183
10726,4184
10728,4185
10731,4186
10733,4187
10736,4188
10738,4189
10741,4190
10743,4191
10745,4192
10748,4193
10750,4194
10753,4195
10755,4196
10758,4197
10760,4198
10763,4199
10765,4200
10768,4201
10770,4202
10773,4203
10775,4204
10778,4205
10780,4206
10783,4207
10785,4208
10788,4209
10790,4210
10793,4211
10795,4212
10798,4213
10800,4214
10803,4215
10805,4216
10808,4217
10810,4218
10813,4219
10815,4220
10818,4221
10820,4222
10823,4223
10825,4224
10828,4225
10830,4226
10833,4227
10835,4228
10838,4229
10840,4230
10843,4231
10845,4232
10848,4233
10850,4234
10853,4235
10855,4236
10858,4237
10860,4238
10863,4239
10865,4240
10868,4241
10870,4242
10872,4243
10875,4244
10877,4245
10880,4246
10882,4247
10885,4248
10887,4249
10890,4250
10892,4251
10895,4252
10897,4253
10900,4254
10902,4255
10905,4256
10907,4257
10910,4258
10912,4259
10915,4260
10917,4261
10920,4262
10922,4263
10925,4264
10927,4265
10930,4266
10932,4267
10935,4268
10937,4269
10940,4270
10942,4271
10945,4272
10947,4273
10950,4274
10952,4275
10955,4276
10957,4277
10960,4278
10962,4279
10965,4280
10967,4281
10970,4282
10972,4283
10975,4284
10977,4285
10980,4286
10982,4287
10985,4288
10987,4289
10990,4290
10992,4291
10994,4292
10997,4293
10999,4294
11002,4295
11004,4296
11007,4297
11009,4298
11012,4299
11014,4300
11017,4301
11019,4302
11022,4303
11024,4304
11027,4305
11029,4306
11032,4307
11034,4308
11037,4309
11039,4310
11042,4311
11044,4312
11047,4313
11049,4314
11052,4315
11054,4316
11057,4317
11059,4318
11062,4319
11064,4320
11067,4321
11069,4322
11072,4323
11074,4324
11077,4325
11079,4326
11082,4327
11084,4328
11087,4329
11089,4330
11092,4331
11094,4332
11097,4333
11099,4334
11104,4336
11107,4337
11109,4338
11112,4339
11114,4340
11117,4341
11119,4342
11121,4343
11124,4344
11126,4345
11129,4346
11131,4347
11134,4348
11136,4349
11139,4350
11141,4351
11144,4352
11146,4353
11149,4354
11151,4355
11154,4356
11156,4357
11159,4358
11161,4359
11164,4360
11166,4361
11169,4362
11171,4363
11174,4364
11176,4365
11179,4366
11181,4367
11184,4368
11186,4369
11189,4370
11191,4371
11194,4372
11196,4373
11199,4374
11201,4375
11204,4376
11206,4377
11209,4378
11211,4379
11214,4380
11216,4381
11219,4382
11221,4383
11224,4384
11226,4385
11229,4386
11231,4387
11234,4388
11236,4389
11239,4390
11241,4391
11243,4392
11246,4393
11248,4394
11251,4395
11253,4396
11256,4397
11258,4398
11261,4399
11263,4400
11266,4401
11268,4402
11271,4403
11273,4404
11276,4405
11278,4406
11281,4407
11283,4408
11286,4409
11288,4410
11291,4411
11293,4412
11296,4413
11298,4414
11301,4415
11303,4416
11306,4417
11308,4418
11311,4419
11313,4420
11316,4421
11318,4422
11321,4423
11323,4424
11326,4425
11328,4426
11331,4427
11333,4428
11336,4429
11338,4430
11341,4431
11343,4432
11346,4433
11348,4434
11351,4435
11353,4436
11356,4437
11358,4438
11361,4439
11363,4440
11366,4441
11368,4442
11370,4443
11373,4444
11375,4445
11378,4446
11380,4447
11383,4448
11385,4449
11388,4450
11390,4451
11393,4452
11395,4453
11398,4454
11400,4455
11403,4456
11405,4457
11408,4458
11410,4459
11413,4460
11415,4461
11418,4462
11420,4463
11423,4464
11425,4465
11428,4466
11430,4467
11433,4468
11435,4469
11438,4470
11440,4471
11443,4472
11445,4473
11448,4474
11450,4475
11453,4476
11455,4477
11458,4478
11460,4479
11463,4480
11465,4481
11468,4482
11470,4483
11473,4484
11475,4485
11478,4486
11480,4487
11483,4488
11485,4489
11488,4490
11490,4491
11492,4492
11495,4493
11497,4494
11500,4495
11502,4496
11505,4497
11507,4498
11510,4499
11512,4500
11515,4501
11517,4502
11520,4503
11522,4504
11525,4505
11527,4506
11530,4507
11532,4508
11535,4509
11537,4510
11540,4511
11542,4512
11545,4513
11547,4514
11550,4515
11552,4516
11555,4517
11557,4518
11560,4519
11562,4520
11565,4521
11567,4522
11570,4523
11572,4524
11575,4525
11577,4526
11580,4527
11582,4528
11585,4529
11587,4530
11590,4531
11592,4532
11595,4533
11597,4534
11600,4535
11602,4536
11605,4537
11607,4538
11610,4539
11612,4540
11615,4541
11617,4542
11619,4543
11622,4544
11624,4545
11627,4546
11629,4547
11632,4548
11634,4549
11637,4550
11639,4551
11642,4552
11644,4553
11647,4554
11649,4555
11652,4556
11654,4557
11657,4558
11659,4559
11662,4560
11664,4561
11667,4562
11669,4563
11672,4564
11674,4565
11677,4566
11679,4567
11682,4568
11684,4569
11687,4570
11689,4571
11692,4572
11694,4573
11697,4574
11699,4575
11702,4576
11704,4577
11707,4578
11709,4579
11712,4580
11714,4581
11717,4582
11719,4583
11722,4584
11724,4585
11727,4586
11729,4587
11732,4588
11734,4589
11737,4590
11739,4591
11741,4592
11744,4593
11746,4594
11749,4595
11751,4596
11754,4597
11756,4598
11759,4599
11761,4600
11764,4601
11766,4602
11769,4603
11771,4604
11774,4605
11776,4606
11779,4607
11781,4608
11784,4609
11786,4610
11789,4611
11791,4612
11794,4613
11796,4614
11799,4615
11801,4616
11804,4617
11806,4618
11809,4619
11811,4620
11814,4621
11816,4622
11819,4623
11821,4624
11824,4625
11826,4626
11829,4627
11831,4628
11834,4629
11836,4630
11839,4631
11841,4632
11844,4633
11846,4634
11849,4635
11851,4636
11854,4637
11856,4638
11859,4639
11861,4640
11864,4641
11866,4642
11868,4643
11871,4644
11873,4645
11876,4646
11878,4647
11881,4648
11883,4649
11886,4650
11888,4651
11891,4652
11893,4653
11896,4654
11898,4655
11901,4656
11903,4657
11906,4658
11908,4659
11911,4660
11913,4661
11916,4662
11918,4663
11921,4664
11923,4665
11926,4666
11928,4667
11931,4668
11933,4669
11936,4670
11938,4671
11941,4672
11943,4673
11946,4674
11948,4675
11951,4676
11953,4677
11956,4678
11958,4679
11961,4680
11963,4681
11966,4682
11968,4683
11971,4684
11973,4685
11976,4686
11978,4687
11981,4688
11983,4689
11986,4690
11988,4691
11990,4692
11993,4693
11995,4694
11998,4695
12000,4696
12003,4697
12005,4698
12008,4699
12010,4700
12013,4701
12015,4702
12018,4703
12020,4704
12023,4705
12025,4706
12028,4707
12030,4708
12033,4709
12035,4710
12038,4711
12040,4712
12043,4713
12045,4714
12048,4715
12050,4716
12053,4717
12055,4718
12058,4719
12060,4720
12063,4721
12065,4722
12068,4723
12070,4724
12073,4725
12075,4726
12078,4727
12080,4728
12083,4729
12085,4730
12088,4731
12090,4732
12093,4733
12095,4734
12098,4735
12100,4736
12103,4737
12105,4738
12108,4739
12110,4740
12113,4741
12115,4742
12117,4743
12120,4744
12122,4745
12125,4746
12127,4747
12130,4748
12132,4749
12135,4750
12137,4751
12140,4752
12142,4753
12145,4754
12147,4755
12150,4756
12152,4757
12155,4758
12157,4759
12160,4760
12162,4761
12165,4762
12167,4763
12170,4764
12172,4765
12175,4766
12177,4767
12180,4768
12182,4769
12185,4770
12187,4771
12190,4772
12192,4773
12195,4774
12197,4775
12200,4776
12202,4777
12205,4778
12207,4779
12210,4780
12212,4781
12215,4782
12217,4783
12220,4784
12222,4785
12225,4786
12227,4787
12230,4788
12232,4789
12235,4790
12237,4791
12239,4792
12242,4793
12244,4794
12247,4795
12249,4796
12252,4797
12254,4798
12257,4799
12259,4800
12262,4801
12264,4802
12267,4803
12269,4804
12272,4805
12274,4806
12277,4807
12279,4808
12282,4809
12284,4810
12287,4811
12289,4812
12292,4813
12294,4814
12297,4815
12299,4816
12302,4817
12304,4818
12307,4819
12309,4820
12312,4821
12314,4822
12317,4823
12319,4824
12322,4825
12324,4826
12327,4827
12329,4828
12332,4829
12334,4830
12337,4831
12339,4832
12342,4833
12344,4834
12347,4835
12349,4836
12352,4837
12354,4838
12357,4839
12359,4840
12362,4841
12364,4842
12366,4843
12369,4844
12371,4845
12374,4846
12376,4847
12379,4848
12381,4849
12384,4850
12386,4851
12389,4852
12391,4853
12394,4854
12396,4855
12399,4856
12401,4857
12404,4858
12406,4859
12409,4860
12411,4861
12414,4862
12416,4863
12419,4864
12421,4865
12424,4866
12426,4867
12429,4868
12431,4869
12434,4870
12436,4871
12439,4872
12441,4873
12444,4874
12446,4875
12449,4876
12451,4877
12454,4878
12456,4879
12459,4880
12461,4881
12464,4882
12466,4883
12469,4884
12471,4885
12474,4886
12476,4887
12479,4888
12481,4889
12484,4890
12486,4891
12488,4892
12491,4893
12493,4894
12496,4895
12498,4896
12501,4897
12503,4898
12506,4899
12508,4900
12511,4901
12513,4902
12516,4903
12518,4904
12521,4905
12523,4906
12526,4907
12528,4908
12531,4909
12533,4910
12536,4911
12538,4912
12541,4913
12543,4914
12546,4915
12548,4916
12551,4917
12553,4918
12556,4919
12558,4920
12561,4921
12563,4922
12566,4923
12568,4924
12571,4925
12573,4926
12576,4927
12578,4928
12581,4929
12583,4930
12586,4931
12588,4932
12591,4933
12593,4934
12596,4935
12598,4936
12601,4937
12603,4938
12606,4939
12608,4940
12611,4941
12613,4942
12615,4943
12618,4944
12620,4945
12623,4946
12625,4947
12628,4948
12630,4949
12633,4950
12635,4951
12638,4952
12640,4953
12643,4954
12645,4955
12648,4956
12650,4957
12653,4958
12655,4959
12658,4960
12660,4961
12663,4962
12665,4963
12668,4964
12670,4965
12673,4966
12675,4967
12678,4968
12680,4969
12683,4970
12685,4971
12688,4972
12690,4973
12693,4974
12695,4975
12698,4976
12700,4977
12703,4978
12705,4979
12708,4980
12710,4981
12713,4982
12715,4983
12718,4984
12720,4985
12723,4986
12725,4987
12728,4988
12730,4989
12733,4990
12735,4991
12737,4992
12740,4993
12742,4994
12745,4995
12747,4996
12750,4997
12752,4998
12755,4999
12757,5000
12760,5001
12762,5002
12765,5003
12767,5004
12770,5005
12772,5006
12775,5007
12777,5008
12780,5009
12782,5010
12785,5011
12787,5012
12790,5013
12792,5014
12795,5015
12797,5016
12800,5017
12802,5018
12805,5019
12807,5020
12810,5021
12812,5022
12815,5023
12817,5024
12820,5025
12822,5026
12825,5027
12827,5028
12830,5029
12832,5030
12835,5031
12837,5032
12840,5033
12842,5034
12845,5035
12847,5036
12850,5037
12852,5038
12855,5039
12857,5040
12860,5041
12862,5042
12864,5043
12867,5044
12869,5045
12872,5046
12874,5047
12877,5048
12879,5049
12882,5050
12884,5051
12887,5052
12889,5053
12892,5054
12894,5055
12897,5056
12899,5057
12902,5058
12904,5059
12907,5060
12909,5061
12912,5062
12914,5063
12917,5064
12919,5065
12922,5066
12924,5067
12927,5068
12929,5069
12932,5070
12934,5071
12937,5072
12939,5073
12942,5074
12944,5075
12947,5076
12949,5077
12952,5078
12954,5079
12957,5080
12959,5081
12962,5082
12964,5083
12967,5084
12969,5085
12972,5086
12974,5087
12977,5088
12979,5089
12982,5090
12984,5091
12986,5092
12989,5093
12991,5094
12994,5095
12996,5096
12999,5097
13001,5098
13004,5099
13006,5100
13009,5101
13011,5102
13014,5103
13016,5104
13019,5105
13021,5106
13024,5107
13026,5108
13029,5109
13031,5110
13034,5111
13036,5112
13039,5113
13041,5114
13044,5115
13046,5116
13049,5117
13051,5118
13054,5119
13056,5120
13059,5121
13061,5122
13064,5123
13066,5124
13069,5125
13071,5126
13074,5127
13076,5128
13079,5129
13081,5130
13084,5131
13086,5132
13089,5133
13091,5134
13094,5135
13096,5136
13099,5137
13101,5138
13104,5139
13106,5140
13109,5141
13111,5142
13113,5143
13116,5144
13118,5145
13121,5146
13123,5147
13126,5148
13128,5149
13131,5150
13133,5151
13136,5152
13138,5153
13141,5154
13143,5155
13146,5156
13148,5157
13151,5158
13153,5159
13156,5160
13158,5161
13161,5162
13163,5163
13166,5164
13168,5165
13171,5166
13173,5167
13176,5168
13178,5169
13181,5170
13183,5171
13186,5172
13188,5173
13191,5174
13193,5175
13196,5176
13198,5177
13201,5178
13203,5179
13206,5180
13208,5181
13211,5182
13213,5183
13216,5184
13218,5185
13221,5186
13223,5187
13226,5188
13228,5189
13231,5190
13233,5191
13235,5192
13238,5193
13240,5194
13243,5195
13245,5196
13248,5197
13250,5198
13253,5199
13255,5200
13258,5201
13260,5202
13263,5203
13265,5204
13268,5205
13270,5206
13273,5207
13275,5208
13278,5209
13280,5210
13283,5211
13285,5212
13288,5213
13290,5214
13293,5215
13295,5216
13298,5217
13300,5218
13303,5219
13305,5220
13308,5221
13310,5222
13313,5223
13315,5224
13318,5225
13320,5226
13323,5227
13325,5228
13328,5229
13330,5230
13333,5231
13335,5232
13338,5233
13340,5234
13343,5235
13345,5236
13348,5237
13350,5238
13353,5239
13355,5240
13358,5241
13360,5242
13362,5243
13365,5244
13367,5245
13370,5246
13372,5247
13375,5248
13377,5249
13380,5250
13382,5251
13385,5252
13387,5253
13390,5254
13392,5255
13395,5256
13397,5257
13400,5258
13402,5259
13405,5260
13407,5261
13410,5262
13412,5263
13415,5264
13417,5265
13420,5266
13422,5267
13425,5268
13427,5269
13430,5270
13432,5271
13435,5272
13437,5273
13440,5274
13442,5275
13445,5276
13447,5277
13450,5278
13452,5279
13455,5280
13457,5281
13460,5282
13462,5283
13465,5284
13467,5285
13470,5286
13472,5287
13475,5288
13477,5289
13480,5290
13482,5291
13484,5292
13487,5293
13489,5294
13492,5295
13494,5296
13497,5297
13499,5298
13502,5299
13504,5300
13507,5301
13509,5302
13512,5303
13514,5304
13517,5305
13519,5306
13522,5307
13524,5308
13527,5309
13529,5310
13532,5311
13534,5312
13537,5313
13539,5314
13542,5315
13544,5316
13547,5317
13549,5318
13552,5319
13554,5320
13557,5321
13559,5322
13562,5323
13564,5324
13567,5325
13569,5326
13572,5327
13574,5328
13577,5329
13579,5330
13582,5331
13584,5332
13587,5333
13589,5334
13592,5335
13594,5336
13597,5337
13599,5338
13602,5339
13604,5340
13607,5341
13609,5342
13611,5343
13614,5344
13616,5345
13619,5346
13621,5347
13624,5348
13626,5349
13629,5350
13631,5351
13634,5352
13636,5353
13639,5354
13641,5355
13644,5356
13646,5357
13649,5358
13651,5359
13654,5360
13656,5361
13659,5362
13661,5363
13664,5364
13666,5365
13669,5366
13671,5367
13674,5368
13676,5369
13679,5370
13681,5371
13684,5372
13686,5373
13689,5374
13691,5375
13694,5376
13696,5377
13699,5378
13701,5379
13704,5380
13706,5381
13709,5382
13711,5383
13714,5384
13716,5385
13719,5386
13721,5387
13724,5388
13726,5389
13729,5390
13731,5391
13733,5392
13736,5393
13738,5394
13741,5395
13743,5396
13746,5397
13748,5398
13751,5399
13753,5400
13756,5401
13758,5402
13761,5403
13763,5404
13766,5405
13768,5406
13771,5407
13773,5408
13776,5409
13778,5410
13781,5411
13783,5412
13786,5413
13788,5414
13791,5415
13793,5416
13796,5417
13798,5418
13801,5419
13803,5420
13806,5421
13808,5422
13811,5423
13813,5424
13816,5425
13818,5426
13821,5427
13823,5428
13826,5429
13828,5430
13831,5431
13833,5432
13836,5433
13838,5434
13841,5435
13843,5436
13846,5437
13848,5438
13851,5439
13853,5440
13856,5441
13858,5442
13860,5443
13863,5444
13865,5445
13868,5446
13870,5447
13873,5448
13875,5449
13878,5450
13880,5451
13883,5452
13885,5453
13888,5454
13890,5455
13893,5456
13895,5457
13898,5458
13900,5459
13903,5460
13905,5461
13908,5462
13910,5463
13913,5464
13915,5465
13918,5466
13920,5467
13923,5468
13925,5469
13928,5470
13930,5471
13933,5472
13935,5473
13938,5474
13940,5475
13943,5476
13945,5477
13948,5478
13950,5479
13953,5480
13955,5481
13958,5482
13960,5483
13963,5484
13965,5485
13968,5486
13970,5487
13973,5488
13975,5489
13978,5490
13980,5491
13982,5492
13985,5493
13987,5494
13990,5495
13992,5496
13995,5497
13997,5498
14000,5499
14002,5500
14005,5501
14007,5502
14010,5503
14012,5504
14015,5505
14017,5506
14020,5507
14022,5508
14025,5509
14027,5510
14030,5511
14032,5512
14035,5513
14037,5514
14040,5515
14042,5516
14045,5517
14047,5518
14050,5519
14052,5520
14055,5521
14057,5522
14060,5523
14062,5524
14065,5525
14067,5526
14070,5527
14072,5528
14075,5529
14077,5530
14080,5531
14082,5532
14085,5533
14087,5534
14090,5535
14092,5536
14095,5537
14097,5538
14100,5539
14102,5540
14105,5541
14107,5542
14109,5543
14112,5544
14114,5545
14117,5546
14119,5547
14122,5548
14124,5549
14127,5550
14129,5551
14132,5552
14134,5553
14137,5554
14139,5555
14142,5556
14144,5557
14147,5558
14149,5559
14152,5560
14154,5561
14157,5562
14159,5563
14162,5564
14164,5565
14167,5566
14169,5567
14172,5568
14174,5569
14177,5570
14179,5571
14182,5572
14184,5573
14187,5574
14189,5575
14192,5576
14194,5577
14197,5578
14199,5579
14202,5580
14204,5581
14207,5582
14209,5583
14212,5584
14214,5585
14217,5586
14219,5587
14222,5588
14224,5589
14227,5590
14229,5591
14231,5592
14234,5593
14236,5594
14239,5595
14241,5596
14244,5597
14246,5598
14249,5599
14251,5600
14254,5601
14256,5602
14259,5603
14261,5604
14264,5605
14266,5606
14269,5607
14271,5608
14274,5609
14276,5610
14279,5611
14281,5612
14284,5613
14286,5614
14289,5615
14291,5616
14294,5617
14296,5618
14299,5619
14301,5620
14304,5621
14306,5622
14309,5623
14311,5624
14314,5625
14316,5626
14319,5627
14321,5628
14324,5629
14326,5630
14329,5631
14331,5632
14334,5633
14336,5634
14339,5635
14341,5636
14344,5637
14346,5638
14349,5639
14351,5640
14354,5641
14356,5642
14358,5643
14361,5644
14363,5645
14366,5646
14368,5647
14371,5648
14373,5649
14376,5650
14378,5651
14381,5652
14383,5653
14386,5654
14388,5655
14391,5656
14393,5657
14396,5658
14398,5659
14401,5660
14403,5661
14406,5662
14408,5663
14411,5664
14413,5665
14416,5666
14418,5667
14421,5668
14423,5669
14426,5670
14428,5671
14431,5672
14433,5673
14436,5674
14438,5675
14441,5676
14443,5677
14446,5678
14448,5679
14451,5680
14453,5681
14456,5682
14458,5683
14461,5684
14463,5685
14466,5686
14468,5687
14471,5688
14473,5689
14476,5690
14478,5691
14480,5692
14483,5693
14485,5694
14488,5695
14490,5696
14493,5697
14495,5698
14498,5699
14500,5700
14503,5701
14505,5702
14508,5703
14510,5704
14513,5705
14515,5706
14518,5707
14520,5708
14523,5709
14525,5710
14528,5711
14530,5712
14533,5713
14535,5714
14538,5715
14540,5716
14543,5717
14545,5718
14548,5719
14550,5720
14553,5721
14555,5722
14558,5723
14560,5724
14563,5725
14565,5726
14568,5727
14570,5728
14573,5729
14575,5730
14578,5731
14580,5732
14583,5733
14585,5734
14588,5735
14590,5736
14593,5737
14595,5738
14598,5739
14600,5740
14603,5741
14605,5742
14607,5743
14610,5744
14612,5745
14615,5746
14617,5747
14620,5748
14622,5749
14625,5750
14627,5751
14630,5752
14632,5753
14635,5754
14637,5755
14640,5756
14642,5757
14645,5758
14647,5759
14650,5760
14652,5761
14655,5762
14657,5763
14660,5764
14662,5765
14665,5766
14667,5767
14670,5768
14672,5769
14675,5770
14677,5771
14680,5772
14682,5773
14685,5774
14687,5775
14690,5776
14692,5777
14695,5778
14697,5779
14700,5780
14702,5781
14705,5782
14707,5783
14710,5784
14712,5785
14715,5786
14717,5787
14720,5788
14722,5789
14725,5790
14727,5791
14729,5792
14732,5793
14734,5794
14737,5795
14739,5796
14742,5797
14744,5798
14747,5799
14749,5800
14752,5801
14754,5802
14757,5803
14759,5804
14762,5805
14764,5806
14767,5807
14769,5808
14772,5809
14774,5810
14777,5811
14779,5812
14782,5813
14784,5814
14787,5815
14789,5816
14792,5817
14794,5818
14797,5819
14799,5820
14802,5821
14804,5822
14807,5823
14809,5824
14812,5825
14814,5826
14817,5827
14819,5828
14822,5829
14824,5830
14827,5831
14829,5832
14832,5833
14834,5834
14837,5835
14839,5836
14842,5837
14844,5838
14847,5839
14849,5840
14852,5841
14854,5842
14856,5843
14859,5844
14861,5845
14864,5846
14866,5847
14869,5848
14871,5849
14874,5850
14876,5851
14879,5852
14881,5853
14884,5854
14886,5855
14889,5856
14891,5857
14894,5858
14896,5859
14899,5860
14901,5861
14904,5862
14906,5863
14909,5864
14911,5865
14914,5866
14916,5867
14919,5868
14921,5869
14924,5870
14926,5871
14929,5872
14931,5873
14934,5874
14936,5875
14939,5876
14941,5877
14944,5878
14946,5879
14949,5880
14951,5881
14954,5882
14956,5883
14959,5884
14961,5885
14964,5886
14966,5887
14969,5888
14971,5889
14974,5890
14976,5891
14978,5892
14981,5893
14983,5894
14986,5895
14988,5896
14991,5897
14993,5898
14996,5899
14998,5900
15001,5901
15003,5902
15006,5903
15008,5904
15011,5905
15013,5906
15016,5907
15018,5908
15021,5909
15023,5910
15026,5911
15028,5912
15031,5913
15033,5914
15036,5915
15038,5916
15041,5917
15043,5918
15046,5919
15048,5920
15051,5921
15053,5922
15056,5923
15058,5924
15061,5925
15063,5926
15066,5927
15068,5928
15071,5929
15073,5930
15076,5931
15078,5932
15081,5933
15083,5934
15086,5935
15088,5936
15091,5937
15093,5938
15096,5939
15098,5940
15101,5941
15103,5942
15105,5943
15108,5944
15110,5945
15113,5946
15115,5947
15118,5948
15120,5949
15123,5950
15125,5951
15128,5952
15130,5953
15133,5954
15135,5955
15138,5956
15140,5957
15143,5958
15145,5959
15148,5960
15150,5961
15153,5962
15155,5963
15158,5964
15160,5965
15163,5966
15165,5967
15168,5968
15170,5969
15173,5970
15175,5971
15178,5972
15180,5973
15183,5974
15185,5975
15188,5976
15190,5977
15193,5978
15195,5979
15198,5980
15200,5981
15203,5982
15205,5983
15208,5984
15210,5985
15213,5986
15215,5987
15218,5988
15220,5989
15223,5990
15225,5991
15227,5992
15230,5993
15232,5994
15235,5995
15237,5996
15240,5997
15242,5998
15245,5999
15247,6000
15250,6001
15252,6002
15255,6003
15257,6004
15260,6005
15262,6006
15265,6007
15267,6008
15270,6009
15272,6010
15275,6011
15277,6012
15280,6013
15282,6014
15285,6015
15287,6016
15290,6017
15292,6018
15295,6019
15297,6020
15300,6021
15302,6022
15305,6023
15307,6024
15310,6025
15312,6026
15315,6027
15317,6028
15320,6029
15322,6030
15325,6031
15327,6032
15330,6033
15332,6034
15335,6035
15337,6036
15340,6037
15342,6038
15345,6039
15347,6040
15350,6041
15352,6042
15354,6043
15357,6044
15359,6045
15362,6046
15364,6047
15367,6048
15369,6049
15372,6050
15374,6051
15377,6052
15379,6053
15382,6054
15384,6055
15387,6056
15389,6057
15392,6058
15394,6059
15397,6060
15399,6061
15402,6062
15404,6063
15407,6064
15409,6065
15412,6066
15414,6067
15417,6068
15419,6069
15422,6070
15424,6071
15427,6072
15429,6073
15432,6074
15434,6075
15437,6076
15439,6077
15442,6078
15444,6079
15447,6080
15449,6081
15452,6082
15454,6083
15457,6084
15459,6085
15462,6086
15464,6087
15467,6088
15469,6089
15472,6090
15474,6091
15476,6092
15479,6093
15481,6094
15484,6095
15486,6096
15489,6097
15491,6098
15494,6099
15496,6100
15499,6101
15501,6102
15504,6103
15506,6104
15509,6105
15511,6106
15514,6107
15516,6108
15519,6109
15521,6110
15524,6111
15526,6112
15529,6113
15531,6114
15534,6115
15536,6116
15539,6117
15541,6118
15544,6119
15546,6120
15549,6121
15551,6122
15554,6123
15556,6124
15559,6125
15561,6126
15564,6127
15566,6128
15569,6129
15571,6130
15574,6131
15576,6132
15579,6133
15581,6134
15584,6135
15586,6136
15589,6137
15591,6138
15594,6139
15596,6140
15599,6141
15601,6142
15603,6143
15606,6144
15608,6145
15611,6146
15613,6147
15616,6148
15618,6149
15621,6150
15623,6151
15626,6152
15628,6153
15631,6154
15633,6155
15636,6156
15638,6157
15641,6158
15643,6159
15646,6160
15648,6161
15651,6162
15653,6163
15656,6164
15658,6165
15661,6166
15663,6167
15666,6168
15668,6169
15671,6170
15673,6171
15676,6172
15678,6173
15681,6174
15683,6175
15686,6176
15688,6177
15691,6178
15693,6179
15696,6180
15698,6181
15701,6182
15703,6183
15706,6184
15708,6185
15711,6186
15713,6187
15716,6188
15718,6189
15721,6190
15723,6191
15725,6192
15728,6193
15730,6194
15733,6195
15735,6196
15738,6197
15740,6198
15743,6199
15745,6200
15748,6201
15750,6202
15753,6203
15755,6204
15758,6205
15760,6206
15763,6207
15765,6208
15768,6209
15770,6210
15773,6211
15775,6212
15778,6213
15780,6214
15783,6215
15785,6216
15788,6217
15790,6218
15793,6219
15795,6220
15798,6221
15800,6222
15803,6223
15805,6224
15808,6225
15810,6226
15813,6227
15815,6228
15818,6229
15820,6230
15823,6231
15825,6232
15828,6233
15830,6234
15833,6235
15835,6236
15838,6237
15840,6238
15843,6239
15845,6240
15848,6241
15850,6242
15852,6243
15855,6244
15857,6245
15860,6246
15862,6247
15865,6248
15867,6249
15870,6250
15872,6251
15875,6252
15877,6253
15880,6254
15882,6255
15885,6256
15887,6257
15890,6258
15892,6259
15895,6260
15897,6261
15900,6262
15902,6263
15905,6264
15907,6265
15910,6266
15912,6267
15915,6268
15917,6269
15920,6270
15922,6271
15925,6272
15927,6273
15930,6274
15932,6275
15935,6276
15937,6277
15940,6278
15942,6279
15945,6280
15947,6281
15950,6282
15952,6283
15955,6284
15957,6285
15960,6286
15962,6287
15965,6288
15967,6289
15970,6290
15972,6291
15974,6292
15977,6293
15979,6294
15982,6295
15984,6296
15987,6297
15989,6298
15992,6299
15994,6300
15997,6301
15999,6302
16002,6303
16004,6304
16007,6305
16009,6306
16012,6307
16014,6308
16017,6309
16019,6310
16022,6311
16024,6312
16027,6313
16029,6314
16032,6315
16034,6316
16037,6317
16039,6318
16042,6319
16044,6320
16047,6321
16049,6322
16052,6323
16054,6324
16057,6325
16059,6326
16062,6327
16064,6328
16067,6329
16069,6330
16072,6331
16074,6332
16077,6333
16079,6334
16082,6335
16084,6336
16087,6337
16089,6338
16092,6339
16094,6340
16097,6341
16099,6342
16101,6343
16104,6344
16106,6345
16109,6346
16111,6347
16114,6348
16116,6349
16119,6350
16121,6351
16124,6352
16126,6353
16129,6354
16131,6355
16134,6356
16136,6357
16139,6358
16141,6359
16144,6360
16146,6361
16149,6362
16151,6363
16154,6364
16156,6365
16159,6366
16161,6367
16164,6368
16166,6369
16169,6370
16171,6371
16174,6372
16176,6373
16179,6374
16181,6375
16184,6376
16186,6377
16189,6378
16191,6379
16194,6380
16196,6381
16199,6382
16201,6383
16204,6384
16206,6385
16209,6386
16211,6387
16214,6388
16216,6389
16219,6390
16221,6391
16223,6392
16226,6393
16228,6394
16231,6395
16233,6396
16236,6397
16238,6398
16241,6399
16243,6400
16246,6401
16248,6402
16251,6403
16253,6404
16256,6405
16258,6406
16261,6407
16263,6408
16266,6409
16268,6410
16271,6411
16273,6412
16276,6413
16278,6414
16281,6415
16283,6416
16286,6417
16288,6418
16291,6419
16293,6420
16296,6421
16298,6422
16301,6423
16303,6424
16306,6425
16308,6426
16311,6427
16313,6428
16316,6429
16318,6430
16321,6431
16323,6432
16326,6433
16328,6434
16331,6435
16333,6436
16336,6437
16338,6438
16341,6439
16343,6440
16346,6441
16348,6442
16350,6443
16353,6444
16355,6445
16358,6446
16360,6447
16363,6448
16365,6449
16368,6450
16370,6451
16373,6452
16375,6453
16378,6454
16380,6455
16383,6456
16385,6457
16388,6458
16390,6459
16393,6460
16395,6461
16398,6462
16400,6463
16403,6464
16405,6465
16408,6466
16410,6467
16413,6468
16415,6469
16418,6470
16420,6471
16423,6472
16425,6473
16428,6474
16430,6475
16433,6476
16435,6477
16438,6478
16440,6479
16443,6480
16445,6481
16448,6482
16450,6483
16453,6484
16455,6485
16458,6486
16460,6487
16463,6488
16465,6489
16468,6490
16470,6491
16472,6492
16475,6493
16477,6494
16480,6495
16482,6496
16485,6497
16487,6498
16490,6499
16492,6500
16495,6501
16497,6502
16500,6503
16502,6504
16505,6505
16507,6506
16510,6507
16512,6508
16515,6509
16517,6510
16520,6511
16522,6512
16525,6513
16527,6514
16530,6515
16532,6516
16535,6517
16537,6518
16540,6519
16542,6520
16545,6521
16547,6522
16550,6523
16552,6524
16555,6525
16557,6526
16560,6527
16562,6528
16565,6529
16567,6530
16570,6531
16572,6532
16575,6533
16577,6534
16580,6535
16582,6536
16585,6537
16587,6538
16590,6539
16592,6540
16595,6541
16597,6542
16599,6543
16602,6544
16604,6545
16607,6546
16609,6547
16612,6548
16614,6549
16617,6550
16619,6551
16622,6552
16624,6553
16627,6554
16629,6555
16632,6556
16634,6557
16637,6558
16639,6559
16642,6560
16644,6561
16647,6562
16649,6563
16652,6564
16654,6565
16657,6566
16659,6567
16662,6568
16664,6569
16667,6570
16669,6571
16672,6572
16674,6573
16677,6574
16679,6575
16682,6576
16684,6577
16687,6578
16689,6579
16692,6580
16694,6581
16697,6582
16699,6583
16702,6584
16704,6585
16707,6586
16709,6587
16712,6588
16714,6589
16717,6590
16719,6591
16721,6592
16724,6593
16726,6594
16729,6595
16731,6596
16734,6597
16736,6598
16739,6599
16741,6600
16744,6601
16746,6602
16749,6603
16751,6604
16754,6605
16756,6606
16759,6607
16761,6608
16764,6609
16766,6610
16769,6611
16771,6612
16774,6613
16776,6614
16779,6615
16781,6616
16784,6617
16786,6618
16789,6619
16791,6620
16794,6621
16796,6622
16799,6623
16801,6624
16804,6625
16806,6626
16809,6627
16811,6628
16814,6629
16816,6630
16819,6631
16821,6632
16824,6633
16826,6634
16829,6635
16831,6636
16834,6637
16836,6638
16839,6639
16841,6640
16844,6641
16846,6642
16848,6643
16851,6644
16853,6645
16856,6646
16858,6647
16861,6648
16863,6649
16866,6650
16868,6651
16871,6652
16873,6653
16876,6654
16878,6655
16881,6656
16883,6657
16886,6658
16888,6659
16891,6660
16893,6661
16896,6662
16898,6663
16901,6664
16903,6665
16906,6666
16908,6667
16911,6668
16913,6669
16916,6670
16918,6671
16921,6672
16923,6673
16926,6674
16928,6675
16931,6676
16933,6677
16936,6678
16938,6679
16941,6680
16943,6681
16946,6682
16948,6683
16951,6684
16953,6685
16956,6686
16958,6687
16961,6688
16963,6689
16966,6690
16968,6691
16970,6692
16973,6693
16975,6694
16978,6695
16980,6696
16983,6697
16985,6698
16988,6699
16990,6700
16993,6701
16995,6702
16998,6703
17000,6704
17003,6705
17005,6706
17008,6707
17010,6708
17013,6709
17015,6710
17018,6711
17020,6712
17023,6713
17025,6714
17028,6715
17030,6716
17033,6717
17035,6718
17038,6719
17040,6720
17043,6721
17045,6722
17048,6723
17050,6724
17053,6725
17055,6726
17058,6727
17060,6728
17063,6729
17065,6730
17068,6731
17070,6732
17073,6733
17075,6734
17078,6735
17080,6736
17083,6737
17085,6738
17088,6739
17090,6740
17093,6741
17095,6742
17097,6743
17100,6744
17102,6745
17105,6746
17107,6747
17110,6748
17112,6749
17115,6750
17117,6751
17120,6752
17122,6753
17125,6754
17127,6755
17130,6756
17132,6757
17135,6758
17137,6759
17140,6760
17142,6761
17145,6762
17147,6763
17150,6764
17152,6765
17155,6766
17157,6767
17160,6768
17162,6769
17165,6770
17167,6771
17170,6772
17172,6773
17175,6774
17177,6775
17180,6776
17182,6777
17185,6778
17187,6779
17190,6780
17192,6781
17195,6782
17197,6783
17200,6784
17202,6785
17205,6786
17207,6787
17210,6788
17212,6789
17215,6790
17217,6791
17219,6792
17222,6793
17224,6794
17227,6795
17229,6796
17232,6797
17234,6798
17237,6799
17239,6800
17242,6801
17244,6802
17247,6803
17249,6804
17252,6805
17254,6806
17257,6807
17259,6808
17262,6809
17264,6810
17267,6811
17269,6812
17272,6813
17274,6814
17277,6815
17279,6816
17282,6817
17284,6818
17287,6819
17289,6820
17292,6821
17294,6822
17297,6823
17299,6824
17302,6825
17304,6826
17307,6827
17309,6828
17312,6829
17314,6830
17317,6831
17319,6832
17322,6833
17324,6834
17327,6835
17329,6836
17332,6837
17334,6838
17337,6839
17339,6840
17342,6841
17344,6842
17346,6843
17349,6844
17351,6845
17354,6846
17356,6847
17359,6848
17361,6849
17364,6850
17366,6851
17369,6852
17371,6853
17374,6854
17376,6855
17379,6856
17381,6857
17384,6858
17386,6859
17389,6860
17391,6861
17394,6862
17396,6863
17399,6864
17401,6865
17404,6866
17406,6867
17409,6868
17411,6869
17414,6870
17416,6871
17419,6872
17421,6873
17424,6874
17426,6875
17429,6876
17431,6877
17434,6878
17436,6879
17439,6880
17441,6881
17444,6882
17446,6883
17449,6884
17451,6885
17454,6886
17456,6887
17459,6888
17461,6889
17464,6890
17466,6891
17468,6892
17471,6893
17473,6894
17476,6895
17478,6896
17481,6897
17483,6898
17486,6899
17488,6900
17491,6901
17493,6902
17496,6903
17498,6904
17501,6905
17503,6906
17506,6907
17508,6908
17511,6909
17513,6910
17516,6911
17518,6912
17521,6913
17523,6914
17526,6915
17528,6916
17531,6917
17533,6918
17536,6919
17538,6920
17541,6921
17543,6922
17546,6923
17548,6924
17551,6925
17553,6926
17556,6927
17558,6928
17561,6929
17563,6930
17566,6931
17568,6932
17571,6933
17573,6934
17576,6935
17578,6936
17581,6937
17583,6938
17586,6939
17588,6940
17591,6941
17593,6942
17595,6943
17598,6944
17600,6945
17603,6946
17605,6947
17608,6948
17610,6949
17613,6950
17615,6951
17618,6952
17620,6953
17623,6954
17625,6955
17628,6956
17630,6957
17633,6958
17635,6959
17638,6960
17640,6961
17643,6962
17645,6963
17648,6964
17650,6965
17653,6966
17655,6967
17658,6968
17660,6969
17663,6970
17665,6971
17668,6972
17670,6973
17673,6974
17675,6975
17678,6976
17680,6977
17683,6978
17685,6979
17688,6980
17690,6981
17693,6982
17695,6983
17698,6984
17700,6985
17703,6986
17705,6987
17708,6988
17710,6989
17713,6990
17715,6991
17717,6992
17720,6993
17722,6994
17725,6995
17727,6996
17730,6997
17732,6998
17735,6999
17737,7000
17740,7001
17742,7002
17745,7003
17747,7004
17750,7005
17752,7006
17755,7007
17757,7008
17760,7009
17762,7010
17765,7011
17767,7012
17770,7013
17772,7014
17775,7015
17777,7016
17780,7017
17782,7018
17785,7019
17787,7020
17790,7021
17792,7022
17795,7023
17797,7024
17800,7025
17802,7026
17805,7027
17807,7028
17810,7029
17812,7030
17815,7031
17817,7032
17820,7033
17822,7034
17825,7035
17827,7036
17830,7037
17832,7038
17835,7039
17837,7040
17840,7041
17842,7042
17844,7043
17847,7044
17849,7045
17852,7046
17854,7047
17857,7048
17859,7049
17862,7050
17864,7051
17867,7052
17869,7053
17872,7054
17874,7055
17877,7056
17879,7057
17882,7058
17884,7059
17887,7060
17889,7061
17892,7062
17894,7063
17897,7064
17899,7065
17902,7066
17904,7067
17907,7068
17909,7069
17912,7070
17914,7071
17917,7072
17919,7073
17922,7074
17924,7075
17927,7076
17929,7077
17932,7078
17934,7079
17937,7080
17939,7081
17942,7082
17944,7083
17947,7084
17949,7085
17952,7086
17954,7087
17957,7088
17959,7089
17962,7090
17964,7091
17966,7092
17969,7093
17971,7094
17974,7095
17976,7096
17979,7097
17981,7098
17984,7099
17986,7100
17989,7101
17991,7102
17994,7103
17996,7104
17999,7105
18001,7106
18004,7107
18006,7108
18009,7109
18011,7110
18014,7111
18016,7112
18019,7113
18021,7114
18024,7115
18026,7116
18029,7117
18031,7118
18034,7119
18036,7120
18039,7121
18041,7122
18044,7123
18046,7124
18049,7125
18051,7126
18054,7127
18056,7128
18059,7129
18061,7130
18064,7131
18066,7132
18069,7133
18071,7134
18074,7135
18076,7136
18079,7137
18081,7138
18084,7139
18086,7140
18089,7141
18091,7142
18093,7143
18096,7144
18098,7145
18101,7146
18103,7147
18106,7148
18108,7149
18111,7150
18113,7151
18116,7152
18118,7153
18121,7154
18123,7155
18126,7156
18128,7157
18131,7158
18133,7159
18136,7160
18138,7161
18141,7162
18143,7163
18146,7164
18148,7165
18151,7166
18153,7167
18156,7168
18158,7169
18161,7170
18163,7171
18166,7172
18168,7173
18171,7174
18173,7175
18176,7176
18178,7177
18181,7178
18183,7179
18186,7180