Index,Timestamp,Indicator
1,310,1
2,312,1
3,315,1
4,317,1
5,320,1
6,322,1
7,325,1
8,327,1
9,330,1
10,332,1
11,335,1
12,337,1
13,340,1
14,342,1
15,345,1
16,347,1
17,350,1
18,352,1
19,355,1
20,357,1
21,360,1
22,362,1
23,365,1
24,367,1
25,370,1
26,372,1
27,375,1
28,377,1
29,380,1
30,382,1
31,385,1
32,387,1
33,390,1
34,392,1
35,395,1
36,397,1
37,400,1
38,402,1
39,405,1
40,407,1
41,410,1
42,412,1
43,414,1
44,417,1
45,419,1
46,422,1
47,424,1
48,427,1
49,429,1
50,432,1
51,434,1
52,437,1
53,439,1
54,442,1
55,444,1
56,447,1
57,449,1
58,452,1
59,454,1
60,457,1
61,459,1
62,462,1
63,464,1
64,467,1
65,469,1
66,472,1
67,474,1
68,477,1
69,479,1
70,482,1
71,484,1
72,487,1
73,489,1
74,492,1
75,494,1
76,497,1
77,499,1
78,502,1
79,504,1
80,507,1
81,509,1
82,512,1
83,514,1
84,517,1
85,519,1
86,522,1
87,524,1
88,527,1
89,529,1
90,532,1
91,534,1
92,536,1
93,539,1
94,541,1
95,544,1
96,546,1
97,549,1
98,551,1
99,554,1
100,556,1
101,559,1
102,561,1
103,564,1
104,566,1
105,569,1
106,571,1
107,574,1
108,576,1
109,579,1
110,581,1
111,584,1
112,586,1
113,589,1
114,591,1
115,594,1
116,596,1
117,599,1
118,601,1
119,604,1
120,606,1
121,609,1
122,611,1
123,614,1
124,616,1
125,619,1
126,621,1
127,624,1
128,626,1
129,629,1
130,631,1
131,634,1
132,636,1
133,639,1
134,641,1
135,644,1
136,646,1
137,649,1
138,651,1
139,654,1
140,656,1
141,659,1
142,661,1
143,663,1
144,666,1
145,668,1
146,671,1
147,673,1
148,676,1
149,678,1
150,681,1
151,683,1
152,686,1
153,688,1
154,691,1
155,693,1
156,696,1
157,698,1
158,701,1
159,703,1
160,706,1
161,708,1
162,711,1
163,713,1
164,716,1
165,718,1
166,721,1
167,723,1
168,726,1
169,728,1
170,731,1
171,733,1
172,736,1
173,738,1
174,741,1
175,743,1
176,746,1
177,748,1
178,751,1
179,753,1
180,756,1
181,758,1
182,761,1
183,763,1
184,766,1
185,768,1
186,771,1
187,773,1
188,776,1
189,778,1
190,781,1
191,783,1
192,785,1
193,788,1
194,790,1
195,793,1
196,795,1
197,798,1
198,800,1
199,803,1
200,805,1
201,808,1
202,810,1
203,813,1
204,815,1
205,818,1
206,820,1
207,823,1
208,825,1
209,828,1
210,830,1
211,833,1
212,835,1
213,838,1
214,840,1
215,843,1
216,845,1
217,848,1
218,850,1
219,853,1
220,855,1
221,858,1
222,860,1
223,863,1
224,865,1
225,868,1
226,870,1
227,873,1
228,875,1
229,878,1
230,880,1
231,883,1
232,885,1
233,888,1
234,890,1
235,893,1
236,895,1
237,898,1
238,900,1
239,903,1
240,905,1
241,908,1
242,910,1
243,912,1
244,915,1
245,917,1
246,920,1
247,922,1
248,925,1
249,927,1
250,930,1
251,932,1
252,935,1
253,937,1
254,940,1
255,942,1
256,945,1
257,947,1
258,950,1
259,952,1
260,955,1
261,957,1
262,960,1
263,962,1
264,965,1
265,967,1
266,970,1
267,972,1
268,975,1
269,977,1
270,980,1
271,982,1
272,985,1
273,987,1
274,990,1
275,992,1
276,995,1
277,997,1
278,1000,1
279,1002,1
280,1005,1
281,1007,1
282,1010,1
283,1012,1
284,1015,1
285,1017,1
286,1020,1
287,1022,1
288,1025,1
289,1027,1
290,1030,1
291,1032,1
292,1034,1
293,1037,1
294,1039,1
295,1042,1
296,1044,1
297,1047,1
298,1049,1
299,1052,1
300,1054,1
301,1057,1
302,1059,1
303,1062,1
304,1064,1
305,1067,1
306,1069,1
307,1072,1
308,1074,1
309,1077,1
310,1079,1
311,1082,1
312,1084,1
313,1087,1
314,1089,1
315,1092,1
316,1094,1
317,1097,1
318,1099,1
319,1102,1
320,1104,1
321,1107,1
322,1109,1
323,1112,1
324,1114,1
325,1117,1
326,1119,1
327,1122,1
328,1124,1
329,1127,1
330,1129,1
331,1132,1
332,1134,1
333,1137,1
334,1139,1
335,1142,1
336,1144,1
337,1147,1
338,1149,1
339,1152,1
340,1154,1
341,1157,1
342,1159,1
343,1161,1
344,1164,1
345,1166,1
346,1169,1
347,1171,1
348,1174,1
349,1176,1
350,1179,1
351,1181,1
352,1184,1
353,1186,1
354,1189,1
355,1191,1
356,1194,1
357,1196,1
358,1199,1
359,1201,1
360,1204,1
361,1206,1
362,1209,1
363,1211,1
364,1214,1
365,1216,1
366,1219,1
367,1221,1
368,1224,1
369,1226,1
370,1229,1
371,1231,1
372,1234,1
373,1236,1
374,1239,1
375,1241,1
376,1244,1
377,1246,1
378,1249,1
379,1251,1
380,1254,1
381,1256,1
382,1259,1
383,1261,1
384,1264,1
385,1266,1
386,1269,1
387,1271,1
388,1274,1
389,1276,1
390,1279,1
391,1281,1
392,1283,1
393,1286,1
394,1288,1
395,1291,1
396,1293,1
397,1296,1
398,1298,1
399,1301,1
400,1303,1
401,1306,1
402,1308,1
403,1311,1
404,1313,1
405,1316,1
406,1318,1
407,1321,1
408,1323,1
409,1326,1
410,1328,1
411,1331,1
412,1333,1
413,1336,1
414,1338,1
415,1341,1
416,1343,1
417,1346,1
418,1348,1
419,1351,1
420,1353,1
421,1356,1
422,1358,1
423,1361,1
424,1363,1
425,1366,1
426,1368,1
427,1371,1
428,1373,1
429,1376,1
430,1378,1
431,1381,1
432,1383,1
433,1386,1
434,1388,1
435,1391,1
436,1393,1
437,1396,1
438,1398,1
439,1401,1
440,1403,1
441,1406,1
442,1408,1
443,1410,1
444,1413,1
445,1415,1
446,1418,1
447,1420,1
448,1423,1
449,1425,1
450,1428,1
451,1430,1
452,1433,1
453,1435,1
454,1438,1
455,1440,1
456,1443,1
457,1445,1
458,1448,1
459,1450,1
460,1453,1
461,1455,1
462,1458,1
463,1460,1
464,1463,1
465,1465,1
466,1468,1
467,1470,1
468,1473,1
469,1475,1
470,1478,1
471,1480,1
472,1483,1
473,1485,1
474,1488,1
475,1490,1
476,1493,1
477,1495,1
478,1498,1
479,1500,1
480,1503,1
481,1505,1
482,1508,1
483,1510,1
484,1513,1
485,1515,1
486,1518,1
487,1520,1
488,1523,1
489,1525,1
490,1528,1
491,1530,1
492,1532,1
493,1535,1
494,1537,1
495,1540,1
496,1542,1
497,1545,1
498,1547,1
499,1550,1
500,1552,1
501,1555,1
502,1557,1
503,1560,1
504,1562,1
505,1565,1
506,1567,1
507,1570,1
508,1572,1
509,1575,1
510,1577,1
511,1580,1
512,1582,1
513,1585,1
514,1587,1
515,1590,1
516,1592,1
517,1595,1
518,1597,1
519,1600,1
520,1602,1
521,1605,1
522,1607,1
523,1610,1
524,1612,1
525,1615,1
526,1617,1
527,1620,1
528,1622,1
529,1625,1
530,1627,1
531,1630,1
532,1632,1
533,1635,1
534,1637,1
535,1640,1
536,1642,1
537,1645,1
538,1647,1
539,1650,1
540,1652,1
541,1655,1
542,1657,1
543,1659,1
544,1662,1
545,1664,1
546,1667,1
547,1669,1
548,1672,1
549,1674,1
550,1677,1
551,1679,1
552,1682,1
553,1684,1
554,1687,1
555,1689,1
556,1692,1
557,1694,1
558,1697,1
559,1699,1
560,1702,1
561,1704,1
562,1707,1
563,1709,1
564,1712,1
565,1714,1
566,1717,1
567,1719,1
568,1722,1
569,1724,1
570,1727,1
571,1729,1
572,1732,1
573,1734,1
574,1737,1
575,1739,1
576,1742,1
577,1744,1
578,1747,1
579,1749,1
580,1752,1
581,1754,1
582,1757,1
583,1759,1
584,1762,1
585,1764,1
586,1767,1
587,1769,1
588,1772,1
589,1774,1
590,1777,1
591,1779,1
592,1781,1
593,1784,1
594,1786,1
595,1789,1
596,1791,1
597,1794,1
598,1796,1
599,1799,1
600,1801,1
601,1804,1
602,1806,1
603,1809,1
604,1811,1
605,1814,1
606,1816,1
607,1819,1
608,1821,1
609,1824,1
610,1826,1
611,1829,1
612,1831,1
613,1834,1
614,1836,1
615,1839,1
616,1841,1
617,1844,1
618,1846,1
619,1849,1
620,1851,1
621,1854,1
622,1856,1
623,1859,1
624,1861,1
625,1864,1
626,1866,1
627,1869,1
628,1871,1
629,1874,1
630,1876,1
631,1879,1
632,1881,1
633,1884,1
634,1886,1
635,1889,1
636,1891,1
637,1894,1
638,1896,1
639,1899,1
640,1901,1
641,1904,1
642,1906,1
643,1908,1
644,1911,1
645,1913,1
646,1916,1
647,1918,1
648,1921,1
649,1923,1
650,1926,1
651,1928,1
652,1931,1
653,1933,1
654,1936,1
655,1938,1
656,1941,1
657,1943,1
658,1946,1
659,1948,1
660,1951,1
661,1953,1
662,1956,1
663,1958,1
664,1961,1
665,1963,1
666,1966,1
667,1968,1
668,1971,1
669,1973,1
670,1976,1
671,1978,1
672,1981,1
673,1983,1
674,1986,1
675,1988,1
676,1991,1
677,1993,1
678,1996,1
679,1998,1
680,2001,1
681,2003,1
682,2006,1
683,2008,1
684,2011,1
685,2013,1
686,2016,1
687,2018,1
688,2021,1
689,2023,1
690,2026,1
691,2028,1
692,2030,1
693,2033,1
694,2035,1
695,2038,1
696,2040,1
697,2043,1
698,2045,1
699,2048,1
700,2050,1
701,2053,1
702,2055,1
703,2058,1
704,2060,1
705,2063,1
706,2065,1
707,2068,1
708,2070,1
709,2073,1
710,2075,1
711,2078,1
712,2080,1
713,2083,1
714,2085,1
715,2088,1
716,2090,1
717,2093,1
718,2095,1
719,2098,1
720,2100,1
721,2103,1
722,2105,1
723,2108,1
724,2110,1
725,2113,1
726,2115,1
727,2118,1
728,2120,1
729,2123,1
730,2125,1
731,2128,1
732,2130,1
733,2133,1
734,2135,1
735,2138,1
736,2140,1
737,2143,1
738,2145,1
739,2148,1
740,2150,1
741,2153,1
742,2155,1
743,2157,1
744,2160,1
745,2162,1
746,2165,1
747,2167,1
748,2170,1
749,2172,1
750,2175,1
751,2177,1
752,2180,1
753,2182,1
754,2185,1
755,2187,1
756,2190,1
757,2192,1
758,2195,1
759,2197,1
760,2200,1
761,2202,1
762,2205,1
763,2207,1
764,2210,1
765,2212,1
766,2215,1
767,2217,1
768,2220,1
769,2222,1
770,2225,1
771,2227,1
772,2230,1
773,2232,1
774,2235,1
775,2237,1
776,2240,1
777,2242,1
778,2245,1
779,2247,1
780,2250,1
781,2252,1
782,2255,1
783,2257,1
784,2260,1
785,2262,1
786,2265,1
787,2267,1
788,2270,1
789,2272,1
790,2275,1
791,2277,1
792,2279,1
793,2282,1
794,2284,1
795,2287,1
796,2289,1
797,2292,1
798,2294,1
799,2297,1
800,2299,1
801,2302,1
802,2304,1
803,2307,1
804,2309,1
805,2312,1
806,2314,1
807,2317,1
808,2319,1
809,2322,1
810,2324,1
811,2327,1
812,2329,1
813,2332,1
814,2334,1
815,2337,1
816,2339,1
817,2342,1
818,2344,1
819,2347,1
820,2349,1
821,2352,1
822,2354,1
823,2357,1
824,2359,1
825,2362,1
826,2364,1
827,2367,1
828,2369,1
829,2372,1
830,2374,1
831,2377,1
832,2379,1
833,2382,1
834,2384,1
835,2387,1
836,2389,1
837,2392,1
838,2394,1
839,2397,1
840,2399,1
841,2402,1
842,2404,1
843,2406,1
844,2409,1
845,2411,1
846,2414,1
847,2416,1
848,2419,1
849,2421,1
850,2424,1
851,2426,1
852,2429,1
853,2431,1
854,2434,1
855,2436,1
856,2439,1
857,2441,1
858,2444,1
859,2446,1
860,2449,1
861,2451,1
862,2454,1
863,2456,1
864,2459,1
865,2461,1
866,2464,1
867,2466,1
868,2469,1
869,2471,1
870,2474,1
871,2476,1
872,2479,1
873,2481,1
874,2484,1
875,2486,1
876,2489,1
877,2491,1
878,2494,1
879,2496,1
880,2499,1
881,2501,1
882,2504,1
883,2506,1
884,2509,1
885,2511,1
886,2514,1
887,2516,1
888,2519,1
889,2521,1
890,2524,1
891,2526,1
892,2528,1
893,2531,1
894,2533,1
895,2536,1
896,2538,1
897,2541,1
898,2543,1
899,2546,1
900,2548,1
901,2551,1
902,2553,1
903,2556,1
904,2558,1
905,2561,1
906,2563,1
907,2566,1
908,2568,1
909,2571,1
910,2573,1
911,2576,1
912,2578,1
913,2581,1
914,2583,1
915,2586,1
916,2588,1
917,2591,1
918,2593,1
919,2596,1
920,2598,1
921,2601,1
922,2603,1
923,2606,1
924,2608,1
925,2611,1
926,2613,1
927,2616,1
928,2618,1
929,2621,1
930,2623,1
931,2626,1
932,2628,1
933,2631,1
934,2633,1
935,2636,1
936,2638,1
937,2641,1
938,2643,1
939,2646,1
940,2648,1
941,2651,1
942,2653,1
943,2655,1
944,2658,1
945,2660,1
946,2663,1
947,2665,1
948,2668,1
949,2670,1
950,2673,1
951,2675,1
952,2678,1
953,2680,1
954,2683,1
955,2685,1
956,2688,1
957,2690,1
958,2693,1
959,2695,1
960,2698,1
961,2700,1
962,2703,1
963,2705,1
964,2708,1
965,2710,1
966,2713,1
967,2715,1
968,2718,1
969,2720,1
970,2723,1
971,2725,1
972,2728,1
973,2730,1
974,2733,1
975,2735,1
976,2738,1
977,2740,1
978,2743,1
979,2745,1
980,2748,1
981,2750,1
982,2753,1
983,2755,1
984,2758,1
985,2760,1
986,2763,1
987,2765,1
988,2768,1
989,2770,1
990,2773,1
991,2775,1
992,2777,1
993,2780,1
994,2782,1
995,2785,1
996,2787,1
997,2790,1
998,2792,1
999,2795,1
1000,2797,1
1001,2800,1
1002,2802,1
1003,2805,1
1004,2807,1
1005,2810,1
1006,2812,1
1007,2815,1
1008,2817,1
1009,2820,1
1010,2822,1
1011,2825,1
1012,2827,1
1013,2830,1
1014,2832,1
1015,2835,1
1016,2837,1
1017,2840,1
1018,2842,1
1019,2845,1
1020,2847,1
1021,2850,1
1022,2852,1
1023,2855,1
1024,2857,1
1025,2860,1
1026,2862,1
1027,2865,1
1028,2867,1
1029,2870,1
1030,2872,1
1031,2875,1
1032,2877,1
1033,2880,1
1034,2882,1
1035,2885,1
1036,2887,1
1037,2890,1
1038,2892,1
1039,2895,1
1040,2897,1
1041,2900,1
1042,2902,1
1043,2904,1
1044,2907,1
1045,2909,1
1046,2912,1
1047,2914,1
1048,2917,1
1049,2919,1
1050,2922,1
1051,2924,1
1052,2927,1
1053,2929,1
1054,2932,1
1055,2934,1
1056,2937,1
1057,2939,1
1058,2942,1
1059,2944,1
1060,2947,1
1061,2949,1
1062,2952,1
1063,2954,1
1064,2957,1
1065,2959,1
1066,2962,1
1067,2964,1
1068,2967,1
1069,2969,1
1070,2972,1
1071,2974,1
1072,2977,1
1073,2979,1
1074,2982,1
1075,2984,1
1076,2987,1
1077,2989,1
1078,2992,1
1079,2994,1
1080,2997,1
1081,2999,0
1082,3002,0
1083,3004,0
1084,3007,0
1085,3009,0
1086,3012,0
1087,3014,0
1088,3017,0
1089,3019,0
1090,3021,0
1091,3024,0
1092,3026,0
1093,3029,0
1094,3031,0
1095,3034,0
1096,3036,0
1097,3039,0
1098,3041,1
1099,3044,1
1100,3046,1
1101,3049,1
1102,3051,1
1103,3054,1
1104,3056,1
1105,3059,1
1106,3061,1
1107,3064,1
1108,3066,1
1109,3069,1
1110,3071,1
1111,3074,1
1112,3076,1
1113,3079,1
1114,3081,1
1115,3084,1
1116,3086,1
1117,3089,1
1118,3091,1
1119,3094,1
1120,3096,1
1121,3099,1
1122,3101,1
1123,3104,1
1124,3106,1
1125,3109,1
1126,3111,1
1127,3114,1
1128,3116,1
1129,3119,1
1130,3121,1
1131,3124,1
1132,3126,1
1133,3129,1
1134,3131,1
1135,3134,1
1136,3136,1
1137,3139,1
1138,3141,1
1139,3144,1
1140,3146,1
1141,3149,1
1142,3151,1
1143,3153,1
1144,3156,1
1145,3158,1
1146,3161,1
1147,3163,1
1148,3166,1
1149,3168,1
1150,3171,1
1151,3173,1
1152,3176,1
1153,3178,1
1154,3181,1
1155,3183,1
1156,3186,1
1157,3188,1
1158,3191,1
1159,3193,1
1160,3196,1
1161,3198,1
1162,3201,1
1163,3203,1
1164,3206,1
1165,3208,1
1166,3211,1
1167,3213,1
1168,3216,1
1169,3218,1
1170,3221,1
1171,3223,1
1172,3226,1
1173,3228,1
1174,3231,1
1175,3233,1
1176,3236,1
1177,3238,1
1178,3241,1
1179,3243,1
1180,3246,1
1181,3248,1
1182,3251,1
1183,3253,1
1184,3256,1
1185,3258,1
1186,3261,1
1187,3263,1
1188,3266,1
1189,3268,1
1190,3271,1
1191,3273,1
1192,3275,1
1193,3278,1
1194,3280,1
1195,3283,1
1196,3285,1
1197,3288,1
1198,3290,1
1199,3293,1
1200,3295,1
1201,3298,1
1202,3300,1
1203,3303,1
1204,3305,1
1205,3308,1
1206,3310,1
1207,3312,0
1208,3315,1
1209,3318,1
1210,3320,1
1211,3323,1
1212,3325,1
1213,3328,1
1214,3330,1
1215,3333,1
1216,3335,1
1217,3338,1
1218,3340,1
1219,3343,1
1220,3345,1
1221,3348,1
1222,3350,1
1223,3353,1
1224,3355,1
1225,3358,1
1226,3360,1
1227,3363,1
1228,3365,1
1229,3368,1
1230,3370,1
1231,3373,1
1232,3375,1
1233,3378,1
1234,3380,1
1235,3383,1
1236,3385,1
1237,3388,1
1238,3390,1
1239,3393,1
1240,3395,1
1241,3398,1
1242,3400,1
1243,3402,1
1244,3405,1
1245,3407,1
1246,3410,1
1247,3412,1
1248,3415,1
1249,3417,1
1250,3420,1
1251,3422,1
1252,3425,1
1253,3427,1
1254,3430,1
1255,3432,1
1256,3435,1
1257,3437,1
1258,3440,1
1259,3442,1
1260,3444,0
1261,3447,1
1262,3450,1
1263,3452,1
1264,3455,1
1265,3457,1
1266,3460,1
1267,3462,1
1268,3465,1
1269,3467,1
1270,3470,1
1271,3472,1
1272,3475,1
1273,3477,1
1274,3480,1
1275,3482,1
1276,3485,1
1277,3487,1
1278,3490,1
1279,3492,1
1280,3495,1
1281,3497,1
1282,3500,1
1283,3502,1
1284,3505,1
1285,3507,1
1286,3510,1
1287,3512,1
1288,3515,1
1289,3517,1
1290,3520,1
1291,3522,1
1292,3524,1
1293,3527,1
1294,3529,1
1295,3532,1
1296,3534,1
1297,3537,1
1298,3539,1
1299,3542,1
1300,3544,1
1301,3547,1
1302,3549,1
1303,3552,1
1304,3554,1
1305,3557,1
1306,3559,1
1307,3562,1
1308,3564,1
1309,3567,1
1310,3569,1
1311,3572,1
1312,3574,1
1313,3577,1
1314,3579,1
1315,3582,1
1316,3584,1
1317,3587,1
1318,3589,1
1319,3592,1
1320,3594,1
1321,3597,1
1322,3599,1
1323,3602,1
1324,3604,1
1325,3607,1
1326,3609,1
1327,3612,1
1328,3614,1
1329,3617,1
1330,3619,1
1331,3622,1
1332,3624,1
1333,3627,1
1334,3629,1
1335,3632,1
1336,3634,1
1337,3637,1
1338,3640,0
1339,3642,0
1340,3644,0
1341,3647,1
1342,3649,0
1343,3652,0
1344,3654,0
1345,3657,0
1346,3659,0
1347,3662,0
1348,3664,0
1349,3667,0
1350,3669,0
1351,3672,0
1352,3674,0
1353,3677,0
1354,3679,0
1355,3682,0
1356,3684,0
1357,3687,0
1358,3689,0
1359,3692,0
1360,3694,0
1361,3697,0
1362,3699,1
1363,3702,0
1364,3704,1
1365,3706,1
1366,3709,1
1367,3711,1
1368,3714,1
1369,3716,1
1370,3719,1
1371,3721,1
1372,3724,1
1373,3726,1
1374,3729,1
1375,3731,1
1376,3734,1
1377,3736,1
1378,3739,1
1379,3741,1
1380,3744,1
1381,3746,1
1382,3749,1
1383,3751,1
1384,3754,1
1385,3756,1
1386,3759,1
1387,3761,1
1388,3764,1
1389,3766,1
1390,3769,1
1391,3771,1
1392,3773,1
1393,3776,1
1394,3778,1
1395,3781,1
1396,3783,1
1397,3786,1
1398,3788,1
1399,3791,1
1400,3793,1
1401,3796,1
1402,3798,1
1403,3801,1
1404,3803,1
1405,3806,1
1406,3808,1
1407,3811,1
1408,3813,1
1409,3816,1
1410,3818,1
1411,3821,1
1412,3823,1
1413,3826,1
1414,3828,1
1415,3831,1
1416,3833,1
1417,3836,1
1418,3838,1
1419,3841,1
1420,3843,1
1421,3846,1
1422,3848,1
1423,3851,1
1424,3853,1
1425,3856,1
1426,3858,1
1427,3861,1
1428,3863,1
1429,3866,1
1430,3868,1
1431,3871,1
1432,3873,1
1433,3876,1
1434,3878,1
1435,3881,1
1436,3883,1
1437,3886,1
1438,3888,1
1439,3891,1
1440,3893,1
1441,3896,1
1442,3898,1
1443,3900,1
1444,3903,1
1445,3905,1
1446,3908,1
1447,3910,1
1448,3913,1
1449,3915,1
1450,3918,1
1451,3920,1
1452,3923,1
1453,3925,1
1454,3928,1
1455,3930,1
1456,3933,1
1457,3935,1
1458,3938,1
1459,3940,1
1460,3943,1
1461,3945,1
1462,3948,1
1463,3950,1
1464,3953,1
1465,3955,1
1466,3958,1
1467,3960,1
1468,3963,1
1469,3965,1
1470,3968,1
1471,3970,1
1472,3973,1
1473,3975,1
1474,3978,1
1475,3980,1
1476,3983,1
1477,3985,1
1478,3988,1
1479,3990,1
1480,3993,1
1481,3995,1
1482,3998,1
1483,4000,1
1484,4003,1
1485,4005,1
1486,4008,1
1487,4010,1
1488,4013,1
1489,4015,1
1490,4018,1
1491,4020,1
1492,4022,1
1493,4025,1
1494,4027,1
1495,4030,1
1496,4032,1
1497,4035,1
1498,4037,1
1499,4040,1
1500,4042,1
1501,4045,1
1502,4047,1
1503,4050,1
1504,4052,1
1505,4055,1
1506,4057,1
1507,4060,1
1508,4062,1
1509,4065,1
1510,4067,1
1511,4070,1
1512,4072,1
1513,4075,1
1514,4077,1
1515,4080,1
1516,4082,1
1517,4085,1
1518,4087,1
1519,4090,1
1520,4092,1
1521,4095,1
1522,4097,1
1523,4100,1
1524,4102,1
1525,4105,1
1526,4107,1
1527,4110,1
1528,4112,1
1529,4115,1
1530,4117,1
1531,4120,1
1532,4122,1
1533,4125,1
1534,4127,1
1535,4130,1
1536,4132,1
1537,4135,1
1538,4137,1
1539,4140,1
1540,4142,1
1541,4145,1
1542,4147,1
1543,4149,1
1544,4152,1
1545,4154,1
1546,4157,1
1547,4159,1
1548,4162,1
1549,4164,1
1550,4167,1
1551,4169,1
1552,4172,1
1553,4174,1
1554,4177,1
1555,4179,1
1556,4182,1
1557,4184,1
1558,4187,1
1559,4189,1
1560,4192,1
1561,4194,1
1562,4197,1
1563,4199,1
1564,4202,1
1565,4204,1
1566,4207,1
1567,4209,1
1568,4212,1
1569,4214,1
1570,4217,1
1571,4219,1
1572,4222,1
1573,4224,1
1574,4227,1
1575,4229,1
1576,4232,1
1577,4234,1
1578,4237,1
1579,4239,1
1580,4242,1
1581,4244,1
1582,4247,1
1583,4249,1
1584,4252,1
1585,4254,1
1586,4257,1
1587,4259,1
1588,4262,1
1589,4264,1
1590,4267,1
1591,4269,1
1592,4271,1
1593,4274,1
1594,4276,1
1595,4279,1
1596,4281,1
1597,4284,1
1598,4286,1
1599,4289,1
1600,4291,1
1601,4294,1
1602,4296,1
1603,4299,1
1604,4301,1
1605,4304,1
1606,4306,1
1607,4309,1
1608,4311,1
1609,4314,1
1610,4316,1
1611,4319,1
1612,4321,1
1613,4324,1
1614,4326,1
1615,4329,1
1616,4331,1
1617,4334,1
1618,4336,1
1619,4339,1
1620,4341,1
1621,4344,1
1622,4346,1
1623,4349,1
1624,4351,1
1625,4354,1
1626,4356,1
1627,4359,1
1628,4361,1
1629,4364,1
1630,4366,1
1631,4369,1
1632,4371,1
1633,4374,1
1634,4376,1
1635,4379,1
1636,4381,1
1637,4384,1
1638,4386,1
1639,4389,1
1640,4391,1
1641,4394,1
1642,4396,1
1643,4398,1
1644,4401,1
1645,4403,1
1646,4406,1
1647,4408,1
1648,4411,1
1649,4413,1
1650,4416,1
1651,4418,1
1652,4421,1
1653,4423,1
1654,4426,1
1655,4428,1
1656,4431,1
1657,4433,1
1658,4436,1
1659,4438,1
1660,4441,1
1661,4443,1
1662,4446,1
1663,4448,1
1664,4451,1
1665,4453,1
1666,4456,1
1667,4458,1
1668,4461,1
1669,4463,1
1670,4466,1
1671,4468,1
1672,4471,1
1673,4473,1
1674,4476,1
1675,4478,1
1676,4481,1
1677,4483,1
1678,4486,1
1679,4488,1
1680,4491,1
1681,4493,1
1682,4496,1
1683,4498,1
1684,4501,1
1685,4503,1
1686,4506,1
1687,4508,1
1688,4511,1
1689,4513,1
1690,4516,1
1691,4518,1
1692,4520,1
1693,4523,1
1694,4525,1
1695,4528,1
1696,4530,1
1697,4533,1
1698,4535,1
1699,4538,1
1700,4540,1
1701,4543,1
1702,4545,1
1703,4548,1
1704,4550,1
1705,4553,1
1706,4555,1
1707,4558,1
1708,4560,1
1709,4563,1
1710,4565,1
1711,4568,1
1712,4570,1
1713,4573,1
1714,4575,1
1715,4578,1
1716,4580,1
1717,4583,1
1718,4585,1
1719,4588,1
1720,4590,1
1721,4593,1
1722,4595,1
1723,4598,1
1724,4600,1
1725,4603,1
1726,4605,1
1727,4608,1
1728,4610,1
1729,4613,1
1730,4615,1
1731,4618,1
1732,4620,1
1733,4623,1
1734,4625,1
1735,4628,1
1736,4630,1
1737,4633,1
1738,4635,1
1739,4638,1
1740,4640,1
1741,4643,1
1742,4645,1
1743,4647,1
1744,4650,1
1745,4652,1
1746,4655,1
1747,4657,1
1748,4660,1
1749,4662,1
1750,4665,1
1751,4667,1
1752,4670,1
1753,4672,1
1754,4675,1
1755,4677,1
1756,4680,1
1757,4682,1
1758,4685,1
1759,4687,1
1760,4690,1
1761,4692,1
1762,4695,1
1763,4697,1
1764,4700,1
1765,4702,1
1766,4705,1
1767,4707,1
1768,4710,1
1769,4712,1
1770,4715,1
1771,4717,1
1772,4720,1
1773,4722,1
1774,4725,1
1775,4727,1
1776,4730,1
1777,4732,1
1778,4735,1
1779,4737,1
1780,4740,1
1781,4742,1
1782,4745,1
1783,4747,1
1784,4750,1
1785,4752,1
1786,4755,1
1787,4757,1
1788,4760,1
1789,4762,1
1790,4765,1
1791,4767,1
1792,4769,1
1793,4772,1
1794,4774,1
1795,4777,1
1796,4779,1
1797,4782,1
1798,4784,1
1799,4787,1
1800,4789,1
1801,4792,1
1802,4794,1
1803,4797,1
1804,4799,1
1805,4802,1
1806,4804,1
1807,4807,1
1808,4809,1
1809,4812,1
1810,4814,1
1811,4817,1
1812,4819,1
1813,4822,1
1814,4824,1
1815,4827,1
1816,4829,1
1817,4832,1
1818,4834,1
1819,4837,1
1820,4839,1
1821,4842,1
1822,4844,1
1823,4847,1
1824,4849,1
1825,4852,1
1826,4854,1
1827,4857,1
1828,4859,1
1829,4862,1
1830,4864,1
1831,4867,1
1832,4869,1
1833,4872,1
1834,4874,1
1835,4877,1
1836,4879,1
1837,4882,1
1838,4884,1
1839,4887,1
1840,4889,1
1841,4892,1
1842,4894,1
1843,4896,1
1844,4899,1
1845,4901,1
1846,4904,1
1847,4906,1
1848,4909,1
1849,4911,1
1850,4914,1
1851,4916,1
1852,4919,1
1853,4921,1
1854,4924,1
1855,4926,1
1856,4929,1
1857,4931,1
1858,4934,1
1859,4936,1
1860,4939,1
1861,4941,1
1862,4944,1
1863,4946,1
1864,4949,1
1865,4951,1
1866,4954,1
1867,4956,1
1868,4959,1
1869,4961,1
1870,4964,1
1871,4966,1
1872,4969,1
1873,4971,1
1874,4974,1
1875,4976,1
1876,4979,1
1877,4981,1
1878,4984,1
1879,4986,1
1880,4989,1
1881,4991,1
1882,4994,1
1883,4996,1
1884,4999,1
1885,5001,1
1886,5004,1
1887,5006,1
1888,5009,1
1889,5011,1
1890,5014,1
1891,5016,1
1892,5018,1
1893,5021,1
1894,5023,1
1895,5026,1
1896,5028,1
1897,5031,1
1898,5033,1
1899,5036,1
1900,5038,1
1901,5041,1
1902,5043,1
1903,5046,1
1904,5048,1
1905,5051,1
1906,5053,1
1907,5056,1
1908,5058,1
1909,5061,1
1910,5063,1
1911,5066,1
1912,5068,1
1913,5071,1
1914,5073,1
1915,5076,1
1916,5078,1
1917,5081,1
1918,5083,1
1919,5086,1
1920,5088,1
1921,5091,1
1922,5093,1
1923,5096,1
1924,5098,1
1925,5101,1
1926,5103,1
1927,5106,1
1928,5108,1
1929,5111,1
1930,5113,1
1931,5116,1
1932,5118,1
1933,5121,1
1934,5123,1
1935,5126,1
1936,5128,1
1937,5131,1
1938,5133,1
1939,5136,1
1940,5138,1
1941,5141,1
1942,5143,1
1943,5145,1
1944,5148,1
1945,5150,1
1946,5153,1
1947,5155,1
1948,5158,1
1949,5160,1
1950,5163,1
1951,5165,1
1952,5168,1
1953,5170,1
1954,5173,1
1955,5175,1
1956,5178,1
1957,5180,1
1958,5183,1
1959,5185,1
1960,5188,1
1961,5190,1
1962,5193,1
1963,5195,1
1964,5198,1
1965,5200,1
1966,5203,1
1967,5205,1
1968,5208,1
1969,5210,1
1970,5213,1
1971,5215,1
1972,5218,1
1973,5220,1
1974,5223,1
1975,5225,1
1976,5228,1
1977,5230,1
1978,5233,1
1979,5235,1
1980,5238,1
1981,5240,1
1982,5243,1
1983,5245,1
1984,5248,1
1985,5250,1
1986,5253,1
1987,5255,1
1988,5258,1
1989,5260,1
1990,5263,1
1991,5265,1
1992,5267,1
1993,5270,1
1994,5272,1
1995,5275,1
1996,5277,1
1997,5280,1
1998,5282,1
1999,5285,1
2000,5287,1
2001,5290,1
2002,5292,1
2003,5295,1
2004,5297,1
2005,5300,1
2006,5302,1
2007,5305,1
2008,5307,1
2009,5310,1
2010,5312,1
2011,5315,1
2012,5317,1
2013,5320,1
2014,5322,1
2015,5325,1
2016,5327,1
2017,5330,1
2018,5332,1
2019,5335,1
2020,5337,1
2021,5340,1
2022,5342,1
2023,5345,1
2024,5347,1
2025,5350,1
2026,5352,1
2027,5355,1
2028,5357,1
2029,5360,1
2030,5362,1
2031,5365,1
2032,5367,1
2033,5370,1
2034,5372,1
2035,5375,1
2036,5377,1
2037,5380,1
2038,5382,1
2039,5385,1
2040,5387,1
2041,5390,1
2042,5392,1
2043,5394,1
2044,5397,1
2045,5399,1
2046,5402,1
2047,5404,1
2048,5407,1
2049,5409,1
2050,5412,1
2051,5414,1
2052,5417,1
2053,5419,1
2054,5422,1
2055,5424,1
2056,5427,1
2057,5429,1
2058,5432,1
2059,5434,1
2060,5437,1
2061,5439,1
2062,5442,1
2063,5444,1
2064,5447,1
2065,5449,1
2066,5452,1
2067,5454,1
2068,5457,1
2069,5459,1
2070,5462,1
2071,5464,1
2072,5467,1
2073,5469,1
2074,5472,1
2075,5474,1
2076,5477,1
2077,5479,1
2078,5482,1
2079,5484,1
2080,5487,1
2081,5489,1
2082,5492,1
2083,5494,1
2084,5497,1
2085,5499,1
2086,5502,1
2087,5504,1
2088,5507,1
2089,5509,1
2090,5512,1
2091,5514,1
2092,5516,1
2093,5519,1
2094,5521,1
2095,5524,1
2096,5526,1
2097,5529,1
2098,5531,1
2099,5534,1
2100,5536,1
2101,5539,1
2102,5541,1
2103,5544,1
2104,5546,1
2105,5549,1
2106,5551,1
2107,5554,1
2108,5556,1
2109,5559,1
2110,5561,1
2111,5564,1
2112,5566,1
2113,5569,1
2114,5571,1
2115,5574,1
2116,5576,1
2117,5579,1
2118,5581,1
2119,5584,1
2120,5586,1
2121,5589,1
2122,5591,1
2123,5594,1
2124,5596,1
2125,5599,1
2126,5601,1
2127,5604,1
2128,5606,1
2129,5609,1
2130,5611,1
2131,5614,1
2132,5616,1
2133,5619,1
2134,5621,1
2135,5624,1
2136,5626,1
2137,5629,1
2138,5631,1
2139,5634,1
2140,5636,1
2141,5639,1
2142,5641,1
2143,5643,1
2144,5646,1
2145,5648,1
2146,5651,1
2147,5653,1
2148,5656,1
2149,5658,1
2150,5661,1
2151,5663,1
2152,5666,1
2153,5668,1
2154,5671,1
2155,5673,1
2156,5676,1
2157,5678,1
2158,5681,1
2159,5683,1
2160,5686,1
2161,5688,1
2162,5691,1
2163,5693,1
2164,5696,1
2165,5698,1
2166,5701,1
2167,5703,1
2168,5706,1
2169,5708,1
2170,5711,1
2171,5713,1
2172,5716,1
2173,5718,1
2174,5721,1
2175,5723,1
2176,5726,1
2177,5728,1
2178,5731,1
2179,5733,1
2180,5736,1
2181,5738,1
2182,5741,1
2183,5743,1
2184,5746,1
2185,5748,1
2186,5751,1
2187,5753,1
2188,5756,1
2189,5758,1
2190,5761,1
2191,5763,1
2192,5765,1
2193,5768,1
2194,5770,1
2195,5773,1
2196,5775,1
2197,5778,1
2198,5780,1
2199,5783,1
2200,5785,1
2201,5788,1
2202,5790,1
2203,5793,1
2204,5795,1
2205,5798,1
2206,5800,1
2207,5803,1
2208,5805,1
2209,5808,1
2210,5810,1
2211,5813,1
2212,5815,1
2213,5818,1
2214,5820,1
2215,5823,1
2216,5825,1
2217,5828,1
2218,5830,1
2219,5833,1
2220,5835,1
2221,5838,1
2222,5840,1
2223,5843,1
2224,5845,1
2225,5848,1
2226,5850,1
2227,5853,1
2228,5855,1
2229,5858,1
2230,5860,1
2231,5863,1
2232,5865,1
2233,5868,1
2234,5870,1
2235,5873,1
2236,5875,1
2237,5878,1
2238,5880,1
2239,5883,1
2240,5885,1
2241,5888,1
2242,5890,1
2243,5892,1
2244,5895,1
2245,5897,1
2246,5900,1
2247,5902,1
2248,5905,1
2249,5907,1
2250,5910,1
2251,5912,1
2252,5915,1
2253,5917,1
2254,5920,1
2255,5922,1
2256,5925,1
2257,5927,1
2258,5930,1
2259,5932,1
2260,5935,1
2261,5937,1
2262,5940,1
2263,5942,1
2264,5945,1
2265,5947,1
2266,5950,1
2267,5952,1
2268,5955,1
2269,5957,1
2270,5960,1
2271,5962,1
2272,5965,1
2273,5967,1
2274,5970,1
2275,5972,1
2276,5975,1
2277,5977,1
2278,5980,1
2279,5982,1
2280,5985,1
2281,5987,1
2282,5990,1
2283,5992,1
2284,5995,1
2285,5997,1
2286,6000,1
2287,6002,1
2288,6005,1
2289,6007,1
2290,6010,1
2291,6012,1
2292,6014,1
2293,6017,1
2294,6019,1
2295,6022,1
2296,6024,1
2297,6027,1
2298,6029,1
2299,6032,1
2300,6034,1
2301,6037,1
2302,6039,1
2303,6042,1
2304,6044,1
2305,6047,1
2306,6049,1
2307,6052,1
2308,6054,1
2309,6057,1
2310,6059,1
2311,6062,1
2312,6064,1
2313,6067,1
2314,6069,1
2315,6072,1
2316,6074,1
2317,6077,1
2318,6079,1
2319,6082,1
2320,6084,1
2321,6087,1
2322,6089,1
2323,6092,1
2324,6094,1
2325,6097,1
2326,6099,1
2327,6102,1
2328,6104,1
2329,6107,1
2330,6109,1
2331,6112,1
2332,6114,1
2333,6117,1
2334,6119,1
2335,6122,1
2336,6124,1
2337,6127,1
2338,6129,1
2339,6132,1
2340,6134,1
2341,6137,1
2342,6139,1
2343,6141,1
2344,6144,1
2345,6146,1
2346,6149,1
2347,6151,1
2348,6154,1
2349,6156,1
2350,6159,1
2351,6161,1
2352,6164,1
2353,6166,1
2354,6169,1
2355,6171,1
2356,6174,1
2357,6176,1
2358,6179,1
2359,6181,1
2360,6184,1
2361,6186,1
2362,6189,1
2363,6191,1
2364,6194,1
2365,6196,1
2366,6199,1
2367,6201,1
2368,6204,1
2369,6206,1
2370,6209,1
2371,6211,1
2372,6214,1
2373,6216,1
2374,6219,1
2375,6221,1
2376,6224,1
2377,6226,1
2378,6229,1
2379,6231,1
2380,6234,1
2381,6236,1
2382,6239,1
2383,6241,1
2384,6244,1
2385,6246,1
2386,6249,1
2387,6251,1
2388,6254,1
2389,6256,1
2390,6259,1
2391,6261,1
2392,6263,1
2393,6266,1
2394,6268,1
2395,6271,1
2396,6273,1
2397,6276,1
2398,6278,1
2399,6281,1
2400,6283,1
2401,6286,1
2402,6288,1
2403,6291,1
2404,6293,1
2405,6296,1
2406,6298,1
2407,6301,1
2408,6303,1
2409,6306,1
2410,6308,1
2411,6311,1
2412,6313,1
2413,6316,1
2414,6318,1
2415,6321,1
2416,6323,1
2417,6326,1
2418,6328,1
2419,6331,1
2420,6333,1
2421,6336,1
2422,6338,1
2423,6341,1
2424,6343,1
2425,6346,1
2426,6348,1
2427,6351,1
2428,6353,1
2429,6356,1
2430,6358,1
2431,6361,1
2432,6363,1
2433,6366,1
2434,6368,1
2435,6371,1
2436,6373,1
2437,6376,1
2438,6378,1
2439,6381,1
2440,6383,1
2441,6386,1
2442,6388,1
2443,6390,1
2444,6393,1
2445,6395,1
2446,6398,1
2447,6400,1
2448,6403,1
2449,6405,1
2450,6408,1
2451,6410,1
2452,6413,1
2453,6415,1
2454,6418,1
2455,6420,1
2456,6423,1
2457,6425,1
2458,6428,1
2459,6430,1
2460,6433,1
2461,6435,1
2462,6438,1
2463,6440,1
2464,6443,1
2465,6445,1
2466,6448,1
2467,6450,1
2468,6453,1
2469,6455,1
2470,6458,1
2471,6460,1
2472,6463,1
2473,6465,1
2474,6468,1
2475,6470,1
2476,6473,1
2477,6475,1
2478,6478,1
2479,6480,1
2480,6483,1
2481,6485,1
2482,6488,1
2483,6490,1
2484,6493,1
2485,6495,1
2486,6498,1
2487,6500,1
2488,6503,1
2489,6505,1
2490,6508,1
2491,6510,1
2492,6512,1
2493,6515,1
2494,6517,1
2495,6520,1
2496,6522,1
2497,6525,1
2498,6527,1
2499,6530,1
2500,6532,1
2501,6535,1
2502,6537,1
2503,6540,1
2504,6542,1
2505,6545,1
2506,6547,1
2507,6550,1
2508,6552,1
2509,6555,1
2510,6557,1
2511,6560,1
2512,6562,1
2513,6565,1
2514,6567,1
2515,6570,1
2516,6572,1
2517,6575,1
2518,6577,1
2519,6580,1
2520,6582,1
2521,6585,1
2522,6587,1
2523,6590,1
2524,6592,1
2525,6595,1
2526,6597,1
2527,6600,1
2528,6602,1
2529,6605,1
2530,6607,1
2531,6610,1
2532,6612,1
2533,6615,1
2534,6617,1
2535,6620,1
2536,6622,1
2537,6625,1
2538,6627,1
2539,6630,1
2540,6632,1
2541,6635,1
2542,6637,1
2543,6639,1
2544,6642,1
2545,6644,1
2546,6647,1
2547,6649,1
2548,6652,1
2549,6654,1
2550,6657,1
2551,6659,1
2552,6662,1
2553,6664,1
2554,6667,1
2555,6669,1
2556,6672,1
2557,6674,1
2558,6677,1
2559,6679,1
2560,6682,1
2561,6684,1
2562,6687,1
2563,6689,1
2564,6692,1
2565,6694,1
2566,6697,1
2567,6699,1
2568,6702,1
2569,6704,1
2570,6707,1
2571,6709,1
2572,6712,1
2573,6714,1
2574,6717,1
2575,6719,1
2576,6722,1
2577,6724,1
2578,6727,1
2579,6729,1
2580,6732,1
2581,6734,1
2582,6737,1
2583,6739,1
2584,6742,1
2585,6744,1
2586,6747,1
2587,6749,1
2588,6752,1
2589,6754,1
2590,6757,1
2591,6759,1
2592,6761,1
2593,6764,1
2594,6766,1
2595,6769,1
2596,6771,1
2597,6774,1
2598,6776,1
2599,6779,1
2600,6781,1
2601,6784,1
2602,6786,1
2603,6789,1
2604,6791,1
2605,6794,1
2606,6796,1
2607,6799,1
2608,6801,1
2609,6804,1
2610,6806,1
2611,6809,1
2612,6811,1
2613,6814,1
2614,6816,1
2615,6819,1
2616,6821,1
2617,6824,1
2618,6826,1
2619,6829,1
2620,6831,1
2621,6834,1
2622,6836,1
2623,6839,1
2624,6841,1
2625,6844,1
2626,6846,1
2627,6849,1
2628,6851,1
2629,6854,1
2630,6856,1
2631,6859,1
2632,6861,1
2633,6864,1
2634,6866,1
2635,6869,1
2636,6871,1
2637,6874,1
2638,6876,1
2639,6879,1
2640,6881,1
2641,6884,1
2642,6886,1
2643,6888,1
2644,6891,1
2645,6893,1
2646,6896,1
2647,6898,1
2648,6901,1
2649,6903,1
2650,6906,1
2651,6908,1
2652,6911,1
2653,6913,1
2654,6916,1
2655,6918,1
2656,6921,1
2657,6923,1
2658,6926,1
2659,6928,1
2660,6931,1
2661,6933,1
2662,6936,1
2663,6938,1
2664,6941,1
2665,6943,1
2666,6946,1
2667,6948,1
2668,6951,1
2669,6953,1
2670,6956,1
2671,6958,1
2672,6961,1
2673,6963,1
2674,6966,1
2675,6968,1
2676,6971,1
2677,6973,1
2678,6976,1
2679,6978,1
2680,6981,1
2681,6983,1
2682,6986,1
2683,6988,1
2684,6991,1
2685,6993,1
2686,6996,1
2687,6998,1
2688,7001,1
2689,7003,1
2690,7006,1
2691,7008,1
2692,7010,1
2693,7013,1
2694,7015,1
2695,7018,1
2696,7020,1
2697,7023,1
2698,7025,1
2699,7028,1
2700,7030,1
2701,7033,1
2702,7035,1
2703,7038,1
2704,7040,1
2705,7043,1
2706,7045,1
2707,7048,1
2708,7050,1
2709,7053,1
2710,7055,1
2711,7058,1
2712,7060,1
2713,7063,1
2714,7065,1
2715,7068,1
2716,7070,1
2717,7073,1
2718,7075,1
2719,7078,1
2720,7080,1
2721,7083,1
2722,7085,1
2723,7088,1
2724,7090,1
2725,7093,1
2726,7095,1
2727,7098,1
2728,7100,1
2729,7103,1
2730,7105,1
2731,7108,1
2732,7110,1
2733,7113,1
2734,7115,1
2735,7118,1
2736,7120,1
2737,7123,1
2738,7125,1
2739,7128,1
2740,7130,1
2741,7133,1
2742,7135,1
2743,7137,1
2744,7140,1
2745,7142,1
2746,7145,1
2747,7147,1
2748,7150,1
2749,7152,1
2750,7155,1
2751,7157,1
2752,7160,1
2753,7162,1
2754,7165,1
2755,7167,1
2756,7170,1
2757,7172,1
2758,7175,1
2759,7177,1
2760,7180,1
2761,7182,1
2762,7185,1
2763,7187,1
2764,7190,1
2765,7192,1
2766,7195,1
2767,7197,1
2768,7200,1
2769,7202,1
2770,7205,1
2771,7207,1
2772,7210,1
2773,7212,1
2774,7215,1
2775,7217,1
2776,7220,1
2777,7222,1
2778,7225,1
2779,7227,1
2780,7230,1
2781,7232,1
2782,7235,1
2783,7237,1
2784,7240,1
2785,7242,1
2786,7245,1
2787,7247,1
2788,7250,1
2789,7252,1
2790,7255,1
2791,7257,1
2792,7259,1
2793,7262,1
2794,7264,1
2795,7267,1
2796,7269,1
2797,7272,1
2798,7274,1
2799,7277,1
2800,7279,1
2801,7282,1
2802,7284,1
2803,7287,1
2804,7289,1
2805,7292,1
2806,7294,1
2807,7297,1
2808,7299,1
2809,7302,1
2810,7304,1
2811,7307,1
2812,7309,1
2813,7312,1
2814,7314,1
2815,7317,1
2816,7319,1
2817,7322,1
2818,7324,1
2819,7327,1
2820,7329,1
2821,7332,1
2822,7334,1
2823,7337,1
2824,7339,1
2825,7342,1
2826,7344,1
2827,7347,1
2828,7349,1
2829,7352,1
2830,7354,1
2831,7357,1
2832,7359,1
2833,7362,1
2834,7364,1
2835,7367,1
2836,7369,1
2837,7372,1
2838,7374,1
2839,7377,1
2840,7379,1
2841,7382,1
2842,7384,1
2843,7386,1
2844,7389,1
2845,7391,1
2846,7394,1
2847,7396,1
2848,7399,1
2849,7401,1
2850,7404,1
2851,7406,1
2852,7409,1
2853,7411,1
2854,7414,1
2855,7416,1
2856,7419,1
2857,7421,1
2858,7424,1
2859,7426,1
2860,7429,1
2861,7431,1
2862,7434,1
2863,7436,1
2864,7439,1
2865,7441,1
2866,7444,1
2867,7446,1
2868,7449,1
2869,7451,1
2870,7454,1
2871,7456,1
2872,7459,1
2873,7461,1
2874,7464,1
2875,7466,1
2876,7469,1
2877,7471,1
2878,7474,1
2879,7476,1
2880,7479,1
2881,7481,1
2882,7484,1
2883,7486,1
2884,7489,1
2885,7491,1
2886,7494,1
2887,7496,1
2888,7499,1
2889,7501,1
2890,7504,1
2891,7506,1
2892,7508,1
2893,7511,1
2894,7513,1
2895,7516,1
2896,7518,1
2897,7521,1
2898,7523,1
2899,7526,1
2900,7528,1
2901,7531,1
2902,7533,1
2903,7536,1
2904,7538,1
2905,7541,1
2906,7543,1
2907,7546,1
2908,7548,1
2909,7551,1
2910,7553,1
2911,7556,1
2912,7558,1
2913,7561,1
2914,7563,1
2915,7566,1
2916,7568,1
2917,7571,1
2918,7573,1
2919,7576,1
2920,7578,1
2921,7581,1
2922,7583,1
2923,7586,1
2924,7588,1
2925,7591,1
2926,7593,1
2927,7596,1
2928,7598,1
2929,7601,1
2930,7603,1
2931,7606,1
2932,7608,1
2933,7611,1
2934,7613,1
2935,7616,1
2936,7618,1
2937,7621,1
2938,7623,1
2939,7626,1
2940,7628,1
2941,7631,1
2942,7633,1
2943,7635,1
2944,7638,1
2945,7640,1
2946,7643,1
2947,7645,1
2948,7648,1
2949,7650,1
2950,7653,1
2951,7655,1
2952,7658,1
2953,7660,1
2954,7663,1
2955,7665,1
2956,7668,1
2957,7670,1
2958,7673,1
2959,7675,1
2960,7678,1
2961,7680,1
2962,7683,1
2963,7685,1
2964,7688,1
2965,7690,1
2966,7693,1
2967,7695,1
2968,7698,1
2969,7700,1
2970,7703,1
2971,7705,1
2972,7708,1
2973,7710,1
2974,7713,1
2975,7715,1
2976,7718,1
2977,7720,1
2978,7723,1
2979,7725,1
2980,7728,1
2981,7730,1
2982,7733,1
2983,7735,1
2984,7738,1
2985,7740,1
2986,7743,1
2987,7745,1
2988,7748,1
2989,7750,1
2990,7753,1
2991,7755,1
2992,7757,1
2993,7760,1
2994,7762,1
2995,7765,1
2996,7767,1
2997,7770,1
2998,7772,1
2999,7775,1
3000,7777,1
3001,7780,1
3002,7782,1
3003,7785,1
3004,7787,1
3005,7790,1
3006,7792,1
3007,7795,1
3008,7797,1
3009,7800,1
3010,7802,1
3011,7805,1
3012,7807,1
3013,7810,1
3014,7812,1
3015,7815,1
3016,7817,1
3017,7820,1
3018,7822,1
3019,7825,1
3020,7827,1
3021,7830,1
3022,7832,1
3023,7835,1
3024,7837,1
3025,7840,1
3026,7842,1
3027,7845,1
3028,7847,1
3029,7850,1
3030,7852,1
3031,7855,1
3032,7857,1
3033,7860,1
3034,7862,1
3035,7865,1
3036,7867,1
3037,7870,1
3038,7872,1
3039,7875,1
3040,7877,1
3041,7880,1
3042,7882,1
3043,7884,1
3044,7887,1
3045,7889,1
3046,7892,1
3047,7894,1
3048,7897,1
3049,7899,1
3050,7902,1
3051,7904,1
3052,7907,1
3053,7909,1
3054,7912,1
3055,7914,1
3056,7917,1
3057,7919,1
3058,7922,1
3059,7924,1
3060,7927,1
3061,7929,1
3062,7932,1
3063,7934,1
3064,7937,1
3065,7939,1
3066,7942,1
3067,7944,1
3068,7947,1
3069,7949,1
3070,7952,1
3071,7954,1
3072,7957,1
3073,7959,1
3074,7962,1
3075,7964,1
3076,7967,1
3077,7969,1
3078,7972,1
3079,7974,1
3080,7977,1
3081,7979,1
3082,7982,1
3083,7984,1
3084,7987,1
3085,7989,1
3086,7992,1
3087,7994,1
3088,7997,1
3089,7999,1
3090,8002,1
3091,8004,1
3092,8006,1
3093,8009,1
3094,8011,1
3095,8014,1
3096,8016,1
3097,8019,1
3098,8021,1
3099,8024,1
3100,8026,1
3101,8029,1
3102,8031,1
3103,8034,1
3104,8036,1
3105,8039,1
3106,8041,1
3107,8044,1
3108,8046,1
3109,8049,1
3110,8051,1
3111,8054,1
3112,8056,1
3113,8059,1
3114,8061,1
3115,8064,1
3116,8066,1
3117,8069,1
3118,8071,1
3119,8074,1
3120,8076,1
3121,8079,1
3122,8081,1
3123,8084,1
3124,8086,1
3125,8089,1
3126,8091,1
3127,8094,1
3128,8096,1
3129,8099,1
3130,8101,1
3131,8104,1
3132,8106,1
3133,8109,1
3134,8111,1
3135,8114,1
3136,8116,1
3137,8119,1
3138,8121,1
3139,8124,1
3140,8126,1
3141,8129,1
3142,8131,1
3143,8133,1
3144,8136,1
3145,8138,1
3146,8141,1
3147,8143,1
3148,8146,1
3149,8148,1
3150,8151,1
3151,8153,1
3152,8156,1
3153,8158,1
3154,8161,1
3155,8163,1
3156,8166,1
3157,8168,1
3158,8171,1
3159,8173,1
3160,8176,1
3161,8178,1
3162,8181,1
3163,8183,1
3164,8186,1
3165,8188,1
3166,8191,1
3167,8193,1
3168,8196,1
3169,8198,1
3170,8201,1
3171,8203,1
3172,8206,1
3173,8208,1
3174,8211,1
3175,8213,1
3176,8216,1
3177,8218,1
3178,8221,1
3179,8223,1
3180,8226,1
3181,8228,1
3182,8231,1
3183,8233,1
3184,8236,1
3185,8238,1
3186,8241,1
3187,8243,1
3188,8246,1
3189,8248,1
3190,8251,1
3191,8253,1
3192,8255,1
3193,8258,1
3194,8260,1
3195,8263,1
3196,8265,1
3197,8268,1
3198,8270,1
3199,8273,1
3200,8275,1
3201,8278,1
3202,8280,1
3203,8283,1
3204,8285,1
3205,8288,1
3206,8290,1
3207,8293,1
3208,8295,1
3209,8298,1
3210,8300,1
3211,8303,1
3212,8305,1
3213,8308,1
3214,8310,1
3215,8313,1
3216,8315,1
3217,8318,1
3218,8320,1
3219,8323,1
3220,8325,1
3221,8328,1
3222,8330,1
3223,8333,1
3224,8335,1
3225,8338,1
3226,8340,1
3227,8343,1
3228,8345,1
3229,8348,1
3230,8350,1
3231,8353,1
3232,8355,1
3233,8358,1
3234,8360,1
3235,8363,1
3236,8365,1
3237,8368,1
3238,8370,1
3239,8373,1
3240,8375,1
3241,8378,1
3242,8380,1
3243,8382,1
3244,8385,1
3245,8387,1
3246,8390,1
3247,8392,1
3248,8395,1
3249,8397,1
3250,8400,1
3251,8402,1
3252,8405,1
3253,8407,1
3254,8410,1
3255,8412,1
3256,8415,1
3257,8417,1
3258,8420,1
3259,8422,1
3260,8425,1
3261,8427,1
3262,8430,1
3263,8432,1
3264,8435,1
3265,8437,1
3266,8440,1
3267,8442,1
3268,8445,1
3269,8447,1
3270,8450,1
3271,8452,1
3272,8455,1
3273,8457,1
3274,8460,1
3275,8462,1
3276,8465,1
3277,8467,1
3278,8470,1
3279,8472,1
3280,8475,1
3281,8477,1
3282,8480,1
3283,8482,1
3284,8485,1
3285,8487,1
3286,8490,1
3287,8492,1
3288,8495,1
3289,8497,1
3290,8500,1
3291,8502,1
3292,8504,1
3293,8507,1
3294,8509,1
3295,8512,1
3296,8514,1
3297,8517,1
3298,8519,1
3299,8522,1
3300,8524,1
3301,8527,1
3302,8529,1
3303,8532,1
3304,8534,1
3305,8537,1
3306,8539,1
3307,8542,1
3308,8544,1
3309,8547,1
3310,8549,1
3311,8552,1
3312,8554,1
3313,8557,1
3314,8559,1
3315,8562,1
3316,8564,1
3317,8567,1
3318,8569,1
3319,8572,1
3320,8574,1
3321,8577,1
3322,8579,1
3323,8582,1
3324,8584,1
3325,8587,1
3326,8589,1
3327,8592,1
3328,8594,1
3329,8597,1
3330,8599,1
3331,8602,1
3332,8604,1
3333,8607,1
3334,8609,1
3335,8612,1
3336,8614,1
3337,8617,1
3338,8619,1
3339,8622,1
3340,8624,1
3341,8627,1
3342,8629,1
3343,8631,1
3344,8634,1
3345,8636,1
3346,8639,1
3347,8641,1
3348,8644,1
3349,8646,1
3350,8649,1
3351,8651,1
3352,8654,1
3353,8656,1
3354,8659,1
3355,8661,1
3356,8664,1
3357,8666,1
3358,8669,1
3359,8671,1
3360,8674,1
3361,8676,1
3362,8679,1
3363,8681,1
3364,8684,1
3365,8686,1
3366,8689,1
3367,8691,1
3368,8694,1
3369,8696,1
3370,8699,1
3371,8701,1
3372,8704,1
3373,8706,1
3374,8709,1
3375,8711,1
3376,8714,1
3377,8716,1
3378,8719,1
3379,8721,1
3380,8724,1
3381,8726,1
3382,8729,1
3383,8731,1
3384,8734,1
3385,8736,1
3386,8739,1
3387,8741,1
3388,8744,1
3389,8746,1
3390,8749,1
3391,8751,1
3392,8753,1
3393,8756,1
3394,8758,1
3395,8761,1
3396,8763,1
3397,8766,1
3398,8768,1
3399,8771,1
3400,8773,1
3401,8776,1
3402,8778,1
3403,8781,1
3404,8783,1
3405,8786,1
3406,8788,1
3407,8791,1
3408,8793,1
3409,8796,1
3410,8798,1
3411,8801,1
3412,8803,1
3413,8806,1
3414,8808,1
3415,8811,1
3416,8813,1
3417,8816,1
3418,8818,1
3419,8821,1
3420,8823,1
3421,8826,1
3422,8828,1
3423,8831,1
3424,8833,1
3425,8836,1
3426,8838,1
3427,8841,1
3428,8843,1
3429,8846,1
3430,8848,1
3431,8851,1
3432,8853,1
3433,8856,1
3434,8858,1
3435,8861,1
3436,8863,1
3437,8866,1
3438,8868,1
3439,8871,1
3440,8873,1
3441,8876,1
3442,8878,1
3443,8880,1
3444,8883,1
3445,8885,1
3446,8888,1
3447,8890,1
3448,8893,1
3449,8895,1
3450,8898,1
3451,8900,1
3452,8903,1
3453,8905,1
3454,8908,1
3455,8910,1
3456,8913,1
3457,8915,1
3458,8918,1
3459,8920,1
3460,8923,1
3461,8925,1
3462,8928,1
3463,8930,1
3464,8933,1
3465,8935,1
3466,8938,1
3467,8940,1
3468,8943,1
3469,8945,1
3470,8948,1
3471,8950,1
3472,8953,1
3473,8955,1
3474,8958,1
3475,8960,1
3476,8963,1
3477,8965,1
3478,8968,1
3479,8970,1
3480,8973,1
3481,8975,1
3482,8978,1
3483,8980,1
3484,8983,1
3485,8985,1
3486,8988,1
3487,8990,1
3488,8993,1
3489,8995,1
3490,8998,1
3491,9000,1
3492,9002,1
3493,9005,1
3494,9007,1
3495,9010,1
3496,9012,1
3497,9015,1
3498,9017,1
3499,9020,1
3500,9022,1
3501,9025,1
3502,9027,1
3503,9030,1
3504,9032,1
3505,9035,1
3506,9037,1
3507,9040,1
3508,9042,1
3509,9045,1
3510,9047,1
3511,9050,1
3512,9052,1
3513,9055,1
3514,9057,1
3515,9060,1
3516,9062,1
3517,9065,1
3518,9067,1
3519,9070,1
3520,9072,1
3521,9075,1
3522,9077,1
3523,9080,1
3524,9082,1
3525,9085,1
3526,9087,1
3527,9090,1
3528,9092,1
3529,9095,1
3530,9097,1
3531,9100,1
3532,9102,1
3533,9105,1
3534,9107,1
3535,9110,1
3536,9112,1
3537,9115,1
3538,9117,1
3539,9120,1
3540,9122,1
3541,9125,1
3542,9127,1
3543,9129,1
3544,9132,1
3545,9134,1
3546,9137,1
3547,9139,1
3548,9142,1
3549,9144,1
3550,9147,1
3551,9149,1
3552,9152,1
3553,9154,1
3554,9157,1
3555,9159,1
3556,9162,1
3557,9164,1
3558,9167,1
3559,9169,1
3560,9172,1
3561,9174,1
3562,9177,1
3563,9179,1
3564,9182,1
3565,9184,1
3566,9187,1
3567,9189,1
3568,9192,1
3569,9194,1
3570,9197,1
3571,9199,1
3572,9202,1
3573,9204,1
3574,9207,1
3575,9209,1
3576,9212,1
3577,9214,1
3578,9217,1
3579,9219,1
3580,9222,1
3581,9224,1
3582,9227,1
3583,9229,1
3584,9232,1
3585,9234,1
3586,9237,1
3587,9239,1
3588,9242,1
3589,9244,1
3590,9247,1
3591,9249,1
3592,9251,1
3593,9254,1
3594,9256,1
3595,9259,1
3596,9261,1
3597,9264,1
3598,9266,1
3599,9269,1
3600,9271,1
3601,9274,1
3602,9276,1
3603,9279,1
3604,9281,1
3605,9284,1
3606,9286,1
3607,9289,1
3608,9291,1
3609,9294,1
3610,9296,1
3611,9299,1
3612,9301,1
3613,9304,1
3614,9306,1
3615,9309,1
3616,9311,1
3617,9314,1
3618,9316,1
3619,9319,1
3620,9321,1
3621,9324,1
3622,9326,1
3623,9329,1
3624,9331,1
3625,9334,1
3626,9336,1
3627,9339,1
3628,9341,1
3629,9344,1
3630,9346,1
3631,9349,1
3632,9351,1
3633,9354,1
3634,9356,1
3635,9359,1
3636,9361,1
3637,9364,1
3638,9366,1
3639,9369,1
3640,9371,1
3641,9374,1
3642,9376,1
3643,9378,1
3644,9381,1
3645,9383,1
3646,9386,1
3647,9388,1
3648,9391,1
3649,9393,1
3650,9396,1
3651,9398,1
3652,9401,1
3653,9403,1
3654,9406,1
3655,9408,1
3656,9411,1
3657,9413,1
3658,9416,1
3659,9418,1
3660,9421,1
3661,9423,1
3662,9426,1
3663,9428,1
3664,9431,1
3665,9433,1
3666,9436,1
3667,9438,1
3668,9441,1
3669,9443,1
3670,9446,1
3671,9448,1
3672,9451,1
3673,9453,1
3674,9456,1
3675,9458,1
3676,9461,1
3677,9463,1
3678,9466,1
3679,9468,1
3680,9471,1
3681,9473,1
3682,9476,1
3683,9478,1
3684,9481,1
3685,9483,1
3686,9486,1
3687,9488,1
3688,9491,1
3689,9493,1
3690,9496,1
3691,9498,1
3692,9500,1
3693,9503,1
3694,9505,1
3695,9508,1
3696,9510,1
3697,9513,1
3698,9515,1
3699,9518,1
3700,9520,1
3701,9523,1
3702,9525,1
3703,9528,1
3704,9530,1
3705,9533,1
3706,9535,1
3707,9538,1
3708,9540,1
3709,9543,1
3710,9545,1
3711,9548,1
3712,9550,1
3713,9553,1
3714,9555,1
3715,9558,1
3716,9560,1
3717,9563,1
3718,9565,1
3719,9568,1
3720,9570,1
3721,9573,1
3722,9575,1
3723,9578,1
3724,9580,1
3725,9583,1
3726,9585,1
3727,9588,1
3728,9590,1
3729,9593,1
3730,9595,1
3731,9598,1
3732,9600,1
3733,9603,1
3734,9605,1
3735,9608,1
3736,9610,1
3737,9613,1
3738,9615,1
3739,9618,1
3740,9620,1
3741,9623,1
3742,9625,1
3743,9627,1
3744,9630,1
3745,9632,1
3746,9635,1
3747,9637,1
3748,9640,1
3749,9642,1
3750,9645,1
3751,9647,1
3752,9650,1
3753,9652,1
3754,9655,1
3755,9657,1
3756,9660,1
3757,9662,1
3758,9665,1
3759,9667,1
3760,9670,1
3761,9672,1
3762,9675,1
3763,9677,1
3764,9680,1
3765,9682,1
3766,9685,1
3767,9687,1
3768,9690,1
3769,9692,1
3770,9695,1
3771,9697,1
3772,9700,1
3773,9702,1
3774,9705,1
3775,9707,1
3776,9710,1
3777,9712,1
3778,9715,1
3779,9717,1
3780,9720,1
3781,9722,1
3782,9725,1
3783,9727,1
3784,9730,1
3785,9732,1
3786,9735,1
3787,9737,1
3788,9740,1
3789,9742,1
3790,9745,1
3791,9747,1
3792,9749,1
3793,9752,1
3794,9754,1
3795,9757,1
3796,9759,1
3797,9762,1
3798,9764,1
3799,9767,1
3800,9769,1
3801,9772,1
3802,9774,1
3803,9777,1
3804,9779,1
3805,9782,1
3806,9784,1
3807,9787,1
3808,9789,1
3809,9792,1
3810,9794,1
3811,9797,1
3812,9799,1
3813,9802,1
3814,9804,1
3815,9807,1
3816,9809,1
3817,9812,1
3818,9814,1
3819,9817,1
3820,9819,1
3821,9822,1
3822,9824,1
3823,9827,1
3824,9829,1
3825,9832,1
3826,9834,1
3827,9837,1
3828,9839,1
3829,9842,1
3830,9844,1
3831,9847,1
3832,9849,1
3833,9852,1
3834,9854,1
3835,9857,1
3836,9859,1
3837,9862,1
3838,9864,1
3839,9867,1
3840,9869,1
3841,9872,1
3842,9874,1
3843,9876,1
3844,9879,1
3845,9881,1
3846,9884,1
3847,9886,1
3848,9889,1
3849,9891,1
3850,9894,1
3851,9896,1
3852,9899,1
3853,9901,1
3854,9904,1
3855,9906,1
3856,9909,1
3857,9911,1
3858,9914,1
3859,9916,1
3860,9919,1
3861,9921,1
3862,9924,1
3863,9926,1
3864,9929,1
3865,9931,1
3866,9934,1
3867,9936,1
3868,9939,1
3869,9941,1
3870,9944,1
3871,9946,1
3872,9949,1
3873,9951,1
3874,9954,1
3875,9956,1
3876,9959,1
3877,9961,1
3878,9964,1
3879,9966,1
3880,9969,1
3881,9971,1
3882,9974,1
3883,9976,1
3884,9979,1
3885,9981,1
3886,9984,1
3887,9986,1
3888,9989,1
3889,9991,1
3890,9994,1
3891,9996,1
3892,9998,1
3893,10001,1
3894,10003,1
3895,10006,1
3896,10008,1
3897,10011,1
3898,10013,1
3899,10016,1
3900,10018,1
3901,10021,1
3902,10023,1
3903,10026,1
3904,10028,1
3905,10031,1
3906,10033,1
3907,10036,1
3908,10038,1
3909,10041,1
3910,10043,1
3911,10046,1
3912,10048,1
3913,10051,1
3914,10053,1
3915,10056,1
3916,10058,1
3917,10061,1
3918,10063,1
3919,10066,1
3920,10068,1
3921,10071,1
3922,10073,1
3923,10076,1
3924,10078,1
3925,10081,1
3926,10083,1
3927,10086,1
3928,10088,1
3929,10091,1
3930,10093,1
3931,10096,1
3932,10098,1
3933,10101,1
3934,10103,1
3935,10106,1
3936,10108,1
3937,10111,1
3938,10113,1
3939,10116,1
3940,10118,1
3941,10121,1
3942,10123,1
3943,10125,1
3944,10128,1
3945,10130,1
3946,10133,1
3947,10135,1
3948,10138,1
3949,10140,1
3950,10143,1
3951,10145,1
3952,10148,1
3953,10150,1
3954,10153,1
3955,10155,1
3956,10158,1
3957,10160,1
3958,10163,1
3959,10165,1
3960,10168,1
3961,10170,1
3962,10173,1
3963,10175,1
3964,10178,1
3965,10180,1
3966,10183,1
3967,10185,1
3968,10188,1
3969,10190,1
3970,10193,1
3971,10195,1
3972,10198,1
3973,10200,1
3974,10203,1
3975,10205,1
3976,10208,1
3977,10210,1
3978,10213,1
3979,10215,1
3980,10218,1
3981,10220,1
3982,10223,1
3983,10225,1
3984,10228,1
3985,10230,1
3986,10233,1
3987,10235,1
3988,10238,1
3989,10240,1
3990,10243,1
3991,10245,1
3992,10247,1
3993,10250,1
3994,10252,1
3995,10255,1
3996,10257,1
3997,10260,1
3998,10262,1
3999,10265,1
4000,10267,1
4001,10270,1
4002,10272,1
4003,10275,1
4004,10277,1
4005,10280,1
4006,10282,1
4007,10285,1
4008,10287,1
4009,10290,1
4010,10292,1
4011,10295,1
4012,10297,1
4013,10300,1
4014,10302,1
4015,10305,1
4016,10307,1
4017,10310,1
4018,10312,1
4019,10315,1
4020,10317,1
4021,10320,1
4022,10322,1
4023,10325,1
4024,10327,1
4025,10330,1
4026,10332,1
4027,10335,1
4028,10337,1
4029,10340,1
4030,10342,1
4031,10345,1
4032,10347,1
4033,10350,1
4034,10352,1
4035,10355,1
4036,10357,1
4037,10360,1
4038,10362,1
4039,10365,1
4040,10367,1
4041,10370,1
4042,10372,1
4043,10374,1
4044,10377,1
4045,10379,1
4046,10382,1
4047,10384,1
4048,10387,1
4049,10389,1
4050,10392,1
4051,10394,1
4052,10397,1
4053,10399,1
4054,10402,1
4055,10404,1
4056,10407,1
4057,10409,1
4058,10412,1
4059,10414,1
4060,10417,1
4061,10419,1
4062,10422,1
4063,10424,1
4064,10427,1
4065,10429,1
4066,10432,1
4067,10434,1
4068,10437,1
4069,10439,1
4070,10442,1
4071,10444,1
4072,10447,1
4073,10449,1
4074,10452,1
4075,10454,1
4076,10457,1
4077,10459,1
4078,10462,1
4079,10464,1
4080,10467,1
4081,10469,1
4082,10472,1
4083,10474,1
4084,10477,1
4085,10479,1
4086,10482,1
4087,10484,1
4088,10487,1
4089,10489,1
4090,10492,1
4091,10494,1
4092,10496,1
4093,10499,1
4094,10501,1
4095,10504,1
4096,10506,1
4097,10509,1
4098,10511,1
4099,10514,1
4100,10516,1
4101,10519,1
4102,10521,1
4103,10524,1
4104,10526,1
4105,10529,1
4106,10531,1
4107,10534,1
4108,10536,1
4109,10539,1
4110,10541,1
4111,10544,1
4112,10546,1
4113,10549,1
4114,10551,1
4115,10554,1
4116,10556,1
4117,10559,1
4118,10561,1
4119,10564,1
4120,10566,1
4121,10569,1
4122,10571,1
4123,10574,1
4124,10576,1
4125,10579,1
4126,10581,1
4127,10584,1
4128,10586,1
4129,10589,1
4130,10591,1
4131,10594,1
4132,10596,1
4133,10599,1
4134,10601,1
4135,10604,1
4136,10606,1
4137,10609,1
4138,10611,1
4139,10614,1
4140,10616,1
4141,10619,1
4142,10621,1
4143,10623,1
4144,10626,1
4145,10628,1
4146,10631,1
4147,10633,1
4148,10636,1
4149,10638,1
4150,10641,1
4151,10643,1
4152,10646,1
4153,10648,1
4154,10651,1
4155,10653,1
4156,10656,1
4157,10658,1
4158,10661,1
4159,10663,1
4160,10666,1
4161,10668,1
4162,10671,1
4163,10673,1
4164,10676,1
4165,10678,1
4166,10681,1
4167,10683,1
4168,10686,1
4169,10688,1
4170,10691,1
4171,10693,1
4172,10696,1
4173,10698,1
4174,10701,1
4175,10703,1
4176,10706,1
4177,10708,1
4178,10711,1
4179,10713,1
4180,10716,1
4181,10718,1
4182,10721,1
4183,10723,1
4184,10726,1
4185,10728,1
4186,10731,1
4187,10733,1
4188,10736,1
4189,10738,1
4190,10741,1
4191,10743,1
4192,10745,1
4193,10748,1
4194,10750,1
4195,10753,1
4196,10755,1
4197,10758,1
4198,10760,1
4199,10763,1
4200,10765,1
4201,10768,1
4202,10770,1
4203,10773,1
4204,10775,1
4205,10778,1
4206,10780,1
4207,10783,1
4208,10785,1
4209,10788,1
4210,10790,1
4211,10793,1
4212,10795,1
4213,10798,1
4214,10800,1
4215,10803,1
4216,10805,1
4217,10808,1
4218,10810,1
4219,10813,1
4220,10815,1
4221,10818,1
4222,10820,1
4223,10823,1
4224,10825,1
4225,10828,1
4226,10830,1
4227,10833,1
4228,10835,1
4229,10838,1
4230,10840,1
4231,10843,1
4232,10845,1
4233,10848,1
4234,10850,1
4235,10853,1
4236,10855,1
4237,10858,1
4238,10860,1
4239,10863,1
4240,10865,1
4241,10868,1
4242,10870,1
4243,10872,1
4244,10875,1
4245,10877,1
4246,10880,1
4247,10882,1
4248,10885,1
4249,10887,1
4250,10890,1
4251,10892,1
4252,10895,1
4253,10897,1
4254,10900,1
4255,10902,1
4256,10905,1
4257,10907,1
4258,10910,1
4259,10912,1
4260,10915,1
4261,10917,1
4262,10920,1
4263,10922,1
4264,10925,1
4265,10927,1
4266,10930,1
4267,10932,1
4268,10935,1
4269,10937,1
4270,10940,1
4271,10942,1
4272,10945,1
4273,10947,1
4274,10950,1
4275,10952,1
4276,10955,1
4277,10957,1
4278,10960,1
4279,10962,1
4280,10965,1
4281,10967,1
4282,10970,1
4283,10972,1
4284,10975,1
4285,10977,1
4286,10980,1
4287,10982,1
4288,10985,1
4289,10987,1
4290,10990,1
4291,10992,1
4292,10994,1
4293,10997,1
4294,10999,1
4295,11002,1
4296,11004,1
4297,11007,1
4298,11009,1
4299,11012,1
4300,11014,1
4301,11017,1
4302,11019,1
4303,11022,1
4304,11024,1
4305,11027,1
4306,11029,1
4307,11032,1
4308,11034,1
4309,11037,1
4310,11039,1
4311,11042,1
4312,11044,1
4313,11047,1
4314,11049,1
4315,11052,1
4316,11054,1
4317,11057,1
4318,11059,1
4319,11062,1
4320,11064,1
4321,11067,1
4322,11069,1
4323,11072,1
4324,11074,1
4325,11077,1
4326,11079,1
4327,11082,1
4328,11084,1
4329,11087,1
4330,11089,1
4331,11092,1
4332,11094,1
4333,11097,1
4334,11099,1
4335,11102,0
4336,11104,1
4337,11107,1
4338,11109,1
4339,11112,1
4340,11114,1
4341,11117,1
4342,11119,1
4343,11121,1
4344,11124,1
4345,11126,1
4346,11129,1
4347,11131,1
4348,11134,1
4349,11136,1
4350,11139,1
4351,11141,1
4352,11144,1
4353,11146,1
4354,11149,1
4355,11151,1
4356,11154,1
4357,11156,1
4358,11159,1
4359,11161,1
4360,11164,1
4361,11166,1
4362,11169,1
4363,11171,1
4364,11174,1
4365,11176,1
4366,11179,1
4367,11181,1
4368,11184,1
4369,11186,1
4370,11189,1
4371,11191,1
4372,11194,1
4373,11196,1
4374,11199,1
4375,11201,1
4376,11204,1
4377,11206,1
4378,11209,1
4379,11211,1
4380,11214,1
4381,11216,1
4382,11219,1
4383,11221,1
4384,11224,1
4385,11226,1
4386,11229,1
4387,11231,1
4388,11234,1
4389,11236,1
4390,11239,1
4391,11241,1
4392,11243,1
4393,11246,1
4394,11248,1
4395,11251,1
4396,11253,1
4397,11256,1
4398,11258,1
4399,11261,1
4400,11263,1
4401,11266,1
4402,11268,1
4403,11271,1
4404,11273,1
4405,11276,1
4406,11278,1
4407,11281,1
4408,11283,1
4409,11286,1
4410,11288,1
4411,11291,1
4412,11293,1
4413,11296,1
4414,11298,1
4415,11301,1
4416,11303,1
4417,11306,1
4418,11308,1
4419,11311,1
4420,11313,1
4421,11316,1
4422,11318,1
4423,11321,1
4424,11323,1
4425,11326,1
4426,11328,1
4427,11331,1
4428,11333,1
4429,11336,1
4430,11338,1
4431,11341,1
4432,11343,1
4433,11346,1
4434,11348,1
4435,11351,1
4436,11353,1
4437,11356,1
4438,11358,1
4439,11361,1
4440,11363,1
4441,11366,1
4442,11368,1
4443,11370,1
4444,11373,1
4445,11375,1
4446,11378,1
4447,11380,1
4448,11383,1
4449,11385,1
4450,11388,1
4451,11390,1
4452,11393,1
4453,11395,1
4454,11398,1
4455,11400,1
4456,11403,1
4457,11405,1
4458,11408,1
4459,11410,1
4460,11413,1
4461,11415,1
4462,11418,1
4463,11420,1
4464,11423,1
4465,11425,1
4466,11428,1
4467,11430,1
4468,11433,1
4469,11435,1
4470,11438,1
4471,11440,1
4472,11443,1
4473,11445,1
4474,11448,1
4475,11450,1
4476,11453,1
4477,11455,1
4478,11458,1
4479,11460,1
4480,11463,1
4481,11465,1
4482,11468,1
4483,11470,1
4484,11473,1
4485,11475,1
4486,11478,1
4487,11480,1
4488,11483,1
4489,11485,1
4490,11488,1
4491,11490,1
4492,11492,1
4493,11495,1
4494,11497,1
4495,11500,1
4496,11502,1
4497,11505,1
4498,11507,1
4499,11510,1
4500,11512,1
4501,11515,1
4502,11517,1
4503,11520,1
4504,11522,1
4505,11525,1
4506,11527,1
4507,11530,1
4508,11532,1
4509,11535,1
4510,11537,1
4511,11540,1
4512,11542,1
4513,11545,1
4514,11547,1
4515,11550,1
4516,11552,1
4517,11555,1
4518,11557,1
4519,11560,1
4520,11562,1
4521,11565,1
4522,11567,1
4523,11570,1
4524,11572,1
4525,11575,1
4526,11577,1
4527,11580,1
4528,11582,1
4529,11585,1
4530,11587,1
4531,11590,1
4532,11592,1
4533,11595,1
4534,11597,1
4535,11600,1
4536,11602,1
4537,11605,1
4538,11607,1
4539,11610,1
4540,11612,1
4541,11615,1
4542,11617,1
4543,11619,1
4544,11622,1
4545,11624,1
4546,11627,1
4547,11629,1
4548,11632,1
4549,11634,1
4550,11637,1
4551,11639,1
4552,11642,1
4553,11644,1
4554,11647,1
4555,11649,1
4556,11652,1
4557,11654,1
4558,11657,1
4559,11659,1
4560,11662,1
4561,11664,1
4562,11667,1
4563,11669,1
4564,11672,1
4565,11674,1
4566,11677,1
4567,11679,1
4568,11682,1
4569,11684,1
4570,11687,1
4571,11689,1
4572,11692,1
4573,11694,1
4574,11697,1
4575,11699,1
4576,11702,1
4577,11704,1
4578,11707,1
4579,11709,1
4580,11712,1
4581,11714,1
4582,11717,1
4583,11719,1
4584,11722,1
4585,11724,1
4586,11727,1
4587,11729,1
4588,11732,1
4589,11734,1
4590,11737,1
4591,11739,1
4592,11741,1
4593,11744,1
4594,11746,1
4595,11749,1
4596,11751,1
4597,11754,1
4598,11756,1
4599,11759,1
4600,11761,1
4601,11764,1
4602,11766,1
4603,11769,1
4604,11771,1
4605,11774,1
4606,11776,1
4607,11779,1
4608,11781,1
4609,11784,1
4610,11786,1
4611,11789,1
4612,11791,1
4613,11794,1
4614,11796,1
4615,11799,1
4616,11801,1
4617,11804,1
4618,11806,1
4619,11809,1
4620,11811,1
4621,11814,1
4622,11816,1
4623,11819,1
4624,11821,1
4625,11824,1
4626,11826,1
4627,11829,1
4628,11831,1
4629,11834,1
4630,11836,1
4631,11839,1
4632,11841,1
4633,11844,1
4634,11846,1
4635,11849,1
4636,11851,1
4637,11854,1
4638,11856,1
4639,11859,1
4640,11861,1
4641,11864,1
4642,11866,1
4643,11868,1
4644,11871,1
4645,11873,1
4646,11876,1
4647,11878,1
4648,11881,1
4649,11883,1
4650,11886,1
4651,11888,1
4652,11891,1
4653,11893,1
4654,11896,1
4655,11898,1
4656,11901,1
4657,11903,1
4658,11906,1
4659,11908,1
4660,11911,1
4661,11913,1
4662,11916,1
4663,11918,1
4664,11921,1
4665,11923,1
4666,11926,1
4667,11928,1
4668,11931,1
4669,11933,1
4670,11936,1
4671,11938,1
4672,11941,1
4673,11943,1
4674,11946,1
4675,11948,1
4676,11951,1
4677,11953,1
4678,11956,1
4679,11958,1
4680,11961,1
4681,11963,1
4682,11966,1
4683,11968,1
4684,11971,1
4685,11973,1
4686,11976,1
4687,11978,1
4688,11981,1
4689,11983,1
4690,11986,1
4691,11988,1
4692,11990,1
4693,11993,1
4694,11995,1
4695,11998,1
4696,12000,1
4697,12003,1
4698,12005,1
4699,12008,1
4700,12010,1
4701,12013,1
4702,12015,1
4703,12018,1
4704,12020,1
4705,12023,1
4706,12025,1
4707,12028,1
4708,12030,1
4709,12033,1
4710,12035,1
4711,12038,1
4712,12040,1
4713,12043,1
4714,12045,1
4715,12048,1
4716,12050,1
4717,12053,1
4718,12055,1
4719,12058,1
4720,12060,1
4721,12063,1
4722,12065,1
4723,12068,1
4724,12070,1
4725,12073,1
4726,12075,1
4727,12078,1
4728,12080,1
4729,12083,1
4730,12085,1
4731,12088,1
4732,12090,1
4733,12093,1
4734,12095,1
4735,12098,1
4736,12100,1
4737,12103,1
4738,12105,1
4739,12108,1
4740,12110,1
4741,12113,1
4742,12115,1
4743,12117,1
4744,12120,1
4745,12122,1
4746,12125,1
4747,12127,1
4748,12130,1
4749,12132,1
4750,12135,1
4751,12137,1
4752,12140,1
4753,12142,1
4754,12145,1
4755,12147,1
4756,12150,1
4757,12152,1
4758,12155,1
4759,12157,1
4760,12160,1
4761,12162,1
4762,12165,1
4763,12167,1
4764,12170,1
4765,12172,1
4766,12175,1
4767,12177,1
4768,12180,1
4769,12182,1
4770,12185,1
4771,12187,1
4772,12190,1
4773,12192,1
4774,12195,1
4775,12197,1
4776,12200,1
4777,12202,1
4778,12205,1
4779,12207,1
4780,12210,1
4781,12212,1
4782,12215,1
4783,12217,1
4784,12220,1
4785,12222,1
4786,12225,1
4787,12227,1
4788,12230,1
4789,12232,1
4790,12235,1
4791,12237,1
4792,12239,1
4793,12242,1
4794,12244,1
4795,12247,1
4796,12249,1
4797,12252,1
4798,12254,1
4799,12257,1
4800,12259,1
4801,12262,1
4802,12264,1
4803,12267,1
4804,12269,1
4805,12272,1
4806,12274,1
4807,12277,1
4808,12279,1
4809,12282,1
4810,12284,1
4811,12287,1
4812,12289,1
4813,12292,1
4814,12294,1
4815,12297,1
4816,12299,1
4817,12302,1
4818,12304,1
4819,12307,1
4820,12309,1
4821,12312,1
4822,12314,1
4823,12317,1
4824,12319,1
4825,12322,1
4826,12324,1
4827,12327,1
4828,12329,1
4829,12332,1
4830,12334,1
4831,12337,1
4832,12339,1
4833,12342,1
4834,12344,1
4835,12347,1
4836,12349,1
4837,12352,1
4838,12354,1
4839,12357,1
4840,12359,1
4841,12362,1
4842,12364,1
4843,12366,1
4844,12369,1
4845,12371,1
4846,12374,1
4847,12376,1
4848,12379,1
4849,12381,1
4850,12384,1
4851,12386,1
4852,12389,1
4853,12391,1
4854,12394,1
4855,12396,1
4856,12399,1
4857,12401,1
4858,12404,1
4859,12406,1
4860,12409,1
4861,12411,1
4862,12414,1
4863,12416,1
4864,12419,1
4865,12421,1
4866,12424,1
4867,12426,1
4868,12429,1
4869,12431,1
4870,12434,1
4871,12436,1
4872,12439,1
4873,12441,1
4874,12444,1
4875,12446,1
4876,12449,1
4877,12451,1
4878,12454,1
4879,12456,1
4880,12459,1
4881,12461,1
4882,12464,1
4883,12466,1
4884,12469,1
4885,12471,1
4886,12474,1
4887,12476,1
4888,12479,1
4889,12481,1
4890,12484,1
4891,12486,1
4892,12488,1
4893,12491,1
4894,12493,1
4895,12496,1
4896,12498,1
4897,12501,1
4898,12503,1
4899,12506,1
4900,12508,1
4901,12511,1
4902,12513,1
4903,12516,1
4904,12518,1
4905,12521,1
4906,12523,1
4907,12526,1
4908,12528,1
4909,12531,1
4910,12533,1
4911,12536,1
4912,12538,1
4913,12541,1
4914,12543,1
4915,12546,1
4916,12548,1
4917,12551,1
4918,12553,1
4919,12556,1
4920,12558,1
4921,12561,1
4922,12563,1
4923,12566,1
4924,12568,1
4925,12571,1
4926,12573,1
4927,12576,1
4928,12578,1
4929,12581,1
4930,12583,1
4931,12586,1
4932,12588,1
4933,12591,1
4934,12593,1
4935,12596,1
4936,12598,1
4937,12601,1
4938,12603,1
4939,12606,1
4940,12608,1
4941,12611,1
4942,12613,1
4943,12615,1
4944,12618,1
4945,12620,1
4946,12623,1
4947,12625,1
4948,12628,1
4949,12630,1
4950,12633,1
4951,12635,1
4952,12638,1
4953,12640,1
4954,12643,1
4955,12645,1
4956,12648,1
4957,12650,1
4958,12653,1
4959,12655,1
4960,12658,1
4961,12660,1
4962,12663,1
4963,12665,1
4964,12668,1
4965,12670,1
4966,12673,1
4967,12675,1
4968,12678,1
4969,12680,1
4970,12683,1
4971,12685,1
4972,12688,1
4973,12690,1
4974,12693,1
4975,12695,1
4976,12698,1
4977,12700,1
4978,12703,1
4979,12705,1
4980,12708,1
4981,12710,1
4982,12713,1
4983,12715,1
4984,12718,1
4985,12720,1
4986,12723,1
4987,12725,1
4988,12728,1
4989,12730,1
4990,12733,1
4991,12735,1
4992,12737,1
4993,12740,1
4994,12742,1
4995,12745,1
4996,12747,1
4997,12750,1
4998,12752,1
4999,12755,1
5000,12757,1
5001,12760,1
5002,12762,1
5003,12765,1
5004,12767,1
5005,12770,1
5006,12772,1
5007,12775,1
5008,12777,1
5009,12780,1
5010,12782,1
5011,12785,1
5012,12787,1
5013,12790,1
5014,12792,1
5015,12795,1
5016,12797,1
5017,12800,1
5018,12802,1
5019,12805,1
5020,12807,1
5021,12810,1
5022,12812,1
5023,12815,1
5024,12817,1
5025,12820,1
5026,12822,1
5027,12825,1
5028,12827,1
5029,12830,1
5030,12832,1
5031,12835,1
5032,12837,1
5033,12840,1
5034,12842,1
5035,12845,1
5036,12847,1
5037,12850,1
5038,12852,1
5039,12855,1
5040,12857,1
5041,12860,1
5042,12862,1
5043,12864,1
5044,12867,1
5045,12869,1
5046,12872,1
5047,12874,1
5048,12877,1
5049,12879,1
5050,12882,1
5051,12884,1
5052,12887,1
5053,12889,1
5054,12892,1
5055,12894,1
5056,12897,1
5057,12899,1
5058,12902,1
5059,12904,1
5060,12907,1
5061,12909,1
5062,12912,1
5063,12914,1
5064,12917,1
5065,12919,1
5066,12922,1
5067,12924,1
5068,12927,1
5069,12929,1
5070,12932,1
5071,12934,1
5072,12937,1
5073,12939,1
5074,12942,1
5075,12944,1
5076,12947,1
5077,12949,1
5078,12952,1
5079,12954,1
5080,12957,1
5081,12959,1
5082,12962,1
5083,12964,1
5084,12967,1
5085,12969,1
5086,12972,1
5087,12974,1
5088,12977,1
5089,12979,1
5090,12982,1
5091,12984,1
5092,12986,1
5093,12989,1
5094,12991,1
5095,12994,1
5096,12996,1
5097,12999,1
5098,13001,1
5099,13004,1
5100,13006,1
5101,13009,1
5102,13011,1
5103,13014,1
5104,13016,1
5105,13019,1
5106,13021,1
5107,13024,1
5108,13026,1
5109,13029,1
5110,13031,1
5111,13034,1
5112,13036,1
5113,13039,1
5114,13041,1
5115,13044,1
5116,13046,1
5117,13049,1
5118,13051,1
5119,13054,1
5120,13056,1
5121,13059,1
5122,13061,1
5123,13064,1
5124,13066,1
5125,13069,1
5126,13071,1
5127,13074,1
5128,13076,1
5129,13079,1
5130,13081,1
5131,13084,1
5132,13086,1
5133,13089,1
5134,13091,1
5135,13094,1
5136,13096,1
5137,13099,1
5138,13101,1
5139,13104,1
5140,13106,1
5141,13109,1
5142,13111,1
5143,13113,1
5144,13116,1
5145,13118,1
5146,13121,1
5147,13123,1
5148,13126,1
5149,13128,1
5150,13131,1
5151,13133,1
5152,13136,1
5153,13138,1
5154,13141,1
5155,13143,1
5156,13146,1
5157,13148,1
5158,13151,1
5159,13153,1
5160,13156,1
5161,13158,1
5162,13161,1
5163,13163,1
5164,13166,1
5165,13168,1
5166,13171,1
5167,13173,1
5168,13176,1
5169,13178,1
5170,13181,1
5171,13183,1
5172,13186,1
5173,13188,1
5174,13191,1
5175,13193,1
5176,13196,1
5177,13198,1
5178,13201,1
5179,13203,1
5180,13206,1
5181,13208,1
5182,13211,1
5183,13213,1
5184,13216,1
5185,13218,1
5186,13221,1
5187,13223,1
5188,13226,1
5189,13228,1
5190,13231,1
5191,13233,1
5192,13235,1
5193,13238,1
5194,13240,1
5195,13243,1
5196,13245,1
5197,13248,1
5198,13250,1
5199,13253,1
5200,13255,1
5201,13258,1
5202,13260,1
5203,13263,1
5204,13265,1
5205,13268,1
5206,13270,1
5207,13273,1
5208,13275,1
5209,13278,1
5210,13280,1
5211,13283,1
5212,13285,1
5213,13288,1
5214,13290,1
5215,13293,1
5216,13295,1
5217,13298,1
5218,13300,1
5219,13303,1
5220,13305,1
5221,13308,1
5222,13310,1
5223,13313,1
5224,13315,1
5225,13318,1
5226,13320,1
5227,13323,1
5228,13325,1
5229,13328,1
5230,13330,1
5231,13333,1
5232,13335,1
5233,13338,1
5234,13340,1
5235,13343,1
5236,13345,1
5237,13348,1
5238,13350,1
5239,13353,1
5240,13355,1
5241,13358,1
5242,13360,1
5243,13362,1
5244,13365,1
5245,13367,1
5246,13370,1
5247,13372,1
5248,13375,1
5249,13377,1
5250,13380,1
5251,13382,1
5252,13385,1
5253,13387,1
5254,13390,1
5255,13392,1
5256,13395,1
5257,13397,1
5258,13400,1
5259,13402,1
5260,13405,1
5261,13407,1
5262,13410,1
5263,13412,1
5264,13415,1
5265,13417,1
5266,13420,1
5267,13422,1
5268,13425,1
5269,13427,1
5270,13430,1
5271,13432,1
5272,13435,1
5273,13437,1
5274,13440,1
5275,13442,1
5276,13445,1
5277,13447,1
5278,13450,1
5279,13452,1
5280,13455,1
5281,13457,1
5282,13460,1
5283,13462,1
5284,13465,1
5285,13467,1
5286,13470,1
5287,13472,1
5288,13475,1
5289,13477,1
5290,13480,1
5291,13482,1
5292,13484,1
5293,13487,1
5294,13489,1
5295,13492,1
5296,13494,1
5297,13497,1
5298,13499,1
5299,13502,1
5300,13504,1
5301,13507,1
5302,13509,1
5303,13512,1
5304,13514,1
5305,13517,1
5306,13519,1
5307,13522,1
5308,13524,1
5309,13527,1
5310,13529,1
5311,13532,1
5312,13534,1
5313,13537,1
5314,13539,1
5315,13542,1
5316,13544,1
5317,13547,1
5318,13549,1
5319,13552,1
5320,13554,1
5321,13557,1
5322,13559,1
5323,13562,1
5324,13564,1
5325,13567,1
5326,13569,1
5327,13572,1
5328,13574,1
5329,13577,1
5330,13579,1
5331,13582,1
5332,13584,1
5333,13587,1
5334,13589,1
5335,13592,1
5336,13594,1
5337,13597,1
5338,13599,1
5339,13602,1
5340,13604,1
5341,13607,1
5342,13609,1
5343,13611,1
5344,13614,1
5345,13616,1
5346,13619,1
5347,13621,1
5348,13624,1
5349,13626,1
5350,13629,1
5351,13631,1
5352,13634,1
5353,13636,1
5354,13639,1
5355,13641,1
5356,13644,1
5357,13646,1
5358,13649,1
5359,13651,1
5360,13654,1
5361,13656,1
5362,13659,1
5363,13661,1
5364,13664,1
5365,13666,1
5366,13669,1
5367,13671,1
5368,13674,1
5369,13676,1
5370,13679,1
5371,13681,1
5372,13684,1
5373,13686,1
5374,13689,1
5375,13691,1
5376,13694,1
5377,13696,1
5378,13699,1
5379,13701,1
5380,13704,1
5381,13706,1
5382,13709,1
5383,13711,1
5384,13714,1
5385,13716,1
5386,13719,1
5387,13721,1
5388,13724,1
5389,13726,1
5390,13729,1
5391,13731,1
5392,13733,1
5393,13736,1
5394,13738,1
5395,13741,1
5396,13743,1
5397,13746,1
5398,13748,1
5399,13751,1
5400,13753,1
5401,13756,1
5402,13758,1
5403,13761,1
5404,13763,1
5405,13766,1
5406,13768,1
5407,13771,1
5408,13773,1
5409,13776,1
5410,13778,1
5411,13781,1
5412,13783,1
5413,13786,1
5414,13788,1
5415,13791,1
5416,13793,1
5417,13796,1
5418,13798,1
5419,13801,1
5420,13803,1
5421,13806,1
5422,13808,1
5423,13811,1
5424,13813,1
5425,13816,1
5426,13818,1
5427,13821,1
5428,13823,1
5429,13826,1
5430,13828,1
5431,13831,1
5432,13833,1
5433,13836,1
5434,13838,1
5435,13841,1
5436,13843,1
5437,13846,1
5438,13848,1
5439,13851,1
5440,13853,1
5441,13856,1
5442,13858,1
5443,13860,1
5444,13863,1
5445,13865,1
5446,13868,1
5447,13870,1
5448,13873,1
5449,13875,1
5450,13878,1
5451,13880,1
5452,13883,1
5453,13885,1
5454,13888,1
5455,13890,1
5456,13893,1
5457,13895,1
5458,13898,1
5459,13900,1
5460,13903,1
5461,13905,1
5462,13908,1
5463,13910,1
5464,13913,1
5465,13915,1
5466,13918,1
5467,13920,1
5468,13923,1
5469,13925,1
5470,13928,1
5471,13930,1
5472,13933,1
5473,13935,1
5474,13938,1
5475,13940,1
5476,13943,1
5477,13945,1
5478,13948,1
5479,13950,1
5480,13953,1
5481,13955,1
5482,13958,1
5483,13960,1
5484,13963,1
5485,13965,1
5486,13968,1
5487,13970,1
5488,13973,1
5489,13975,1
5490,13978,1
5491,13980,1
5492,13982,1
5493,13985,1
5494,13987,1
5495,13990,1
5496,13992,1
5497,13995,1
5498,13997,1
5499,14000,1
5500,14002,1
5501,14005,1
5502,14007,1
5503,14010,1
5504,14012,1
5505,14015,1
5506,14017,1
5507,14020,1
5508,14022,1
5509,14025,1
5510,14027,1
5511,14030,1
5512,14032,1
5513,14035,1
5514,14037,1
5515,14040,1
5516,14042,1
5517,14045,1
5518,14047,1
5519,14050,1
5520,14052,1
5521,14055,1
5522,14057,1
5523,14060,1
5524,14062,1
5525,14065,1
5526,14067,1
5527,14070,1
5528,14072,1
5529,14075,1
5530,14077,1
5531,14080,1
5532,14082,1
5533,14085,1
5534,14087,1
5535,14090,1
5536,14092,1
5537,14095,1
5538,14097,1
5539,14100,1
5540,14102,1
5541,14105,1
5542,14107,1
5543,14109,1
5544,14112,1
5545,14114,1
5546,14117,1
5547,14119,1
5548,14122,1
5549,14124,1
5550,14127,1
5551,14129,1
5552,14132,1
5553,14134,1
5554,14137,1
5555,14139,1
5556,14142,1
5557,14144,1
5558,14147,1
5559,14149,1
5560,14152,1
5561,14154,1
5562,14157,1
5563,14159,1
5564,14162,1
5565,14164,1
5566,14167,1
5567,14169,1
5568,14172,1
5569,14174,1
5570,14177,1
5571,14179,1
5572,14182,1
5573,14184,1
5574,14187,1
5575,14189,1
5576,14192,1
5577,14194,1
5578,14197,1
5579,14199,1
5580,14202,1
5581,14204,1
5582,14207,1
5583,14209,1
5584,14212,1
5585,14214,1
5586,14217,1
5587,14219,1
5588,14222,1
5589,14224,1
5590,14227,1
5591,14229,1
5592,14231,1
5593,14234,1
5594,14236,1
5595,14239,1
5596,14241,1
5597,14244,1
5598,14246,1
5599,14249,1
5600,14251,1
5601,14254,1
5602,14256,1
5603,14259,1
5604,14261,1
5605,14264,1
5606,14266,1
5607,14269,1
5608,14271,1
5609,14274,1
5610,14276,1
5611,14279,1
5612,14281,1
5613,14284,1
5614,14286,1
5615,14289,1
5616,14291,1
5617,14294,1
5618,14296,1
5619,14299,1
5620,14301,1
5621,14304,1
5622,14306,1
5623,14309,1
5624,14311,1
5625,14314,1
5626,14316,1
5627,14319,1
5628,14321,1
5629,14324,1
5630,14326,1
5631,14329,1
5632,14331,1
5633,14334,1
5634,14336,1
5635,14339,1
5636,14341,1
5637,14344,1
5638,14346,1
5639,14349,1
5640,14351,1
5641,14354,1
5642,14356,1
5643,14358,1
5644,14361,1
5645,14363,1
5646,14366,1
5647,14368,1
5648,14371,1
5649,14373,1
5650,14376,1
5651,14378,1
5652,14381,1
5653,14383,1
5654,14386,1
5655,14388,1
5656,14391,1
5657,14393,1
5658,14396,1
5659,14398,1
5660,14401,1
5661,14403,1
5662,14406,1
5663,14408,1
5664,14411,1
5665,14413,1
5666,14416,1
5667,14418,1
5668,14421,1
5669,14423,1
5670,14426,1
5671,14428,1
5672,14431,1
5673,14433,1
5674,14436,1
5675,14438,1
5676,14441,1
5677,14443,1
5678,14446,1
5679,14448,1
5680,14451,1
5681,14453,1
5682,14456,1
5683,14458,1
5684,14461,1
5685,14463,1
5686,14466,1
5687,14468,1
5688,14471,1
5689,14473,1
5690,14476,1
5691,14478,1
5692,14480,1
5693,14483,1
5694,14485,1
5695,14488,1
5696,14490,1
5697,14493,1
5698,14495,1
5699,14498,1
5700,14500,1
5701,14503,1
5702,14505,1
5703,14508,1
5704,14510,1
5705,14513,1
5706,14515,1
5707,14518,1
5708,14520,1
5709,14523,1
5710,14525,1
5711,14528,1
5712,14530,1
5713,14533,1
5714,14535,1
5715,14538,1
5716,14540,1
5717,14543,1
5718,14545,1
5719,14548,1
5720,14550,1
5721,14553,1
5722,14555,1
5723,14558,1
5724,14560,1
5725,14563,1
5726,14565,1
5727,14568,1
5728,14570,1
5729,14573,1
5730,14575,1
5731,14578,1
5732,14580,1
5733,14583,1
5734,14585,1
5735,14588,1
5736,14590,1
5737,14593,1
5738,14595,1
5739,14598,1
5740,14600,1
5741,14603,1
5742,14605,1
5743,14607,1
5744,14610,1
5745,14612,1
5746,14615,1
5747,14617,1
5748,14620,1
5749,14622,1
5750,14625,1
5751,14627,1
5752,14630,1
5753,14632,1
5754,14635,1
5755,14637,1
5756,14640,1
5757,14642,1
5758,14645,1
5759,14647,1
5760,14650,1
5761,14652,1
5762,14655,1
5763,14657,1
5764,14660,1
5765,14662,1
5766,14665,1
5767,14667,1
5768,14670,1
5769,14672,1
5770,14675,1
5771,14677,1
5772,14680,1
5773,14682,1
5774,14685,1
5775,14687,1
5776,14690,1
5777,14692,1
5778,14695,1
5779,14697,1
5780,14700,1
5781,14702,1
5782,14705,1
5783,14707,1
5784,14710,1
5785,14712,1
5786,14715,1
5787,14717,1
5788,14720,1
5789,14722,1
5790,14725,1
5791,14727,1
5792,14729,1
5793,14732,1
5794,14734,1
5795,14737,1
5796,14739,1
5797,14742,1
5798,14744,1
5799,14747,1
5800,14749,1
5801,14752,1
5802,14754,1
5803,14757,1
5804,14759,1
5805,14762,1
5806,14764,1
5807,14767,1
5808,14769,1
5809,14772,1
5810,14774,1
5811,14777,1
5812,14779,1
5813,14782,1
5814,14784,1
5815,14787,1
5816,14789,1
5817,14792,1
5818,14794,1
5819,14797,1
5820,14799,1
5821,14802,1
5822,14804,1
5823,14807,1
5824,14809,1
5825,14812,1
5826,14814,1
5827,14817,1
5828,14819,1
5829,14822,1
5830,14824,1
5831,14827,1
5832,14829,1
5833,14832,1
5834,14834,1
5835,14837,1
5836,14839,1
5837,14842,1
5838,14844,1
5839,14847,1
5840,14849,1
5841,14852,1
5842,14854,1
5843,14856,1
5844,14859,1
5845,14861,1
5846,14864,1
5847,14866,1
5848,14869,1
5849,14871,1
5850,14874,1
5851,14876,1
5852,14879,1
5853,14881,1
5854,14884,1
5855,14886,1
5856,14889,1
5857,14891,1
5858,14894,1
5859,14896,1
5860,14899,1
5861,14901,1
5862,14904,1
5863,14906,1
5864,14909,1
5865,14911,1
5866,14914,1
5867,14916,1
5868,14919,1
5869,14921,1
5870,14924,1
5871,14926,1
5872,14929,1
5873,14931,1
5874,14934,1
5875,14936,1
5876,14939,1
5877,14941,1
5878,14944,1
5879,14946,1
5880,14949,1
5881,14951,1
5882,14954,1
5883,14956,1
5884,14959,1
5885,14961,1
5886,14964,1
5887,14966,1
5888,14969,1
5889,14971,1
5890,14974,1
5891,14976,1
5892,14978,1
5893,14981,1
5894,14983,1
5895,14986,1
5896,14988,1
5897,14991,1
5898,14993,1
5899,14996,1
5900,14998,1
5901,15001,1
5902,15003,1
5903,15006,1
5904,15008,1
5905,15011,1
5906,15013,1
5907,15016,1
5908,15018,1
5909,15021,1
5910,15023,1
5911,15026,1
5912,15028,1
5913,15031,1
5914,15033,1
5915,15036,1
5916,15038,1
5917,15041,1
5918,15043,1
5919,15046,1
5920,15048,1
5921,15051,1
5922,15053,1
5923,15056,1
5924,15058,1
5925,15061,1
5926,15063,1
5927,15066,1
5928,15068,1
5929,15071,1
5930,15073,1
5931,15076,1
5932,15078,1
5933,15081,1
5934,15083,1
5935,15086,1
5936,15088,1
5937,15091,1
5938,15093,1
5939,15096,1
5940,15098,1
5941,15101,1
5942,15103,1
5943,15105,1
5944,15108,1
5945,15110,1
5946,15113,1
5947,15115,1
5948,15118,1
5949,15120,1
5950,15123,1
5951,15125,1
5952,15128,1
5953,15130,1
5954,15133,1
5955,15135,1
5956,15138,1
5957,15140,1
5958,15143,1
5959,15145,1
5960,15148,1
5961,15150,1
5962,15153,1
5963,15155,1
5964,15158,1
5965,15160,1
5966,15163,1
5967,15165,1
5968,15168,1
5969,15170,1
5970,15173,1
5971,15175,1
5972,15178,1
5973,15180,1
5974,15183,1
5975,15185,1
5976,15188,1
5977,15190,1
5978,15193,1
5979,15195,1
5980,15198,1
5981,15200,1
5982,15203,1
5983,15205,1
5984,15208,1
5985,15210,1
5986,15213,1
5987,15215,1
5988,15218,1
5989,15220,1
5990,15223,1
5991,15225,1
5992,15227,1
5993,15230,1
5994,15232,1
5995,15235,1
5996,15237,1
5997,15240,1
5998,15242,1
5999,15245,1
6000,15247,1
6001,15250,1
6002,15252,1
6003,15255,1
6004,15257,1
6005,15260,1
6006,15262,1
6007,15265,1
6008,15267,1
6009,15270,1
6010,15272,1
6011,15275,1
6012,15277,1
6013,15280,1
6014,15282,1
6015,15285,1
6016,15287,1
6017,15290,1
6018,15292,1
6019,15295,1
6020,15297,1
6021,15300,1
6022,15302,1
6023,15305,1
6024,15307,1
6025,15310,1
6026,15312,1
6027,15315,1
6028,15317,1
6029,15320,1
6030,15322,1
6031,15325,1
6032,15327,1
6033,15330,1
6034,15332,1
6035,15335,1
6036,15337,1
6037,15340,1
6038,15342,1
6039,15345,1
6040,15347,1
6041,15350,1
6042,15352,1
6043,15354,1
6044,15357,1
6045,15359,1
6046,15362,1
6047,15364,1
6048,15367,1
6049,15369,1
6050,15372,1
6051,15374,1
6052,15377,1
6053,15379,1
6054,15382,1
6055,15384,1
6056,15387,1
6057,15389,1
6058,15392,1
6059,15394,1
6060,15397,1
6061,15399,1
6062,15402,1
6063,15404,1
6064,15407,1
6065,15409,1
6066,15412,1
6067,15414,1
6068,15417,1
6069,15419,1
6070,15422,1
6071,15424,1
6072,15427,1
6073,15429,1
6074,15432,1
6075,15434,1
6076,15437,1
6077,15439,1
6078,15442,1
6079,15444,1
6080,15447,1
6081,15449,1
6082,15452,1
6083,15454,1
6084,15457,1
6085,15459,1
6086,15462,1
6087,15464,1
6088,15467,1
6089,15469,1
6090,15472,1
6091,15474,1
6092,15476,1
6093,15479,1
6094,15481,1
6095,15484,1
6096,15486,1
6097,15489,1
6098,15491,1
6099,15494,1
6100,15496,1
6101,15499,1
6102,15501,1
6103,15504,1
6104,15506,1
6105,15509,1
6106,15511,1
6107,15514,1
6108,15516,1
6109,15519,1
6110,15521,1
6111,15524,1
6112,15526,1
6113,15529,1
6114,15531,1
6115,15534,1
6116,15536,1
6117,15539,1
6118,15541,1
6119,15544,1
6120,15546,1
6121,15549,1
6122,15551,1
6123,15554,1
6124,15556,1
6125,15559,1
6126,15561,1
6127,15564,1
6128,15566,1
6129,15569,1
6130,15571,1
6131,15574,1
6132,15576,1
6133,15579,1
6134,15581,1
6135,15584,1
6136,15586,1
6137,15589,1
6138,15591,1
6139,15594,1
6140,15596,1
6141,15599,1
6142,15601,1
6143,15603,1
6144,15606,1
6145,15608,1
6146,15611,1
6147,15613,1
6148,15616,1
6149,15618,1
6150,15621,1
6151,15623,1
6152,15626,1
6153,15628,1
6154,15631,1
6155,15633,1
6156,15636,1
6157,15638,1
6158,15641,1
6159,15643,1
6160,15646,1
6161,15648,1
6162,15651,1
6163,15653,1
6164,15656,1
6165,15658,1
6166,15661,1
6167,15663,1
6168,15666,1
6169,15668,1
6170,15671,1
6171,15673,1
6172,15676,1
6173,15678,1
6174,15681,1
6175,15683,1
6176,15686,1
6177,15688,1
6178,15691,1
6179,15693,1
6180,15696,1
6181,15698,1
6182,15701,1
6183,15703,1
6184,15706,1
6185,15708,1
6186,15711,1
6187,15713,1
6188,15716,1
6189,15718,1
6190,15721,1
6191,15723,1
6192,15725,1
6193,15728,1
6194,15730,1
6195,15733,1
6196,15735,1
6197,15738,1
6198,15740,1
6199,15743,1
6200,15745,1
6201,15748,1
6202,15750,1
6203,15753,1
6204,15755,1
6205,15758,1
6206,15760,1
6207,15763,1
6208,15765,1
6209,15768,1
6210,15770,1
6211,15773,1
6212,15775,1
6213,15778,1
6214,15780,1
6215,15783,1
6216,15785,1
6217,15788,1
6218,15790,1
6219,15793,1
6220,15795,1
6221,15798,1
6222,15800,1
6223,15803,1
6224,15805,1
6225,15808,1
6226,15810,1
6227,15813,1
6228,15815,1
6229,15818,1
6230,15820,1
6231,15823,1
6232,15825,1
6233,15828,1
6234,15830,1
6235,15833,1
6236,15835,1
6237,15838,1
6238,15840,1
6239,15843,1
6240,15845,1
6241,15848,1
6242,15850,1
6243,15852,1
6244,15855,1
6245,15857,1
6246,15860,1
6247,15862,1
6248,15865,1
6249,15867,1
6250,15870,1
6251,15872,1
6252,15875,1
6253,15877,1
6254,15880,1
6255,15882,1
6256,15885,1
6257,15887,1
6258,15890,1
6259,15892,1
6260,15895,1
6261,15897,1
6262,15900,1
6263,15902,1
6264,15905,1
6265,15907,1
6266,15910,1
6267,15912,1
6268,15915,1
6269,15917,1
6270,15920,1
6271,15922,1
6272,15925,1
6273,15927,1
6274,15930,1
6275,15932,1
6276,15935,1
6277,15937,1
6278,15940,1
6279,15942,1
6280,15945,1
6281,15947,1
6282,15950,1
6283,15952,1
6284,15955,1
6285,15957,1
6286,15960,1
6287,15962,1
6288,15965,1
6289,15967,1
6290,15970,1
6291,15972,1
6292,15974,1
6293,15977,1
6294,15979,1
6295,15982,1
6296,15984,1
6297,15987,1
6298,15989,1
6299,15992,1
6300,15994,1
6301,15997,1
6302,15999,1
6303,16002,1
6304,16004,1
6305,16007,1
6306,16009,1
6307,16012,1
6308,16014,1
6309,16017,1
6310,16019,1
6311,16022,1
6312,16024,1
6313,16027,1
6314,16029,1
6315,16032,1
6316,16034,1
6317,16037,1
6318,16039,1
6319,16042,1
6320,16044,1
6321,16047,1
6322,16049,1
6323,16052,1
6324,16054,1
6325,16057,1
6326,16059,1
6327,16062,1
6328,16064,1
6329,16067,1
6330,16069,1
6331,16072,1
6332,16074,1
6333,16077,1
6334,16079,1
6335,16082,1
6336,16084,1
6337,16087,1
6338,16089,1
6339,16092,1
6340,16094,1
6341,16097,1
6342,16099,1
6343,16101,1
6344,16104,1
6345,16106,1
6346,16109,1
6347,16111,1
6348,16114,1
6349,16116,1
6350,16119,1
6351,16121,1
6352,16124,1
6353,16126,1
6354,16129,1
6355,16131,1
6356,16134,1
6357,16136,1
6358,16139,1
6359,16141,1
6360,16144,1
6361,16146,1
6362,16149,1
6363,16151,1
6364,16154,1
6365,16156,1
6366,16159,1
6367,16161,1
6368,16164,1
6369,16166,1
6370,16169,1
6371,16171,1
6372,16174,1
6373,16176,1
6374,16179,1
6375,16181,1
6376,16184,1
6377,16186,1
6378,16189,1
6379,16191,1
6380,16194,1
6381,16196,1
6382,16199,1
6383,16201,1
6384,16204,1
6385,16206,1
6386,16209,1
6387,16211,1
6388,16214,1
6389,16216,1
6390,16219,1
6391,16221,1
6392,16223,1
6393,16226,1
6394,16228,1
6395,16231,1
6396,16233,1
6397,16236,1
6398,16238,1
6399,16241,1
6400,16243,1
6401,16246,1
6402,16248,1
6403,16251,1
6404,16253,1
6405,16256,1
6406,16258,1
6407,16261,1
6408,16263,1
6409,16266,1
6410,16268,1
6411,16271,1
6412,16273,1
6413,16276,1
6414,16278,1
6415,16281,1
6416,16283,1
6417,16286,1
6418,16288,1
6419,16291,1
6420,16293,1
6421,16296,1
6422,16298,1
6423,16301,1
6424,16303,1
6425,16306,1
6426,16308,1
6427,16311,1
6428,16313,1
6429,16316,1
6430,16318,1
6431,16321,1
6432,16323,1
6433,16326,1
6434,16328,1
6435,16331,1
6436,16333,1
6437,16336,1
6438,16338,1
6439,16341,1
6440,16343,1
6441,16346,1
6442,16348,1
6443,16350,1
6444,16353,1
6445,16355,1
6446,16358,1
6447,16360,1
6448,16363,1
6449,16365,1
6450,16368,1
6451,16370,1
6452,16373,1
6453,16375,1
6454,16378,1
6455,16380,1
6456,16383,1
6457,16385,1
6458,16388,1
6459,16390,1
6460,16393,1
6461,16395,1
6462,16398,1
6463,16400,1
6464,16403,1
6465,16405,1
6466,16408,1
6467,16410,1
6468,16413,1
6469,16415,1
6470,16418,1
6471,16420,1
6472,16423,1
6473,16425,1
6474,16428,1
6475,16430,1
6476,16433,1
6477,16435,1
6478,16438,1
6479,16440,1
6480,16443,1
6481,16445,1
6482,16448,1
6483,16450,1
6484,16453,1
6485,16455,1
6486,16458,1
6487,16460,1
6488,16463,1
6489,16465,1
6490,16468,1
6491,16470,1
6492,16472,1
6493,16475,1
6494,16477,1
6495,16480,1
6496,16482,1
6497,16485,1
6498,16487,1
6499,16490,1
6500,16492,1
6501,16495,1
6502,16497,1
6503,16500,1
6504,16502,1
6505,16505,1
6506,16507,1
6507,16510,1
6508,16512,1
6509,16515,1
6510,16517,1
6511,16520,1
6512,16522,1
6513,16525,1
6514,16527,1
6515,16530,1
6516,16532,1
6517,16535,1
6518,16537,1
6519,16540,1
6520,16542,1
6521,16545,1
6522,16547,1
6523,16550,1
6524,16552,1
6525,16555,1
6526,16557,1
6527,16560,1
6528,16562,1
6529,16565,1
6530,16567,1
6531,16570,1
6532,16572,1
6533,16575,1
6534,16577,1
6535,16580,1
6536,16582,1
6537,16585,1
6538,16587,1
6539,16590,1
6540,16592,1
6541,16595,1
6542,16597,1
6543,16599,1
6544,16602,1
6545,16604,1
6546,16607,1
6547,16609,1
6548,16612,1
6549,16614,1
6550,16617,1
6551,16619,1
6552,16622,1
6553,16624,1
6554,16627,1
6555,16629,1
6556,16632,1
6557,16634,1
6558,16637,1
6559,16639,1
6560,16642,1
6561,16644,1
6562,16647,1
6563,16649,1
6564,16652,1
6565,16654,1
6566,16657,1
6567,16659,1
6568,16662,1
6569,16664,1
6570,16667,1
6571,16669,1
6572,16672,1
6573,16674,1
6574,16677,1
6575,16679,1
6576,16682,1
6577,16684,1
6578,16687,1
6579,16689,1
6580,16692,1
6581,16694,1
6582,16697,1
6583,16699,1
6584,16702,1
6585,16704,1
6586,16707,1
6587,16709,1
6588,16712,1
6589,16714,1
6590,16717,1
6591,16719,1
6592,16721,1
6593,16724,1
6594,16726,1
6595,16729,1
6596,16731,1
6597,16734,1
6598,16736,1
6599,16739,1
6600,16741,1
6601,16744,1
6602,16746,1
6603,16749,1
6604,16751,1
6605,16754,1
6606,16756,1
6607,16759,1
6608,16761,1
6609,16764,1
6610,16766,1
6611,16769,1
6612,16771,1
6613,16774,1
6614,16776,1
6615,16779,1
6616,16781,1
6617,16784,1
6618,16786,1
6619,16789,1
6620,16791,1
6621,16794,1
6622,16796,1
6623,16799,1
6624,16801,1
6625,16804,1
6626,16806,1
6627,16809,1
6628,16811,1
6629,16814,1
6630,16816,1
6631,16819,1
6632,16821,1
6633,16824,1
6634,16826,1
6635,16829,1
6636,16831,1
6637,16834,1
6638,16836,1
6639,16839,1
6640,16841,1
6641,16844,1
6642,16846,1
6643,16848,1
6644,16851,1
6645,16853,1
6646,16856,1
6647,16858,1
6648,16861,1
6649,16863,1
6650,16866,1
6651,16868,1
6652,16871,1
6653,16873,1
6654,16876,1
6655,16878,1
6656,16881,1
6657,16883,1
6658,16886,1
6659,16888,1
6660,16891,1
6661,16893,1
6662,16896,1
6663,16898,1
6664,16901,1
6665,16903,1
6666,16906,1
6667,16908,1
6668,16911,1
6669,16913,1
6670,16916,1
6671,16918,1
6672,16921,1
6673,16923,1
6674,16926,1
6675,16928,1
6676,16931,1
6677,16933,1
6678,16936,1
6679,16938,1
6680,16941,1
6681,16943,1
6682,16946,1
6683,16948,1
6684,16951,1
6685,16953,1
6686,16956,1
6687,16958,1
6688,16961,1
6689,16963,1
6690,16966,1
6691,16968,1
6692,16970,1
6693,16973,1
6694,16975,1
6695,16978,1
6696,16980,1
6697,16983,1
6698,16985,1
6699,16988,1
6700,16990,1
6701,16993,1
6702,16995,1
6703,16998,1
6704,17000,1
6705,17003,1
6706,17005,1
6707,17008,1
6708,17010,1
6709,17013,1
6710,17015,1
6711,17018,1
6712,17020,1
6713,17023,1
6714,17025,1
6715,17028,1
6716,17030,1
6717,17033,1
6718,17035,1
6719,17038,1
6720,17040,1
6721,17043,1
6722,17045,1
6723,17048,1
6724,17050,1
6725,17053,1
6726,17055,1
6727,17058,1
6728,17060,1
6729,17063,1
6730,17065,1
6731,17068,1
6732,17070,1
6733,17073,1
6734,17075,1
6735,17078,1
6736,17080,1
6737,17083,1
6738,17085,1
6739,17088,1
6740,17090,1
6741,17093,1
6742,17095,1
6743,17097,1
6744,17100,1
6745,17102,1
6746,17105,1
6747,17107,1
6748,17110,1
6749,17112,1
6750,17115,1
6751,17117,1
6752,17120,1
6753,17122,1
6754,17125,1
6755,17127,1
6756,17130,1
6757,17132,1
6758,17135,1
6759,17137,1
6760,17140,1
6761,17142,1
6762,17145,1
6763,17147,1
6764,17150,1
6765,17152,1
6766,17155,1
6767,17157,1
6768,17160,1
6769,17162,1
6770,17165,1
6771,17167,1
6772,17170,1
6773,17172,1
6774,17175,1
6775,17177,1
6776,17180,1
6777,17182,1
6778,17185,1
6779,17187,1
6780,17190,1
6781,17192,1
6782,17195,1
6783,17197,1
6784,17200,1
6785,17202,1
6786,17205,1
6787,17207,1
6788,17210,1
6789,17212,1
6790,17215,1
6791,17217,1
6792,17219,1
6793,17222,1
6794,17224,1
6795,17227,1
6796,17229,1
6797,17232,1
6798,17234,1
6799,17237,1
6800,17239,1
6801,17242,1
6802,17244,1
6803,17247,1
6804,17249,1
6805,17252,1
6806,17254,1
6807,17257,1
6808,17259,1
6809,17262,1
6810,17264,1
6811,17267,1
6812,17269,1
6813,17272,1
6814,17274,1
6815,17277,1
6816,17279,1
6817,17282,1
6818,17284,1
6819,17287,1
6820,17289,1
6821,17292,1
6822,17294,1
6823,17297,1
6824,17299,1
6825,17302,1
6826,17304,1
6827,17307,1
6828,17309,1
6829,17312,1
6830,17314,1
6831,17317,1
6832,17319,1
6833,17322,1
6834,17324,1
6835,17327,1
6836,17329,1
6837,17332,1
6838,17334,1
6839,17337,1
6840,17339,1
6841,17342,1
6842,17344,1
6843,17346,1
6844,17349,1
6845,17351,1
6846,17354,1
6847,17356,1
6848,17359,1
6849,17361,1
6850,17364,1
6851,17366,1
6852,17369,1
6853,17371,1
6854,17374,1
6855,17376,1
6856,17379,1
6857,17381,1
6858,17384,1
6859,17386,1
6860,17389,1
6861,17391,1
6862,17394,1
6863,17396,1
6864,17399,1
6865,17401,1
6866,17404,1
6867,17406,1
6868,17409,1
6869,17411,1
6870,17414,1
6871,17416,1
6872,17419,1
6873,17421,1
6874,17424,1
6875,17426,1
6876,17429,1
6877,17431,1
6878,17434,1
6879,17436,1
6880,17439,1
6881,17441,1
6882,17444,1
6883,17446,1
6884,17449,1
6885,17451,1
6886,17454,1
6887,17456,1
6888,17459,1
6889,17461,1
6890,17464,1
6891,17466,1
6892,17468,1
6893,17471,1
6894,17473,1
6895,17476,1
6896,17478,1
6897,17481,1
6898,17483,1
6899,17486,1
6900,17488,1
6901,17491,1
6902,17493,1
6903,17496,1
6904,17498,1
6905,17501,1
6906,17503,1
6907,17506,1
6908,17508,1
6909,17511,1
6910,17513,1
6911,17516,1
6912,17518,1
6913,17521,1
6914,17523,1
6915,17526,1
6916,17528,1
6917,17531,1
6918,17533,1
6919,17536,1
6920,17538,1
6921,17541,1
6922,17543,1
6923,17546,1
6924,17548,1
6925,17551,1
6926,17553,1
6927,17556,1
6928,17558,1
6929,17561,1
6930,17563,1
6931,17566,1
6932,17568,1
6933,17571,1
6934,17573,1
6935,17576,1
6936,17578,1
6937,17581,1
6938,17583,1
6939,17586,1
6940,17588,1
6941,17591,1
6942,17593,1
6943,17595,1
6944,17598,1
6945,17600,1
6946,17603,1
6947,17605,1
6948,17608,1
6949,17610,1
6950,17613,1
6951,17615,1
6952,17618,1
6953,17620,1
6954,17623,1
6955,17625,1
6956,17628,1
6957,17630,1
6958,17633,1
6959,17635,1
6960,17638,1
6961,17640,1
6962,17643,1
6963,17645,1
6964,17648,1
6965,17650,1
6966,17653,1
6967,17655,1
6968,17658,1
6969,17660,1
6970,17663,1
6971,17665,1
6972,17668,1
6973,17670,1
6974,17673,1
6975,17675,1
6976,17678,1
6977,17680,1
6978,17683,1
6979,17685,1
6980,17688,1
6981,17690,1
6982,17693,1
6983,17695,1
6984,17698,1
6985,17700,1
6986,17703,1
6987,17705,1
6988,17708,1
6989,17710,1
6990,17713,1
6991,17715,1
6992,17717,1
6993,17720,1
6994,17722,1
6995,17725,1
6996,17727,1
6997,17730,1
6998,17732,1
6999,17735,1
7000,17737,1
7001,17740,1
7002,17742,1
7003,17745,1
7004,17747,1
7005,17750,1
7006,17752,1
7007,17755,1
7008,17757,1
7009,17760,1
7010,17762,1
7011,17765,1
7012,17767,1
7013,17770,1
7014,17772,1
7015,17775,1
7016,17777,1
7017,17780,1
7018,17782,1
7019,17785,1
7020,17787,1
7021,17790,1
7022,17792,1
7023,17795,1
7024,17797,1
7025,17800,1
7026,17802,1
7027,17805,1
7028,17807,1
7029,17810,1
7030,17812,1
7031,17815,1
7032,17817,1
7033,17820,1
7034,17822,1
7035,17825,1
7036,17827,1
7037,17830,1
7038,17832,1
7039,17835,1
7040,17837,1
7041,17840,1
7042,17842,1
7043,17844,1
7044,17847,1
7045,17849,1
7046,17852,1
7047,17854,1
7048,17857,1
7049,17859,1
7050,17862,1
7051,17864,1
7052,17867,1
7053,17869,1
7054,17872,1
7055,17874,1
7056,17877,1
7057,17879,1
7058,17882,1
7059,17884,1
7060,17887,1
7061,17889,1
7062,17892,1
7063,17894,1
7064,17897,1
7065,17899,1
7066,17902,1
7067,17904,1
7068,17907,1
7069,17909,1
7070,17912,1
7071,17914,1
7072,17917,1
7073,17919,1
7074,17922,1
7075,17924,1
7076,17927,1
7077,17929,1
7078,17932,1
7079,17934,1
7080,17937,1
7081,17939,1
7082,17942,1
7083,17944,1
7084,17947,1
7085,17949,1
7086,17952,1
7087,17954,1
7088,17957,1
7089,17959,1
7090,17962,1
7091,17964,1
7092,17966,1
7093,17969,1
7094,17971,1
7095,17974,1
7096,17976,1
7097,17979,1
7098,17981,1
7099,17984,1
7100,17986,1
7101,17989,1
7102,17991,1
7103,17994,1
7104,17996,1
7105,17999,1
7106,18001,1
7107,18004,1
7108,18006,1
7109,18009,1
7110,18011,1
7111,18014,1
7112,18016,1
7113,18019,1
7114,18021,1
7115,18024,1
7116,18026,1
7117,18029,1
7118,18031,1
7119,18034,1
7120,18036,1
7121,18039,1
7122,18041,1
7123,18044,1
7124,18046,1
7125,18049,1
7126,18051,1
7127,18054,1
7128,18056,1
7129,18059,1
7130,18061,1
7131,18064,1
7132,18066,1
7133,18069,1
7134,18071,1
7135,18074,1
7136,18076,1
7137,18079,1
7138,18081,1
7139,18084,1
7140,18086,1
7141,18089,1
7142,18091,1
7143,18093,1
7144,18096,1
7145,18098,1
7146,18101,1
7147,18103,1
7148,18106,1
7149,18108,1
7150,18111,1
7151,18113,1
7152,18116,1
7153,18118,1
7154,18121,1
7155,18123,1
7156,18126,1
7157,18128,1
7158,18131,1
7159,18133,1
7160,18136,1
7161,18138,1
7162,18141,1
7163,18143,1
7164,18146,1
7165,18148,1
7166,18151,1
7167,18153,1
7168,18156,1
7169,18158,1
7170,18161,1
7171,18163,1
7172,18166,1
7173,18168,1
7174,18171,1
7175,18173,1
7176,18176,1
7177,18178,1
7178,18181,1
7179,18183,1
7180,18186,1
